customer_id,customer_age_group,customer_gender,is_rewards_member
CUST_00001,35-44,Male,True
CUST_00002,25-34,Male,True
CUST_00003,35-44,Female,True
CUST_00004,45-54,Male,True
CUST_00005,25-34,Male,False
CUST_00007,18-24,Male,True
CUST_00008,35-44,Female,True
CUST_00009,25-34,Female,True
CUST_00010,45-54,Male,True
CUST_00011,45-54,Female,False
CUST_00012,25-34,Male,True
CUST_00013,55+,Male,True
CUST_00014,18-24,Male,True
CUST_00015,45-54,Female,True
CUST_00016,45-54,Female,True
CUST_00017,35-44,"Prefer not to say",True
CUST_00018,25-34,Female,True
CUST_00019,45-54,Female,True
CUST_00020,45-54,Female,True
CUST_00021,35-44,Male,True
CUST_00022,25-34,Male,True
CUST_00023,18-24,Male,True
CUST_00024,18-24,Male,True
CUST_00025,35-44,Male,True
CUST_00026,25-34,Male,True
CUST_00027,25-34,Non-binary,True
CUST_00028,35-44,Female,True
CUST_00029,18-24,Female,True
CUST_00030,18-24,Male,True
CUST_00031,55+,Female,True
CUST_00032,35-44,Female,True
CUST_00033,45-54,Female,True
CUST_00034,25-34,Male,True
CUST_00035,25-34,Male,True
CUST_00036,25-34,Non-binary,True
CUST_00037,45-54,Male,True
CUST_00038,35-44,Male,True
CUST_00039,55+,Female,True
CUST_00040,25-34,Male,False
CUST_00041,35-44,Male,True
CUST_00042,35-44,Female,True
CUST_00043,25-34,Male,True
CUST_00044,55+,Female,True
CUST_00045,18-24,Male,True
CUST_00046,18-24,Female,True
CUST_00047,45-54,Male,True
CUST_00048,18-24,Male,True
CUST_00049,55+,Female,True
CUST_00050,55+,Female,True
CUST_00051,18-24,Female,True
CUST_00052,35-44,Female,True
CUST_00053,25-34,Female,True
CUST_00054,18-24,Male,True
CUST_00055,25-34,"Prefer not to say",True
CUST_00056,45-54,Male,True
CUST_00057,35-44,Male,False
CUST_00058,55+,Female,True
CUST_00059,25-34,Female,True
CUST_00060,35-44,Male,True
CUST_00061,45-54,Female,True
CUST_00062,45-54,Female,True
CUST_00063,18-24,Male,True
CUST_00064,18-24,Non-binary,True
CUST_00065,45-54,Female,True
CUST_00066,25-34,Male,True
CUST_00067,45-54,Non-binary,True
CUST_00068,18-24,Female,True
CUST_00069,18-24,Female,True
CUST_00070,45-54,Male,True
CUST_00071,25-34,Female,True
CUST_00072,25-34,Female,True
CUST_00073,25-34,Male,True
CUST_00074,35-44,Female,True
CUST_00075,25-34,Male,True
CUST_00076,55+,Female,True
CUST_00077,25-34,Female,True
CUST_00078,18-24,Male,True
CUST_00079,25-34,Female,True
CUST_00080,25-34,Male,True
CUST_00081,18-24,Female,True
CUST_00082,25-34,Non-binary,True
CUST_00083,45-54,Male,True
CUST_00084,25-34,Female,True
CUST_00085,25-34,Male,True
CUST_00086,55+,Female,True
CUST_00087,25-34,Female,True
CUST_00088,45-54,Male,True
CUST_00089,18-24,Male,True
CUST_00090,25-34,Female,True
CUST_00091,35-44,Female,True
CUST_00092,55+,Male,True
CUST_00093,25-34,Male,True
CUST_00094,45-54,Male,True
CUST_00095,18-24,Male,True
CUST_00096,25-34,Male,True
CUST_00097,25-34,Non-binary,True
CUST_00098,25-34,Female,True
CUST_00099,35-44,Male,True
CUST_00100,55+,Female,True
CUST_00101,55+,Non-binary,True
CUST_00102,45-54,Male,True
CUST_00103,25-34,Male,True
CUST_00104,25-34,Male,True
CUST_00105,25-34,"Prefer not to say",True
CUST_00106,25-34,Female,True
CUST_00107,25-34,Male,True
CUST_00108,55+,"Prefer not to say",True
CUST_00109,35-44,Female,True
CUST_00110,18-24,Male,True
CUST_00111,55+,Female,True
CUST_00112,35-44,Female,True
CUST_00113,18-24,Female,True
CUST_00114,35-44,Female,True
CUST_00115,18-24,"Prefer not to say",True
CUST_00116,18-24,Male,True
CUST_00117,35-44,Female,True
CUST_00118,25-34,Male,True
CUST_00119,45-54,Male,True
CUST_00120,35-44,Female,True
CUST_00121,25-34,Female,True
CUST_00122,35-44,Non-binary,True
CUST_00123,25-34,Female,True
CUST_00124,25-34,Male,True
CUST_00125,35-44,Male,True
CUST_00126,25-34,Female,True
CUST_00127,18-24,Female,True
CUST_00128,55+,"Prefer not to say",True
CUST_00129,18-24,Male,True
CUST_00130,25-34,Non-binary,True
CUST_00131,45-54,Female,True
CUST_00132,25-34,Male,False
CUST_00133,45-54,Female,True
CUST_00134,35-44,"Prefer not to say",True
CUST_00135,35-44,Male,True
CUST_00136,45-54,Male,True
CUST_00137,35-44,Non-binary,True
CUST_00138,18-24,Male,True
CUST_00139,18-24,Female,True
CUST_00140,25-34,Female,True
CUST_00141,35-44,Male,True
CUST_00142,35-44,Male,True
CUST_00143,25-34,Non-binary,True
CUST_00144,45-54,Male,True
CUST_00145,25-34,Male,True
CUST_00146,18-24,Female,True
CUST_00147,35-44,Male,True
CUST_00148,35-44,Female,True
CUST_00149,25-34,Male,True
CUST_00150,18-24,Female,False
CUST_00151,55+,Female,True
CUST_00152,45-54,Female,True
CUST_00153,18-24,Male,True
CUST_00154,25-34,Female,True
CUST_00155,45-54,Female,True
CUST_00156,45-54,Male,True
CUST_00157,25-34,Male,True
CUST_00158,45-54,Female,True
CUST_00159,25-34,Female,True
CUST_00160,18-24,Non-binary,True
CUST_00161,45-54,"Prefer not to say",True
CUST_00162,45-54,Female,True
CUST_00163,18-24,Female,True
CUST_00164,25-34,Non-binary,True
CUST_00165,45-54,Female,True
CUST_00166,45-54,Male,True
CUST_00167,45-54,Male,True
CUST_00168,45-54,Female,True
CUST_00169,25-34,Female,True
CUST_00170,25-34,Male,True
CUST_00171,45-54,Male,True
CUST_00172,18-24,Male,True
CUST_00173,25-34,Female,True
CUST_00174,55+,Male,True
CUST_00175,35-44,Male,True
CUST_00176,55+,Female,True
CUST_00177,55+,Male,True
CUST_00178,55+,Male,True
CUST_00179,55+,Male,True
CUST_00180,18-24,Male,True
CUST_00181,35-44,Male,False
CUST_00182,35-44,Female,True
CUST_00183,25-34,Female,True
CUST_00184,25-34,Female,True
CUST_00185,18-24,Non-binary,True
CUST_00186,35-44,Female,True
CUST_00187,35-44,Female,True
CUST_00188,25-34,Male,True
CUST_00189,35-44,Male,True
CUST_00190,25-34,Female,True
CUST_00191,35-44,Male,True
CUST_00192,25-34,Male,True
CUST_00193,25-34,Male,True
CUST_00194,18-24,Male,True
CUST_00195,55+,Female,True
CUST_00196,55+,Female,True
CUST_00197,25-34,Female,True
CUST_00198,18-24,Male,True
CUST_00199,25-34,Female,True
CUST_00200,35-44,Female,True
CUST_00201,25-34,Male,True
CUST_00202,25-34,Non-binary,True
CUST_00203,45-54,Male,True
CUST_00204,18-24,Female,True
CUST_00205,35-44,Male,False
CUST_00206,45-54,Female,True
CUST_00207,35-44,Male,True
CUST_00208,18-24,Male,True
CUST_00209,25-34,Female,True
CUST_00210,45-54,Male,True
CUST_00211,25-34,Female,True
CUST_00212,18-24,Female,True
CUST_00213,25-34,Male,True
CUST_00214,35-44,Male,True
CUST_00215,45-54,Female,True
CUST_00216,18-24,Male,True
CUST_00217,18-24,"Prefer not to say",True
CUST_00218,35-44,Male,True
CUST_00219,25-34,Female,True
CUST_00220,25-34,Female,True
CUST_00221,35-44,"Prefer not to say",True
CUST_00222,35-44,"Prefer not to say",True
CUST_00223,45-54,Female,True
CUST_00224,35-44,Female,True
CUST_00225,45-54,Female,True
CUST_00226,45-54,Female,True
CUST_00227,25-34,Male,True
CUST_00228,25-34,Female,True
CUST_00229,45-54,Female,True
CUST_00230,35-44,Male,True
CUST_00231,18-24,Male,True
CUST_00232,25-34,Male,True
CUST_00233,35-44,Male,True
CUST_00234,25-34,Female,True
CUST_00235,35-44,Male,True
CUST_00236,25-34,Female,True
CUST_00237,25-34,Male,True
CUST_00238,25-34,Non-binary,True
CUST_00239,35-44,Female,True
CUST_00240,45-54,Female,True
CUST_00241,25-34,Male,True
CUST_00242,25-34,Female,True
CUST_00243,45-54,"Prefer not to say",True
CUST_00244,25-34,Female,True
CUST_00245,35-44,Female,True
CUST_00246,25-34,Male,True
CUST_00247,25-34,Male,True
CUST_00248,25-34,Female,True
CUST_00249,25-34,Male,True
CUST_00250,25-34,Male,True
CUST_00251,35-44,Male,True
CUST_00252,25-34,Female,True
CUST_00253,18-24,Female,True
CUST_00254,18-24,Female,True
CUST_00255,18-24,Male,True
CUST_00256,25-34,Male,True
CUST_00257,45-54,Male,True
CUST_00258,45-54,Female,True
CUST_00259,25-34,Male,True
CUST_00260,18-24,Female,True
CUST_00261,55+,Male,True
CUST_00262,35-44,Female,True
CUST_00263,35-44,Female,True
CUST_00264,55+,Male,False
CUST_00265,18-24,Male,True
CUST_00266,18-24,Female,True
CUST_00267,35-44,Male,True
CUST_00268,35-44,Female,True
CUST_00269,18-24,Female,True
CUST_00270,35-44,Male,True
CUST_00271,45-54,"Prefer not to say",True
CUST_00272,18-24,Male,True
CUST_00273,25-34,Female,True
CUST_00274,55+,Male,False
CUST_00275,35-44,Male,False
CUST_00276,35-44,Female,True
CUST_00277,18-24,Female,True
CUST_00278,45-54,Female,True
CUST_00279,18-24,"Prefer not to say",True
CUST_00280,45-54,Male,True
CUST_00281,25-34,Male,True
CUST_00282,35-44,Male,True
CUST_00283,45-54,Female,True
CUST_00284,18-24,"Prefer not to say",True
CUST_00285,35-44,Female,True
CUST_00286,35-44,Male,True
CUST_00287,35-44,"Prefer not to say",False
CUST_00288,25-34,Female,True
CUST_00289,35-44,Female,True
CUST_00290,25-34,Female,True
CUST_00291,25-34,Female,True
CUST_00292,45-54,Male,True
CUST_00293,45-54,Male,True
CUST_00294,25-34,Female,True
CUST_00295,25-34,Male,True
CUST_00296,45-54,Male,True
CUST_00297,25-34,Female,True
CUST_00298,25-34,Female,True
CUST_00299,35-44,Male,True
CUST_00300,18-24,Non-binary,True
CUST_00301,18-24,Female,True
CUST_00302,25-34,Female,True
CUST_00303,35-44,Female,True
CUST_00304,25-34,Female,True
CUST_00305,18-24,Male,True
CUST_00306,35-44,Male,True
CUST_00307,35-44,Female,True
CUST_00308,35-44,Male,True
CUST_00309,35-44,Male,True
CUST_00310,35-44,Male,True
CUST_00311,25-34,Male,True
CUST_00312,18-24,Male,True
CUST_00313,35-44,Female,True
CUST_00314,18-24,Male,True
CUST_00315,25-34,Female,True
CUST_00316,55+,Female,True
CUST_00317,25-34,Male,True
CUST_00318,18-24,Male,True
CUST_00319,18-24,Male,True
CUST_00320,35-44,Male,True
CUST_00321,55+,Female,True
CUST_00322,35-44,Male,True
CUST_00323,45-54,Female,True
CUST_00324,45-54,Female,True
CUST_00325,25-34,Male,True
CUST_00326,18-24,Male,True
CUST_00327,55+,Female,True
CUST_00328,45-54,Male,True
CUST_00329,18-24,Female,True
CUST_00330,18-24,Male,True
CUST_00331,35-44,Male,True
CUST_00332,55+,Male,True
CUST_00333,45-54,Female,True
CUST_00334,45-54,Male,True
CUST_00335,35-44,Female,True
CUST_00336,25-34,Female,True
CUST_00337,55+,Male,True
CUST_00338,35-44,Female,True
CUST_00339,35-44,Non-binary,True
CUST_00340,25-34,Male,True
CUST_00341,35-44,Male,True
CUST_00342,18-24,Male,True
CUST_00343,18-24,Female,True
CUST_00344,35-44,Male,True
CUST_00345,25-34,Female,True
CUST_00346,35-44,Female,True
CUST_00347,35-44,Non-binary,True
CUST_00348,45-54,Female,True
CUST_00349,35-44,Non-binary,True
CUST_00350,25-34,Female,True
CUST_00351,35-44,Non-binary,False
CUST_00352,45-54,Male,True
CUST_00353,18-24,Male,True
CUST_00354,35-44,Female,True
CUST_00355,25-34,Male,True
CUST_00356,35-44,Female,False
CUST_00357,55+,Female,True
CUST_00358,25-34,Male,True
CUST_00359,18-24,Male,True
CUST_00360,25-34,Male,True
CUST_00361,18-24,"Prefer not to say",True
CUST_00362,45-54,Female,True
CUST_00363,55+,"Prefer not to say",True
CUST_00364,35-44,Male,True
CUST_00365,18-24,Female,True
CUST_00366,25-34,Female,True
CUST_00367,55+,Male,True
CUST_00368,35-44,Female,True
CUST_00369,25-34,Male,True
CUST_00370,25-34,Male,True
CUST_00371,35-44,Female,True
CUST_00372,25-34,Female,False
CUST_00373,25-34,Non-binary,True
CUST_00374,45-54,Female,True
CUST_00375,25-34,Male,True
CUST_00376,25-34,"Prefer not to say",True
CUST_00377,25-34,Female,True
CUST_00378,55+,Female,True
CUST_00379,35-44,Male,True
CUST_00380,18-24,Male,True
CUST_00381,45-54,Female,True
CUST_00382,45-54,Male,True
CUST_00383,35-44,Non-binary,True
CUST_00384,25-34,Female,True
CUST_00385,18-24,"Prefer not to say",True
CUST_00386,35-44,Male,False
CUST_00387,18-24,Female,True
CUST_00388,35-44,Male,True
CUST_00389,55+,Non-binary,True
CUST_00390,25-34,Male,True
CUST_00391,45-54,Female,True
CUST_00392,35-44,Female,True
CUST_00393,25-34,Female,True
CUST_00394,55+,Male,True
CUST_00395,35-44,Male,True
CUST_00396,55+,Female,True
CUST_00397,45-54,Female,True
CUST_00398,25-34,Female,True
CUST_00399,25-34,Non-binary,True
CUST_00400,35-44,Female,True
CUST_00401,25-34,Male,True
CUST_00402,35-44,"Prefer not to say",True
CUST_00403,25-34,Male,True
CUST_00404,35-44,Male,True
CUST_00405,35-44,Female,True
CUST_00406,25-34,Male,True
CUST_00407,18-24,Female,True
CUST_00408,35-44,Male,True
CUST_00409,45-54,Male,False
CUST_00410,35-44,Female,True
CUST_00411,45-54,Male,True
CUST_00412,35-44,Female,True
CUST_00413,55+,Female,True
CUST_00414,18-24,Female,True
CUST_00415,35-44,Female,True
CUST_00416,45-54,Male,True
CUST_00417,35-44,Female,True
CUST_00418,35-44,Male,True
CUST_00419,35-44,Male,True
CUST_00420,25-34,"Prefer not to say",True
CUST_00421,25-34,Female,True
CUST_00422,35-44,Female,True
CUST_00423,45-54,Female,True
CUST_00424,25-34,Male,True
CUST_00425,35-44,Female,True
CUST_00426,45-54,Male,True
CUST_00427,18-24,Female,True
CUST_00428,55+,"Prefer not to say",True
CUST_00429,35-44,Male,True
CUST_00430,18-24,Female,True
CUST_00431,45-54,Male,True
CUST_00432,35-44,Non-binary,True
CUST_00433,18-24,Female,True
CUST_00434,25-34,Male,True
CUST_00435,18-24,Female,True
CUST_00436,35-44,Female,True
CUST_00437,18-24,Male,True
CUST_00438,45-54,Female,True
CUST_00439,25-34,Non-binary,True
CUST_00440,18-24,Female,True
CUST_00441,25-34,Male,True
CUST_00442,18-24,Female,True
CUST_00443,55+,Female,False
CUST_00444,18-24,Male,True
CUST_00445,25-34,Female,True
CUST_00446,35-44,Male,True
CUST_00447,25-34,Female,True
CUST_00448,18-24,Male,True
CUST_00449,25-34,Male,True
CUST_00450,35-44,Female,True
CUST_00451,55+,Male,True
CUST_00452,55+,Female,True
CUST_00453,25-34,Female,True
CUST_00454,35-44,Female,False
CUST_00455,18-24,Female,True
CUST_00456,25-34,Non-binary,True
CUST_00457,25-34,Female,True
CUST_00458,35-44,Male,True
CUST_00459,35-44,Female,True
CUST_00460,35-44,Female,True
CUST_00461,35-44,Female,True
CUST_00462,35-44,Non-binary,True
CUST_00463,35-44,Male,True
CUST_00464,25-34,Female,True
CUST_00465,35-44,Male,True
CUST_00466,25-34,Female,True
CUST_00467,18-24,Male,True
CUST_00468,35-44,"Prefer not to say",True
CUST_00469,35-44,Non-binary,False
CUST_00470,45-54,Male,True
CUST_00471,45-54,Female,True
CUST_00472,45-54,Female,True
CUST_00473,25-34,Male,True
CUST_00474,55+,Male,True
CUST_00475,55+,Female,True
CUST_00476,35-44,"Prefer not to say",True
CUST_00477,55+,Female,True
CUST_00478,25-34,Female,True
CUST_00479,18-24,Female,True
CUST_00480,25-34,Female,True
CUST_00481,35-44,Female,True
CUST_00482,45-54,Non-binary,True
CUST_00483,18-24,Male,True
CUST_00484,18-24,Female,True
CUST_00485,35-44,Non-binary,True
CUST_00486,25-34,Male,True
CUST_00487,45-54,Non-binary,True
CUST_00488,25-34,Male,True
CUST_00489,18-24,Non-binary,True
CUST_00490,25-34,Female,True
CUST_00491,18-24,Female,True
CUST_00492,18-24,Female,True
CUST_00493,35-44,Female,True
CUST_00494,55+,Male,True
CUST_00495,35-44,Male,True
CUST_00496,25-34,Male,True
CUST_00497,25-34,Male,False
CUST_00498,55+,Male,True
CUST_00499,25-34,Male,True
CUST_00500,55+,Female,True
CUST_00501,18-24,Female,True
CUST_00502,35-44,"Prefer not to say",True
CUST_00503,25-34,Male,True
CUST_00504,18-24,Male,True
CUST_00505,45-54,Female,True
CUST_00506,35-44,Female,True
CUST_00507,35-44,Male,True
CUST_00508,45-54,Male,True
CUST_00509,18-24,Female,True
CUST_00510,18-24,Female,True
CUST_00511,25-34,Male,True
CUST_00512,45-54,Male,True
CUST_00513,18-24,Non-binary,True
CUST_00514,18-24,Female,True
CUST_00515,18-24,Male,True
CUST_00516,25-34,Male,True
CUST_00517,35-44,Male,True
CUST_00518,18-24,Female,True
CUST_00519,25-34,Male,True
CUST_00520,18-24,Male,True
CUST_00521,35-44,Female,True
CUST_00522,35-44,Female,True
CUST_00523,45-54,Female,True
CUST_00524,18-24,Female,True
CUST_00525,55+,Male,True
CUST_00526,45-54,Female,True
CUST_00527,35-44,Female,True
CUST_00528,55+,Male,True
CUST_00529,25-34,Male,True
CUST_00530,35-44,Female,True
CUST_00531,55+,Male,True
CUST_00532,18-24,Female,True
CUST_00533,18-24,Male,True
CUST_00534,35-44,Female,True
CUST_00535,25-34,"Prefer not to say",True
CUST_00536,35-44,Female,True
CUST_00537,35-44,Male,True
CUST_00538,35-44,Female,True
CUST_00539,35-44,Female,True
CUST_00540,35-44,Male,True
CUST_00541,25-34,Male,True
CUST_00542,25-34,Female,True
CUST_00543,25-34,Male,True
CUST_00544,25-34,Female,True
CUST_00545,25-34,Male,True
CUST_00546,55+,Male,True
CUST_00547,45-54,Male,True
CUST_00548,18-24,Female,True
CUST_00549,45-54,Female,True
CUST_00550,35-44,Female,True
CUST_00551,25-34,Male,True
CUST_00552,25-34,Female,True
CUST_00553,45-54,Female,True
CUST_00554,35-44,"Prefer not to say",True
CUST_00555,35-44,Male,True
CUST_00556,35-44,Male,True
CUST_00557,35-44,Male,True
CUST_00558,18-24,Female,True
CUST_00559,25-34,Female,True
CUST_00560,35-44,Female,True
CUST_00561,45-54,"Prefer not to say",True
CUST_00562,45-54,Female,True
CUST_00563,35-44,Male,True
CUST_00564,55+,Female,True
CUST_00565,25-34,Male,True
CUST_00566,35-44,Male,True
CUST_00567,25-34,Male,True
CUST_00568,45-54,Female,True
CUST_00569,25-34,Male,True
CUST_00570,35-44,Male,True
CUST_00571,35-44,Male,True
CUST_00572,25-34,Male,True
CUST_00573,25-34,Female,True
CUST_00574,45-54,Female,True
CUST_00575,18-24,Male,True
CUST_00576,18-24,Female,True
CUST_00577,35-44,Male,True
CUST_00578,35-44,Female,True
CUST_00579,25-34,Male,True
CUST_00580,45-54,Male,True
CUST_00581,25-34,Male,True
CUST_00582,35-44,Female,True
CUST_00583,35-44,Male,True
CUST_00584,25-34,Female,True
CUST_00585,18-24,Male,True
CUST_00586,25-34,Male,True
CUST_00587,25-34,Male,True
CUST_00588,18-24,Female,True
CUST_00589,18-24,Male,True
CUST_00590,35-44,Female,True
CUST_00591,45-54,Female,True
CUST_00592,18-24,Female,True
CUST_00593,18-24,Male,True
CUST_00594,55+,Female,True
CUST_00595,35-44,Female,True
CUST_00596,35-44,Male,True
CUST_00597,18-24,Male,True
CUST_00598,25-34,Female,False
CUST_00599,35-44,Female,True
CUST_00600,55+,Male,True
CUST_00601,45-54,Male,True
CUST_00602,35-44,Female,True
CUST_00603,25-34,Male,True
CUST_00604,25-34,Male,True
CUST_00605,18-24,Female,True
CUST_00606,18-24,Female,True
CUST_00607,55+,Male,True
CUST_00608,35-44,Female,True
CUST_00609,45-54,Male,True
CUST_00610,18-24,Male,True
CUST_00611,35-44,Female,True
CUST_00612,35-44,Male,False
CUST_00613,45-54,Female,True
CUST_00614,45-54,Female,True
CUST_00615,25-34,Non-binary,False
CUST_00616,35-44,Female,True
CUST_00617,35-44,Female,True
CUST_00618,35-44,Male,True
CUST_00619,18-24,Male,True
CUST_00620,25-34,Male,True
CUST_00621,18-24,Female,True
CUST_00622,25-34,Female,True
CUST_00623,18-24,Female,True
CUST_00624,18-24,Female,True
CUST_00625,45-54,Female,True
CUST_00626,35-44,Female,True
CUST_00627,35-44,Female,False
CUST_00628,45-54,Male,True
CUST_00629,45-54,Female,True
CUST_00630,25-34,Female,True
CUST_00631,18-24,Male,True
CUST_00632,18-24,Female,True
CUST_00633,25-34,Female,True
CUST_00634,35-44,Male,True
CUST_00635,25-34,Male,True
CUST_00636,25-34,Female,True
CUST_00637,18-24,Male,True
CUST_00638,25-34,Male,True
CUST_00639,25-34,Female,True
CUST_00640,45-54,Female,True
CUST_00641,18-24,Male,True
CUST_00642,35-44,Male,True
CUST_00643,35-44,Female,True
CUST_00644,55+,Female,True
CUST_00645,25-34,Female,True
CUST_00646,18-24,Male,True
CUST_00647,55+,Female,True
CUST_00648,25-34,Female,True
CUST_00649,55+,Male,True
CUST_00650,25-34,Female,True
CUST_00651,45-54,Female,True
CUST_00652,45-54,Female,True
CUST_00653,35-44,Female,True
CUST_00654,35-44,Male,True
CUST_00655,25-34,Male,True
CUST_00656,18-24,Male,True
CUST_00657,55+,Female,True
CUST_00658,25-34,Male,True
CUST_00659,18-24,Female,True
CUST_00660,18-24,Female,True
CUST_00661,45-54,Female,True
CUST_00663,45-54,Male,True
CUST_00664,25-34,Male,True
CUST_00665,45-54,Female,True
CUST_00666,45-54,Male,True
CUST_00667,25-34,Male,True
CUST_00668,35-44,Male,True
CUST_00669,25-34,Male,True
CUST_00670,35-44,Male,False
CUST_00671,35-44,Male,True
CUST_00672,45-54,Female,True
CUST_00673,45-54,Male,True
CUST_00674,55+,"Prefer not to say",True
CUST_00675,25-34,Male,True
CUST_00676,25-34,Female,False
CUST_00677,55+,Female,True
CUST_00678,45-54,Male,True
CUST_00679,25-34,Female,True
CUST_00680,45-54,Female,True
CUST_00681,18-24,Female,True
CUST_00682,45-54,Male,True
CUST_00683,45-54,Male,True
CUST_00684,55+,Male,True
CUST_00685,25-34,Non-binary,True
CUST_00686,25-34,Female,True
CUST_00687,25-34,Male,True
CUST_00688,18-24,Female,True
CUST_00689,25-34,"Prefer not to say",True
CUST_00690,25-34,Male,True
CUST_00691,55+,Female,True
CUST_00692,35-44,Female,True
CUST_00693,18-24,Male,True
CUST_00694,45-54,Female,True
CUST_00695,18-24,Female,True
CUST_00696,25-34,Male,True
CUST_00697,18-24,Male,True
CUST_00698,45-54,Female,True
CUST_00699,35-44,Female,True
CUST_00700,18-24,Male,True
CUST_00701,25-34,Male,True
CUST_00702,25-34,Female,True
CUST_00703,25-34,Male,True
CUST_00704,55+,Female,True
CUST_00705,18-24,Female,True
CUST_00706,25-34,Male,True
CUST_00707,25-34,Female,True
CUST_00708,25-34,Male,True
CUST_00709,35-44,Male,True
CUST_00710,55+,Male,True
CUST_00711,35-44,Female,True
CUST_00712,55+,Female,True
CUST_00713,25-34,Female,True
CUST_00714,35-44,"Prefer not to say",True
CUST_00715,25-34,Male,True
CUST_00716,45-54,Male,True
CUST_00717,35-44,Female,True
CUST_00718,45-54,Female,True
CUST_00719,25-34,Male,True
CUST_00720,35-44,Female,True
CUST_00721,18-24,Female,True
CUST_00722,25-34,Female,True
CUST_00723,35-44,Female,True
CUST_00724,18-24,Female,True
CUST_00725,25-34,Male,True
CUST_00726,18-24,Male,True
CUST_00727,18-24,Non-binary,True
CUST_00728,35-44,"Prefer not to say",True
CUST_00729,35-44,Male,True
CUST_00730,45-54,Male,True
CUST_00731,25-34,Female,True
CUST_00732,45-54,Male,True
CUST_00733,18-24,Male,True
CUST_00734,45-54,Female,False
CUST_00735,45-54,Male,True
CUST_00736,55+,Female,True
CUST_00737,25-34,Non-binary,True
CUST_00738,35-44,Female,True
CUST_00739,35-44,Male,True
CUST_00740,35-44,Female,True
CUST_00741,35-44,Male,True
CUST_00742,18-24,Female,True
CUST_00743,25-34,Female,True
CUST_00744,25-34,Female,True
CUST_00745,25-34,Male,True
CUST_00746,45-54,Male,True
CUST_00747,55+,Male,True
CUST_00748,55+,Non-binary,True
CUST_00749,18-24,Female,True
CUST_00750,25-34,Female,True
CUST_00751,35-44,"Prefer not to say",True
CUST_00752,18-24,Female,True
CUST_00753,45-54,Male,True
CUST_00754,18-24,Female,True
CUST_00755,25-34,Male,True
CUST_00756,35-44,Female,True
CUST_00757,35-44,Non-binary,True
CUST_00758,25-34,Female,True
CUST_00759,35-44,Female,True
CUST_00760,25-34,Female,True
CUST_00761,25-34,Male,True
CUST_00762,35-44,Female,True
CUST_00763,25-34,Female,True
CUST_00764,25-34,Male,True
CUST_00765,25-34,"Prefer not to say",False
CUST_00766,25-34,Non-binary,True
CUST_00767,25-34,Male,True
CUST_00768,45-54,Female,True
CUST_00769,45-54,Male,True
CUST_00770,18-24,Female,True
CUST_00771,45-54,Male,True
CUST_00772,25-34,Male,True
CUST_00773,35-44,Female,True
CUST_00774,45-54,Female,True
CUST_00775,55+,Female,True
CUST_00776,45-54,Female,True
CUST_00777,18-24,Male,True
CUST_00778,18-24,Female,True
CUST_00779,18-24,Female,True
CUST_00780,25-34,Female,True
CUST_00781,35-44,Female,True
CUST_00782,18-24,Male,True
CUST_00783,55+,Female,False
CUST_00784,35-44,Female,True
CUST_00785,45-54,Male,True
CUST_00786,55+,Female,True
CUST_00787,25-34,Female,True
CUST_00788,25-34,Female,True
CUST_00789,45-54,Female,True
CUST_00790,18-24,"Prefer not to say",True
CUST_00791,25-34,Non-binary,True
CUST_00792,18-24,Male,True
CUST_00793,18-24,Male,True
CUST_00794,25-34,Female,True
CUST_00795,25-34,Non-binary,True
CUST_00796,45-54,Female,True
CUST_00797,25-34,Female,True
CUST_00798,35-44,Male,True
CUST_00799,25-34,Female,True
CUST_00800,35-44,Male,True
CUST_00801,55+,Male,True
CUST_00802,35-44,Female,True
CUST_00803,35-44,Female,True
CUST_00804,35-44,Female,True
CUST_00805,18-24,Male,True
CUST_00806,35-44,Female,True
CUST_00807,35-44,Female,True
CUST_00808,25-34,Female,True
CUST_00809,25-34,Female,True
CUST_00810,25-34,"Prefer not to say",True
CUST_00811,25-34,Female,True
CUST_00812,35-44,Male,True
CUST_00813,18-24,Male,True
CUST_00814,25-34,Female,True
CUST_00815,25-34,Female,True
CUST_00816,25-34,Female,True
CUST_00817,35-44,Female,True
CUST_00818,55+,Male,True
CUST_00819,25-34,Female,True
CUST_00820,25-34,Female,True
CUST_00821,25-34,Male,True
CUST_00822,18-24,Male,True
CUST_00823,25-34,Female,True
CUST_00824,25-34,Female,False
CUST_00825,18-24,Male,True
CUST_00826,35-44,Male,True
CUST_00827,45-54,Female,True
CUST_00828,35-44,Female,True
CUST_00829,25-34,Male,True
CUST_00830,55+,Female,True
CUST_00831,55+,Male,True
CUST_00832,25-34,Male,True
CUST_00833,25-34,Female,True
CUST_00834,35-44,Female,True
CUST_00835,35-44,Female,True
CUST_00836,25-34,Female,True
CUST_00837,35-44,Female,True
CUST_00838,25-34,Male,True
CUST_00839,35-44,Male,True
CUST_00840,35-44,Male,True
CUST_00841,35-44,Female,True
CUST_00842,25-34,"Prefer not to say",True
CUST_00843,35-44,Male,True
CUST_00844,55+,Male,False
CUST_00845,45-54,Male,True
CUST_00846,55+,Female,True
CUST_00847,18-24,Female,True
CUST_00848,35-44,Male,True
CUST_00849,18-24,Male,True
CUST_00850,25-34,Female,True
CUST_00851,35-44,Female,True
CUST_00852,25-34,Female,True
CUST_00853,18-24,"Prefer not to say",True
CUST_00854,35-44,Male,True
CUST_00855,25-34,Female,True
CUST_00856,35-44,Female,True
CUST_00857,25-34,Female,True
CUST_00858,25-34,Female,True
CUST_00859,55+,Female,True
CUST_00860,45-54,Female,True
CUST_00861,35-44,Male,True
CUST_00862,25-34,"Prefer not to say",True
CUST_00863,45-54,Female,True
CUST_00864,35-44,Female,False
CUST_00865,35-44,Male,False
CUST_00866,35-44,Female,True
CUST_00867,45-54,Male,True
CUST_00868,35-44,Male,True
CUST_00869,55+,Male,False
CUST_00870,18-24,Male,True
CUST_00871,18-24,Female,True
CUST_00872,25-34,Female,True
CUST_00873,55+,Female,True
CUST_00874,35-44,Male,True
CUST_00875,18-24,Male,True
CUST_00876,25-34,Female,True
CUST_00877,35-44,Male,True
CUST_00878,18-24,Non-binary,True
CUST_00879,25-34,Male,True
CUST_00880,45-54,Female,True
CUST_00881,35-44,Female,True
CUST_00882,35-44,Male,True
CUST_00883,25-34,Female,True
CUST_00884,25-34,"Prefer not to say",True
CUST_00885,25-34,Male,True
CUST_00886,25-34,Female,True
CUST_00887,25-34,Male,True
CUST_00888,55+,Female,True
CUST_00889,25-34,Male,True
CUST_00890,35-44,Male,True
CUST_00891,55+,Female,True
CUST_00892,55+,Female,True
CUST_00893,25-34,Male,True
CUST_00894,35-44,Male,True
CUST_00895,25-34,Male,True
CUST_00896,25-34,Male,True
CUST_00897,35-44,Non-binary,True
CUST_00898,35-44,Male,True
CUST_00899,35-44,Female,True
CUST_00900,25-34,Female,True
CUST_00901,35-44,Female,True
CUST_00902,18-24,Male,True
CUST_00903,35-44,Male,True
CUST_00904,45-54,Male,True
CUST_00905,35-44,Non-binary,True
CUST_00906,25-34,Non-binary,True
CUST_00907,45-54,Female,True
CUST_00908,18-24,"Prefer not to say",True
CUST_00909,25-34,Female,True
CUST_00910,55+,Male,True
CUST_00911,35-44,Female,True
CUST_00912,35-44,Non-binary,False
CUST_00913,55+,Male,True
CUST_00914,45-54,Male,True
CUST_00915,55+,"Prefer not to say",True
CUST_00916,25-34,Female,True
CUST_00917,55+,"Prefer not to say",True
CUST_00918,55+,Female,True
CUST_00919,18-24,Female,True
CUST_00920,18-24,"Prefer not to say",True
CUST_00921,25-34,"Prefer not to say",True
CUST_00922,35-44,Female,True
CUST_00923,55+,Female,True
CUST_00924,25-34,Male,True
CUST_00925,18-24,Male,True
CUST_00926,25-34,Male,True
CUST_00927,18-24,Female,True
CUST_00928,45-54,Female,True
CUST_00929,45-54,Male,True
CUST_00930,45-54,Female,True
CUST_00931,45-54,Female,True
CUST_00932,18-24,Female,True
CUST_00933,18-24,Male,True
CUST_00934,25-34,Male,True
CUST_00935,25-34,Male,True
CUST_00936,45-54,"Prefer not to say",True
CUST_00937,25-34,Female,True
CUST_00938,18-24,Female,True
CUST_00939,35-44,Male,True
CUST_00940,18-24,Male,True
CUST_00941,25-34,Female,True
CUST_00942,45-54,Female,True
CUST_00943,25-34,Male,True
CUST_00944,55+,Male,True
CUST_00945,35-44,Male,True
CUST_00946,18-24,Male,True
CUST_00947,35-44,Female,True
CUST_00948,25-34,Female,True
CUST_00949,25-34,Female,True
CUST_00950,35-44,Male,True
CUST_00951,25-34,Female,True
CUST_00952,45-54,Male,True
CUST_00953,25-34,Female,True
CUST_00954,18-24,Female,True
CUST_00955,18-24,Female,True
CUST_00956,35-44,Female,True
CUST_00957,18-24,Male,True
CUST_00958,35-44,Male,True
CUST_00959,25-34,Female,True
CUST_00960,18-24,Female,True
CUST_00961,45-54,Female,True
CUST_00962,35-44,Female,True
CUST_00963,18-24,Female,True
CUST_00964,45-54,Female,True
CUST_00965,25-34,Female,True
CUST_00966,35-44,Female,False
CUST_00967,18-24,Male,True
CUST_00968,18-24,"Prefer not to say",False
CUST_00969,55+,Male,True
CUST_00970,55+,Male,True
CUST_00971,25-34,Female,True
CUST_00972,45-54,"Prefer not to say",True
CUST_00973,35-44,Male,True
CUST_00974,55+,Male,True
CUST_00975,45-54,Non-binary,True
CUST_00976,25-34,Female,True
CUST_00977,35-44,Female,True
CUST_00978,35-44,Male,True
CUST_00979,18-24,Female,True
CUST_00980,35-44,Female,False
CUST_00981,25-34,Male,True
CUST_00982,18-24,Male,True
CUST_00983,35-44,Female,True
CUST_00984,35-44,Female,True
CUST_00985,25-34,Male,True
CUST_00986,25-34,Non-binary,True
CUST_00987,35-44,Male,True
CUST_00988,45-54,Male,True
CUST_00989,45-54,Female,True
CUST_00990,18-24,Male,True
CUST_00991,18-24,Male,True
CUST_00992,35-44,Female,True
CUST_00993,18-24,Female,True
CUST_00994,25-34,Male,True
CUST_00995,25-34,Female,True
CUST_00996,18-24,Female,True
CUST_00997,25-34,Female,True
CUST_00998,35-44,Male,True
CUST_00999,35-44,Female,True
CUST_01000,25-34,Male,True
CUST_01001,18-24,Female,True
CUST_01002,25-34,Male,True
CUST_01003,18-24,Non-binary,True
CUST_01004,45-54,Non-binary,True
CUST_01005,35-44,Male,True
CUST_01006,25-34,"Prefer not to say",True
CUST_01007,55+,Female,True
CUST_01008,45-54,Male,True
CUST_01009,25-34,Male,True
CUST_01010,25-34,Female,True
CUST_01011,25-34,Female,True
CUST_01012,25-34,Female,True
CUST_01013,45-54,Non-binary,True
CUST_01014,35-44,"Prefer not to say",True
CUST_01015,35-44,Male,True
CUST_01016,25-34,Male,True
CUST_01017,35-44,Non-binary,True
CUST_01018,45-54,Male,True
CUST_01019,35-44,Male,True
CUST_01020,25-34,Female,True
CUST_01021,35-44,Female,True
CUST_01022,18-24,Female,True
CUST_01023,35-44,Female,True
CUST_01024,25-34,Female,True
CUST_01025,25-34,"Prefer not to say",True
CUST_01026,18-24,Non-binary,True
CUST_01027,55+,Male,True
CUST_01028,55+,Female,True
CUST_01029,25-34,Female,True
CUST_01030,25-34,Non-binary,True
CUST_01031,35-44,Female,True
CUST_01032,25-34,Female,True
CUST_01033,25-34,Male,True
CUST_01034,35-44,Female,True
CUST_01035,18-24,"Prefer not to say",True
CUST_01036,25-34,Female,False
CUST_01037,55+,Male,True
CUST_01038,25-34,Female,True
CUST_01039,25-34,Male,True
CUST_01040,25-34,Non-binary,True
CUST_01041,35-44,Male,True
CUST_01042,18-24,Male,True
CUST_01043,25-34,Female,True
CUST_01044,25-34,Female,True
CUST_01045,35-44,Male,True
CUST_01046,45-54,"Prefer not to say",True
CUST_01047,35-44,Female,True
CUST_01048,18-24,Female,True
CUST_01049,18-24,Female,True
CUST_01050,25-34,Non-binary,True
CUST_01051,35-44,Female,True
CUST_01052,18-24,Male,True
CUST_01053,45-54,Non-binary,False
CUST_01054,35-44,Female,True
CUST_01055,25-34,Female,True
CUST_01056,25-34,Female,True
CUST_01057,18-24,Female,True
CUST_01058,25-34,Female,True
CUST_01059,35-44,Female,True
CUST_01060,25-34,Female,True
CUST_01061,18-24,Female,True
CUST_01062,18-24,Female,True
CUST_01063,25-34,"Prefer not to say",True
CUST_01064,18-24,Female,True
CUST_01065,35-44,Female,True
CUST_01066,55+,Male,True
CUST_01067,18-24,Male,True
CUST_01068,18-24,Female,True
CUST_01069,45-54,Male,True
CUST_01070,25-34,Male,True
CUST_01071,25-34,Female,True
CUST_01072,55+,Male,True
CUST_01073,35-44,Female,True
CUST_01074,35-44,Female,True
CUST_01075,45-54,Male,True
CUST_01076,25-34,Female,True
CUST_01077,18-24,Male,True
CUST_01078,18-24,Female,True
CUST_01079,25-34,Female,True
CUST_01080,35-44,Female,True
CUST_01081,18-24,Female,False
CUST_01082,18-24,Male,True
CUST_01083,45-54,Female,True
CUST_01084,25-34,Male,True
CUST_01085,18-24,Non-binary,True
CUST_01086,45-54,Female,True
CUST_01087,18-24,Non-binary,True
CUST_01088,25-34,"Prefer not to say",True
CUST_01089,35-44,Female,True
CUST_01090,35-44,Male,True
CUST_01091,18-24,Male,True
CUST_01092,25-34,Female,True
CUST_01093,25-34,Female,True
CUST_01094,25-34,Female,True
CUST_01095,18-24,"Prefer not to say",True
CUST_01096,35-44,Female,True
CUST_01097,55+,Male,False
CUST_01098,25-34,Female,True
CUST_01099,25-34,Female,True
CUST_01100,55+,Male,True
CUST_01101,45-54,Male,True
CUST_01102,25-34,"Prefer not to say",True
CUST_01103,25-34,Male,True
CUST_01104,55+,Male,True
CUST_01105,35-44,Female,True
CUST_01106,18-24,Female,True
CUST_01107,45-54,Female,True
CUST_01108,18-24,Male,True
CUST_01109,35-44,Female,True
CUST_01110,35-44,Male,True
CUST_01111,18-24,Male,True
CUST_01112,25-34,Male,True
CUST_01113,25-34,Male,True
CUST_01114,18-24,Male,True
CUST_01115,35-44,Male,True
CUST_01116,18-24,Male,True
CUST_01117,18-24,Female,True
CUST_01118,25-34,Male,True
CUST_01119,25-34,Male,True
CUST_01120,18-24,Non-binary,True
CUST_01121,55+,"Prefer not to say",True
CUST_01122,35-44,Male,True
CUST_01123,25-34,Male,True
CUST_01124,25-34,Female,True
CUST_01125,18-24,Male,True
CUST_01126,25-34,Female,True
CUST_01127,18-24,Male,True
CUST_01128,25-34,Female,True
CUST_01129,35-44,Male,False
CUST_01130,18-24,Male,True
CUST_01131,55+,Male,True
CUST_01132,35-44,Female,True
CUST_01133,25-34,Male,True
CUST_01134,45-54,Female,True
CUST_01135,55+,Male,True
CUST_01136,25-34,Non-binary,True
CUST_01137,25-34,Male,True
CUST_01138,55+,"Prefer not to say",False
CUST_01139,25-34,Female,True
CUST_01140,25-34,Female,True
CUST_01141,25-34,Male,True
CUST_01142,45-54,Male,True
CUST_01143,18-24,Female,True
CUST_01144,35-44,Female,True
CUST_01145,35-44,Female,True
CUST_01146,55+,Female,True
CUST_01147,35-44,Male,True
CUST_01148,25-34,Female,True
CUST_01149,45-54,Female,True
CUST_01150,25-34,Female,True
CUST_01151,35-44,Male,True
CUST_01152,35-44,Female,True
CUST_01153,45-54,Male,True
CUST_01154,55+,Female,True
CUST_01155,25-34,Female,True
CUST_01156,55+,Female,True
CUST_01157,35-44,Female,True
CUST_01158,25-34,Female,True
CUST_01159,35-44,Female,False
CUST_01160,18-24,Female,True
CUST_01161,35-44,Male,True
CUST_01162,35-44,Male,True
CUST_01163,55+,Female,True
CUST_01164,25-34,Female,True
CUST_01165,55+,Male,True
CUST_01166,18-24,Male,True
CUST_01167,35-44,Female,True
CUST_01168,35-44,Female,True
CUST_01169,25-34,Male,True
CUST_01170,45-54,Female,True
CUST_01171,35-44,Male,True
CUST_01172,18-24,Male,True
CUST_01173,25-34,"Prefer not to say",True
CUST_01174,18-24,Non-binary,True
CUST_01175,18-24,Male,True
CUST_01176,25-34,Male,True
CUST_01177,25-34,Female,True
CUST_01178,25-34,Female,True
CUST_01179,25-34,Male,True
CUST_01180,45-54,Male,True
CUST_01181,45-54,Female,True
CUST_01182,35-44,Male,True
CUST_01183,55+,Male,False
CUST_01184,18-24,Male,True
CUST_01185,35-44,"Prefer not to say",False
CUST_01186,25-34,Male,True
CUST_01187,18-24,Female,True
CUST_01188,25-34,Male,True
CUST_01189,35-44,Male,True
CUST_01190,35-44,Male,True
CUST_01191,35-44,Male,True
CUST_01192,45-54,Female,True
CUST_01193,18-24,Male,True
CUST_01194,45-54,Male,True
CUST_01195,25-34,Female,True
CUST_01196,25-34,Female,True
CUST_01197,35-44,Female,False
CUST_01198,35-44,Female,True
CUST_01199,35-44,Male,True
CUST_01200,45-54,Female,True
CUST_01201,45-54,Female,True
CUST_01202,25-34,Female,True
CUST_01203,18-24,Male,True
CUST_01204,18-24,Male,True
CUST_01205,18-24,Female,True
CUST_01206,35-44,Male,True
CUST_01207,18-24,Male,True
CUST_01208,18-24,Female,True
CUST_01209,35-44,Female,True
CUST_01210,55+,Female,True
CUST_01211,25-34,Male,True
CUST_01212,25-34,Female,True
CUST_01213,18-24,Male,True
CUST_01214,18-24,Male,True
CUST_01215,45-54,"Prefer not to say",True
CUST_01216,35-44,Female,True
CUST_01217,35-44,Male,True
CUST_01218,45-54,Female,False
CUST_01219,18-24,Male,True
CUST_01220,45-54,Male,True
CUST_01221,25-34,Female,True
CUST_01222,18-24,Female,True
CUST_01223,35-44,Female,True
CUST_01224,35-44,Male,True
CUST_01225,18-24,Female,True
CUST_01226,45-54,Male,True
CUST_01227,45-54,Male,True
CUST_01228,35-44,Female,True
CUST_01229,55+,Male,True
CUST_01230,45-54,Female,True
CUST_01231,25-34,"Prefer not to say",True
CUST_01232,25-34,Male,True
CUST_01233,45-54,Male,True
CUST_01234,55+,Female,True
CUST_01235,25-34,Female,True
CUST_01236,35-44,Male,True
CUST_01237,35-44,Female,True
CUST_01238,18-24,Male,True
CUST_01239,25-34,Male,True
CUST_01240,18-24,Male,True
CUST_01241,25-34,Female,True
CUST_01242,25-34,Female,True
CUST_01243,25-34,Male,True
CUST_01244,45-54,"Prefer not to say",True
CUST_01245,35-44,Male,True
CUST_01246,55+,Female,True
CUST_01247,55+,"Prefer not to say",False
CUST_01248,45-54,Male,True
CUST_01249,45-54,Male,True
CUST_01250,35-44,Female,True
CUST_01251,45-54,Female,False
CUST_01252,25-34,Female,True
CUST_01253,25-34,Male,True
CUST_01254,25-34,Female,True
CUST_01255,45-54,Male,True
CUST_01256,35-44,Male,True
CUST_01257,55+,Male,True
CUST_01258,55+,Male,True
CUST_01259,18-24,Female,True
CUST_01260,35-44,Female,True
CUST_01261,25-34,Female,True
CUST_01262,25-34,Male,True
CUST_01263,35-44,Male,True
CUST_01264,25-34,Male,True
CUST_01265,25-34,Female,True
CUST_01266,25-34,Female,True
CUST_01267,35-44,Female,True
CUST_01268,25-34,Female,True
CUST_01269,18-24,Male,True
CUST_01270,45-54,Female,True
CUST_01271,18-24,Female,True
CUST_01272,25-34,Male,True
CUST_01273,55+,Male,True
CUST_01274,35-44,Male,True
CUST_01275,35-44,Male,True
CUST_01276,55+,Male,True
CUST_01277,35-44,Male,True
CUST_01278,25-34,Non-binary,True
CUST_01279,18-24,Male,True
CUST_01280,25-34,Female,True
CUST_01281,25-34,Female,True
CUST_01282,35-44,Male,True
CUST_01283,25-34,Male,True
CUST_01284,25-34,Female,True
CUST_01285,18-24,Female,True
CUST_01286,45-54,"Prefer not to say",True
CUST_01287,25-34,Male,True
CUST_01288,18-24,Male,True
CUST_01289,35-44,Male,True
CUST_01290,25-34,Female,True
CUST_01291,18-24,Female,True
CUST_01292,45-54,Male,True
CUST_01293,55+,Male,True
CUST_01294,35-44,Male,True
CUST_01295,35-44,Male,True
CUST_01296,35-44,Female,True
CUST_01297,18-24,Male,True
CUST_01298,35-44,Female,True
CUST_01299,18-24,Male,True
CUST_01300,45-54,Female,True
CUST_01301,25-34,"Prefer not to say",True
CUST_01302,25-34,Male,True
CUST_01303,25-34,Male,True
CUST_01304,35-44,Female,True
CUST_01305,35-44,Female,True
CUST_01306,35-44,Female,True
CUST_01307,35-44,Male,True
CUST_01308,35-44,Female,True
CUST_01309,35-44,Male,True
CUST_01310,18-24,Female,True
CUST_01311,55+,Female,True
CUST_01312,18-24,Female,True
CUST_01313,35-44,Female,True
CUST_01314,55+,"Prefer not to say",True
CUST_01315,55+,Male,True
CUST_01316,45-54,Female,True
CUST_01317,25-34,Female,True
CUST_01318,45-54,"Prefer not to say",True
CUST_01319,45-54,Male,True
CUST_01320,18-24,Male,True
CUST_01321,18-24,Male,True
CUST_01322,45-54,Female,True
CUST_01323,35-44,Female,False
CUST_01324,25-34,Female,True
CUST_01325,18-24,Female,True
CUST_01326,35-44,Male,True
CUST_01327,25-34,Female,True
CUST_01328,25-34,Female,True
CUST_01329,35-44,Male,True
CUST_01330,35-44,Female,True
CUST_01331,35-44,Male,True
CUST_01332,35-44,Female,True
CUST_01333,45-54,Male,True
CUST_01334,18-24,Male,True
CUST_01335,25-34,Female,True
CUST_01336,25-34,Female,True
CUST_01337,35-44,Male,True
CUST_01338,35-44,Female,True
CUST_01339,18-24,"Prefer not to say",True
CUST_01340,35-44,Female,True
CUST_01341,35-44,Male,True
CUST_01342,18-24,Female,True
CUST_01343,25-34,Female,True
CUST_01344,45-54,Male,True
CUST_01345,45-54,Male,True
CUST_01346,18-24,Female,True
CUST_01347,35-44,Male,True
CUST_01348,25-34,Male,True
CUST_01349,25-34,Female,True
CUST_01350,25-34,Male,True
CUST_01351,18-24,Female,True
CUST_01352,35-44,Male,True
CUST_01353,35-44,Male,True
CUST_01354,45-54,Male,True
CUST_01355,25-34,Male,True
CUST_01356,18-24,Non-binary,True
CUST_01357,45-54,Female,True
CUST_01358,55+,Female,True
CUST_01359,25-34,Male,True
CUST_01360,25-34,Female,True
CUST_01361,25-34,Male,True
CUST_01362,25-34,Female,True
CUST_01363,55+,Male,False
CUST_01364,45-54,"Prefer not to say",True
CUST_01365,55+,Male,True
CUST_01366,25-34,Male,True
CUST_01367,45-54,Male,True
CUST_01368,35-44,Male,True
CUST_01369,25-34,Female,True
CUST_01370,25-34,Female,True
CUST_01371,25-34,Female,True
CUST_01372,25-34,Female,True
CUST_01373,18-24,Non-binary,True
CUST_01374,45-54,Male,True
CUST_01375,18-24,Male,True
CUST_01376,25-34,Male,True
CUST_01377,45-54,Female,True
CUST_01378,55+,Male,True
CUST_01379,35-44,Female,True
CUST_01380,35-44,Male,True
CUST_01381,35-44,Male,True
CUST_01382,25-34,Male,True
CUST_01383,55+,Female,True
CUST_01384,18-24,Non-binary,True
CUST_01385,45-54,Female,True
CUST_01386,35-44,Male,True
CUST_01387,55+,Male,True
CUST_01388,18-24,Male,True
CUST_01389,45-54,Male,True
CUST_01390,35-44,Male,True
CUST_01391,55+,Male,True
CUST_01392,25-34,Male,True
CUST_01393,45-54,Female,True
CUST_01394,35-44,Male,True
CUST_01395,25-34,Male,True
CUST_01396,25-34,Female,True
CUST_01397,35-44,Male,True
CUST_01398,18-24,Female,True
CUST_01399,25-34,Female,True
CUST_01400,55+,Male,True
CUST_01401,25-34,Male,True
CUST_01402,18-24,Male,True
CUST_01403,35-44,Female,True
CUST_01404,35-44,Male,True
CUST_01405,45-54,Male,True
CUST_01406,18-24,Male,True
CUST_01407,25-34,Female,True
CUST_01408,35-44,Male,True
CUST_01409,55+,Male,True
CUST_01410,25-34,Female,True
CUST_01411,35-44,Male,True
CUST_01412,25-34,Female,True
CUST_01413,18-24,Male,True
CUST_01414,45-54,"Prefer not to say",True
CUST_01415,18-24,Female,True
CUST_01416,25-34,Female,True
CUST_01417,35-44,Female,True
CUST_01418,25-34,Female,True
CUST_01419,18-24,Male,False
CUST_01420,55+,Male,True
CUST_01421,18-24,Non-binary,True
CUST_01422,45-54,Male,True
CUST_01423,18-24,Female,True
CUST_01424,18-24,Female,True
CUST_01425,45-54,Male,True
CUST_01426,18-24,Female,True
CUST_01427,18-24,Male,True
CUST_01428,18-24,Male,True
CUST_01429,45-54,Male,True
CUST_01430,35-44,Male,True
CUST_01431,25-34,Male,True
CUST_01432,35-44,Male,True
CUST_01433,25-34,Male,True
CUST_01434,18-24,Female,True
CUST_01435,35-44,Female,True
CUST_01436,45-54,Female,True
CUST_01437,55+,Female,True
CUST_01438,25-34,Female,True
CUST_01439,25-34,Non-binary,True
CUST_01440,35-44,Male,True
CUST_01441,18-24,Male,True
CUST_01442,25-34,Female,True
CUST_01443,45-54,Male,True
CUST_01444,55+,Female,True
CUST_01445,45-54,"Prefer not to say",True
CUST_01446,55+,Male,True
CUST_01447,35-44,Male,True
CUST_01448,45-54,Non-binary,True
CUST_01449,18-24,"Prefer not to say",True
CUST_01450,25-34,Female,True
CUST_01451,45-54,Male,True
CUST_01452,45-54,Female,True
CUST_01453,18-24,Female,True
CUST_01454,45-54,Female,True
CUST_01455,55+,Male,True
CUST_01456,35-44,Non-binary,True
CUST_01457,35-44,Female,True
CUST_01458,18-24,"Prefer not to say",True
CUST_01459,45-54,Female,True
CUST_01460,25-34,Female,True
CUST_01461,18-24,Male,True
CUST_01462,25-34,Female,True
CUST_01463,18-24,Non-binary,True
CUST_01464,25-34,Male,True
CUST_01465,35-44,Non-binary,True
CUST_01466,45-54,Male,True
CUST_01467,18-24,Female,True
CUST_01468,55+,Female,True
CUST_01469,45-54,Female,True
CUST_01470,55+,Male,True
CUST_01471,55+,Male,False
CUST_01472,18-24,Male,True
CUST_01473,18-24,Male,True
CUST_01474,55+,Female,True
CUST_01475,55+,Female,True
CUST_01476,18-24,"Prefer not to say",True
CUST_01477,35-44,Non-binary,True
CUST_01478,45-54,Male,True
CUST_01479,35-44,Male,False
CUST_01480,25-34,Female,True
CUST_01481,18-24,Female,True
CUST_01482,55+,Non-binary,True
CUST_01483,25-34,"Prefer not to say",True
CUST_01484,55+,Male,True
CUST_01485,35-44,Non-binary,True
CUST_01486,55+,Male,True
CUST_01487,35-44,Non-binary,False
CUST_01488,18-24,Female,True
CUST_01489,25-34,"Prefer not to say",True
CUST_01490,18-24,Female,True
CUST_01491,18-24,Female,False
CUST_01492,35-44,Female,True
CUST_01493,25-34,Male,True
CUST_01494,25-34,Male,True
CUST_01495,25-34,Male,False
CUST_01496,18-24,Male,True
CUST_01497,35-44,"Prefer not to say",True
CUST_01498,45-54,Female,True
CUST_01499,25-34,Female,True
CUST_01500,18-24,Female,True
CUST_01501,45-54,Female,True
CUST_01502,35-44,Male,False
CUST_01503,18-24,Female,True
CUST_01504,25-34,Male,True
CUST_01505,55+,Male,True
CUST_01506,18-24,Male,True
CUST_01507,35-44,Female,True
CUST_01508,45-54,Male,True
CUST_01509,35-44,Female,True
CUST_01510,25-34,Male,True
CUST_01511,55+,Male,True
CUST_01512,45-54,Male,True
CUST_01513,18-24,Male,True
CUST_01514,18-24,Female,True
CUST_01515,35-44,Female,True
CUST_01516,25-34,Male,True
CUST_01517,25-34,Male,True
CUST_01518,35-44,Female,True
CUST_01519,18-24,Male,True
CUST_01520,25-34,Male,True
CUST_01521,35-44,Female,True
CUST_01522,18-24,Male,True
CUST_01523,18-24,Male,True
CUST_01524,18-24,Female,True
CUST_01525,25-34,Male,True
CUST_01526,25-34,Female,True
CUST_01527,18-24,Female,True
CUST_01528,18-24,Female,True
CUST_01529,25-34,Male,True
CUST_01530,25-34,Female,True
CUST_01531,25-34,Male,True
CUST_01532,18-24,Female,True
CUST_01533,35-44,Male,True
CUST_01534,25-34,Female,True
CUST_01535,55+,Female,True
CUST_01536,35-44,Female,True
CUST_01537,45-54,Male,True
CUST_01538,35-44,Female,True
CUST_01539,25-34,Female,True
CUST_01540,25-34,Male,True
CUST_01541,55+,Female,True
CUST_01542,35-44,Non-binary,True
CUST_01543,45-54,Female,True
CUST_01544,35-44,Male,False
CUST_01545,45-54,Male,True
CUST_01546,55+,"Prefer not to say",False
CUST_01547,45-54,Male,True
CUST_01548,25-34,"Prefer not to say",True
CUST_01549,25-34,"Prefer not to say",True
CUST_01550,35-44,Female,True
CUST_01551,25-34,Non-binary,True
CUST_01552,55+,Male,True
CUST_01553,25-34,Male,True
CUST_01554,25-34,Male,True
CUST_01555,25-34,Female,True
CUST_01556,45-54,Female,True
CUST_01557,35-44,Male,True
CUST_01558,25-34,Male,True
CUST_01559,35-44,Female,True
CUST_01560,55+,Non-binary,True
CUST_01561,35-44,Male,True
CUST_01562,25-34,Female,True
CUST_01563,25-34,Male,True
CUST_01564,25-34,Female,True
CUST_01565,35-44,Male,True
CUST_01566,25-34,Male,True
CUST_01567,35-44,Female,True
CUST_01568,18-24,Female,True
CUST_01569,25-34,Male,True
CUST_01570,35-44,Non-binary,True
CUST_01571,45-54,Male,False
CUST_01572,45-54,Male,True
CUST_01573,25-34,Female,True
CUST_01574,35-44,Male,False
CUST_01575,45-54,Male,True
CUST_01576,55+,Male,True
CUST_01577,45-54,Male,True
CUST_01578,25-34,Female,True
CUST_01579,18-24,Male,True
CUST_01580,45-54,Female,True
CUST_01581,45-54,Female,True
CUST_01582,45-54,Female,False
CUST_01583,18-24,Male,True
CUST_01584,35-44,Male,True
CUST_01585,45-54,Female,True
CUST_01586,18-24,Male,True
CUST_01587,45-54,Female,False
CUST_01588,25-34,Female,True
CUST_01589,55+,Female,True
CUST_01590,25-34,Female,True
CUST_01591,35-44,Female,True
CUST_01592,18-24,Male,True
CUST_01593,25-34,Female,True
CUST_01594,18-24,Female,True
CUST_01595,35-44,Male,True
CUST_01596,18-24,Female,True
CUST_01597,35-44,Female,True
CUST_01598,25-34,Male,True
CUST_01599,18-24,Female,True
CUST_01600,55+,Female,True
CUST_01601,35-44,Female,True
CUST_01602,25-34,Male,True
CUST_01603,18-24,Female,True
CUST_01604,45-54,Male,True
CUST_01605,55+,Female,False
CUST_01606,35-44,Male,True
CUST_01607,25-34,Female,True
CUST_01608,25-34,"Prefer not to say",True
CUST_01609,35-44,Male,True
CUST_01610,25-34,Male,True
CUST_01611,25-34,Female,True
CUST_01612,35-44,Female,False
CUST_01613,25-34,Male,True
CUST_01614,35-44,Female,True
CUST_01615,45-54,Male,True
CUST_01616,35-44,Female,True
CUST_01617,25-34,Male,True
CUST_01618,18-24,"Prefer not to say",True
CUST_01619,35-44,Female,True
CUST_01620,25-34,Female,True
CUST_01621,45-54,Male,True
CUST_01622,18-24,Female,True
CUST_01623,45-54,Female,True
CUST_01624,45-54,Female,True
CUST_01625,35-44,Female,True
CUST_01626,35-44,Female,True
CUST_01627,55+,Male,True
CUST_01628,25-34,Male,True
CUST_01629,18-24,Female,True
CUST_01630,35-44,Male,True
CUST_01631,35-44,Male,True
CUST_01632,35-44,Female,True
CUST_01633,55+,Female,True
CUST_01634,35-44,Female,True
CUST_01635,45-54,Female,True
CUST_01636,18-24,Male,True
CUST_01637,18-24,Male,True
CUST_01638,45-54,Female,True
CUST_01639,18-24,Female,True
CUST_01640,25-34,Male,True
CUST_01641,25-34,Female,True
CUST_01642,25-34,Female,True
CUST_01643,25-34,Male,True
CUST_01644,25-34,Female,True
CUST_01645,25-34,Female,True
CUST_01646,35-44,Non-binary,True
CUST_01647,18-24,Female,True
CUST_01648,35-44,Female,True
CUST_01649,25-34,Male,True
CUST_01650,18-24,Female,True
CUST_01651,18-24,Male,True
CUST_01652,25-34,Female,True
CUST_01653,55+,Female,True
CUST_01654,25-34,Female,True
CUST_01655,45-54,Female,True
CUST_01656,35-44,Male,True
CUST_01657,35-44,Male,True
CUST_01658,25-34,Female,True
CUST_01659,18-24,Female,True
CUST_01660,25-34,Female,True
CUST_01661,18-24,Female,True
CUST_01662,35-44,Male,True
CUST_01663,55+,Male,True
CUST_01664,18-24,Male,True
CUST_01665,25-34,Male,True
CUST_01666,25-34,Female,True
CUST_01667,18-24,Female,False
CUST_01668,35-44,Male,True
CUST_01669,35-44,Male,True
CUST_01670,18-24,Male,True
CUST_01671,35-44,Male,True
CUST_01672,45-54,Male,True
CUST_01673,25-34,Female,True
CUST_01674,35-44,Male,True
CUST_01675,45-54,"Prefer not to say",True
CUST_01676,25-34,Non-binary,True
CUST_01677,25-34,Male,True
CUST_01678,55+,Non-binary,True
CUST_01679,25-34,Male,True
CUST_01680,35-44,Male,True
CUST_01681,35-44,Female,True
CUST_01682,18-24,Male,True
CUST_01683,35-44,Male,True
CUST_01684,45-54,Male,True
CUST_01685,35-44,Male,True
CUST_01686,55+,Female,True
CUST_01687,35-44,Male,True
CUST_01688,35-44,Male,True
CUST_01689,25-34,Female,True
CUST_01690,25-34,Male,True
CUST_01691,35-44,Female,True
CUST_01692,25-34,Female,True
CUST_01693,35-44,Male,True
CUST_01694,35-44,Male,True
CUST_01695,45-54,Male,True
CUST_01696,35-44,Male,True
CUST_01697,18-24,Male,True
CUST_01698,18-24,Male,True
CUST_01699,25-34,Female,True
CUST_01700,25-34,Female,True
CUST_01701,25-34,Male,True
CUST_01702,25-34,Male,True
CUST_01703,55+,Male,True
CUST_01704,18-24,Female,True
CUST_01705,55+,Female,True
CUST_01706,35-44,Male,True
CUST_01707,18-24,Female,True
CUST_01708,35-44,Male,True
CUST_01709,25-34,Male,True
CUST_01710,55+,Male,True
CUST_01711,25-34,Male,True
CUST_01712,18-24,Male,True
CUST_01713,25-34,Female,True
CUST_01714,25-34,Female,True
CUST_01715,18-24,Female,True
CUST_01716,18-24,Female,True
CUST_01717,35-44,Male,True
CUST_01718,25-34,Male,True
CUST_01719,35-44,Female,True
CUST_01720,18-24,Female,True
CUST_01721,18-24,Male,True
CUST_01722,55+,Male,True
CUST_01723,25-34,Female,True
CUST_01724,45-54,Female,True
CUST_01725,45-54,Male,True
CUST_01726,35-44,Male,True
CUST_01727,55+,Male,True
CUST_01728,25-34,Female,True
CUST_01729,45-54,Female,True
CUST_01730,18-24,Male,False
CUST_01731,25-34,Male,True
CUST_01732,35-44,Female,True
CUST_01733,55+,Male,True
CUST_01734,55+,Male,True
CUST_01735,25-34,Male,True
CUST_01736,25-34,Male,True
CUST_01737,35-44,Female,True
CUST_01738,45-54,Female,True
CUST_01739,35-44,"Prefer not to say",True
CUST_01740,35-44,Male,True
CUST_01741,35-44,Female,True
CUST_01742,18-24,Female,True
CUST_01743,25-34,Male,True
CUST_01744,35-44,Male,True
CUST_01745,45-54,Female,True
CUST_01746,55+,Male,True
CUST_01747,35-44,Male,True
CUST_01748,45-54,Female,True
CUST_01749,45-54,Male,True
CUST_01750,25-34,Male,True
CUST_01751,55+,Male,False
CUST_01752,25-34,Female,False
CUST_01753,25-34,Male,True
CUST_01754,25-34,Female,True
CUST_01755,25-34,Female,True
CUST_01756,25-34,Male,True
CUST_01757,25-34,Female,True
CUST_01758,18-24,Male,True
CUST_01759,35-44,Male,True
CUST_01760,18-24,Female,True
CUST_01761,35-44,Male,True
CUST_01762,35-44,Male,True
CUST_01763,35-44,"Prefer not to say",True
CUST_01764,25-34,Male,True
CUST_01765,25-34,Female,True
CUST_01766,35-44,Female,True
CUST_01767,25-34,Female,True
CUST_01768,35-44,Male,True
CUST_01769,45-54,Male,True
CUST_01770,25-34,Female,True
CUST_01771,55+,Male,True
CUST_01772,35-44,Female,True
CUST_01773,18-24,Male,True
CUST_01774,18-24,Female,True
CUST_01775,35-44,Male,True
CUST_01776,35-44,Male,True
CUST_01777,55+,Male,False
CUST_01778,25-34,Female,True
CUST_01779,35-44,Male,True
CUST_01780,25-34,Non-binary,True
CUST_01781,45-54,Female,True
CUST_01782,45-54,Female,True
CUST_01783,35-44,"Prefer not to say",True
CUST_01784,18-24,Female,True
CUST_01785,35-44,Male,True
CUST_01786,55+,Female,True
CUST_01787,25-34,Female,True
CUST_01788,55+,Male,True
CUST_01789,35-44,Female,True
CUST_01790,18-24,Male,True
CUST_01791,35-44,Female,True
CUST_01792,35-44,Male,True
CUST_01793,55+,Non-binary,True
CUST_01794,45-54,Male,True
CUST_01795,55+,"Prefer not to say",True
CUST_01796,25-34,Male,True
CUST_01797,25-34,Female,True
CUST_01798,35-44,Male,True
CUST_01799,35-44,Female,True
CUST_01800,35-44,Non-binary,True
CUST_01801,35-44,Male,False
CUST_01802,35-44,Male,True
CUST_01803,25-34,Female,True
CUST_01804,55+,Female,True
CUST_01805,55+,Female,True
CUST_01806,35-44,Male,True
CUST_01807,18-24,Male,True
CUST_01808,25-34,Female,True
CUST_01809,35-44,Male,True
CUST_01810,35-44,Female,True
CUST_01811,25-34,Female,True
CUST_01812,45-54,Female,True
CUST_01813,18-24,Male,True
CUST_01814,35-44,Male,True
CUST_01815,45-54,Male,True
CUST_01816,25-34,Male,True
CUST_01817,45-54,Female,True
CUST_01818,25-34,Female,True
CUST_01819,18-24,Female,True
CUST_01820,18-24,Female,True
CUST_01821,35-44,Female,True
CUST_01822,35-44,Female,True
CUST_01823,25-34,Female,True
CUST_01824,45-54,Male,True
CUST_01825,35-44,Non-binary,True
CUST_01826,25-34,"Prefer not to say",True
CUST_01827,55+,Male,True
CUST_01828,35-44,Male,True
CUST_01829,25-34,Female,True
CUST_01830,45-54,Female,True
CUST_01831,45-54,Non-binary,True
CUST_01832,35-44,Female,True
CUST_01833,45-54,Female,True
CUST_01834,35-44,Female,True
CUST_01835,55+,Male,True
CUST_01836,18-24,Female,True
CUST_01837,18-24,Male,True
CUST_01838,35-44,Male,True
CUST_01839,25-34,Female,True
CUST_01840,18-24,Female,True
CUST_01841,25-34,Male,True
CUST_01842,35-44,Male,True
CUST_01843,18-24,Male,True
CUST_01844,18-24,Non-binary,True
CUST_01845,35-44,Female,True
CUST_01846,25-34,Female,True
CUST_01847,25-34,Female,True
CUST_01848,25-34,Male,True
CUST_01849,18-24,Male,True
CUST_01850,35-44,Male,True
CUST_01851,35-44,Male,True
CUST_01852,25-34,Male,True
CUST_01853,25-34,Male,True
CUST_01854,25-34,Female,True
CUST_01855,35-44,"Prefer not to say",True
CUST_01856,45-54,"Prefer not to say",True
CUST_01857,18-24,Female,True
CUST_01858,25-34,Non-binary,True
CUST_01859,35-44,Female,True
CUST_01860,55+,Female,True
CUST_01861,25-34,Non-binary,True
CUST_01862,55+,Male,True
CUST_01863,35-44,Male,True
CUST_01864,55+,Female,True
CUST_01865,25-34,Female,True
CUST_01866,25-34,Male,True
CUST_01867,45-54,Male,True
CUST_01868,35-44,Non-binary,True
CUST_01869,18-24,"Prefer not to say",True
CUST_01870,35-44,Male,True
CUST_01871,18-24,Female,True
CUST_01872,45-54,Female,True
CUST_01873,25-34,Male,True
CUST_01874,35-44,Female,True
CUST_01875,55+,Female,True
CUST_01876,35-44,Non-binary,True
CUST_01877,35-44,Male,True
CUST_01878,25-34,Male,True
CUST_01879,18-24,Male,True
CUST_01880,45-54,Female,True
CUST_01881,35-44,Male,True
CUST_01882,25-34,Male,False
CUST_01883,35-44,Male,True
CUST_01884,18-24,Female,False
CUST_01885,35-44,Female,True
CUST_01886,35-44,Female,True
CUST_01887,35-44,Female,True
CUST_01888,18-24,Non-binary,True
CUST_01889,18-24,Female,True
CUST_01890,25-34,Male,True
CUST_01891,45-54,Male,True
CUST_01892,25-34,Female,True
CUST_01893,25-34,Female,True
CUST_01894,18-24,Male,True
CUST_01895,45-54,Female,True
CUST_01896,55+,Male,True
CUST_01897,35-44,Non-binary,True
CUST_01898,45-54,Female,True
CUST_01899,25-34,Non-binary,True
CUST_01900,35-44,Female,True
CUST_01901,18-24,Male,True
CUST_01902,35-44,Female,True
CUST_01903,55+,Male,True
CUST_01904,35-44,Non-binary,True
CUST_01905,25-34,Male,True
CUST_01906,35-44,Female,True
CUST_01907,18-24,Male,True
CUST_01908,45-54,Male,False
CUST_01909,18-24,Female,True
CUST_01910,45-54,Female,True
CUST_01911,55+,"Prefer not to say",True
CUST_01912,25-34,Female,True
CUST_01913,25-34,Male,True
CUST_01914,18-24,Female,False
CUST_01915,25-34,Male,True
CUST_01916,18-24,Female,True
CUST_01917,18-24,Female,True
CUST_01918,55+,Male,True
CUST_01919,25-34,Female,True
CUST_01920,25-34,Female,False
CUST_01921,35-44,Male,True
CUST_01922,25-34,Male,True
CUST_01923,18-24,Male,True
CUST_01924,25-34,Female,True
CUST_01925,25-34,Female,True
CUST_01926,18-24,Female,True
CUST_01927,45-54,Female,True
CUST_01928,25-34,Male,True
CUST_01929,35-44,Male,True
CUST_01930,35-44,Female,True
CUST_01931,45-54,Male,True
CUST_01932,35-44,Male,True
CUST_01933,45-54,Male,True
CUST_01934,18-24,Male,True
CUST_01935,35-44,Male,True
CUST_01936,35-44,Male,True
CUST_01937,35-44,Non-binary,True
CUST_01938,35-44,Female,True
CUST_01939,55+,Female,True
CUST_01940,45-54,Male,True
CUST_01941,25-34,Female,True
CUST_01942,35-44,Male,True
CUST_01943,25-34,Female,True
CUST_01944,25-34,Female,True
CUST_01945,35-44,Female,True
CUST_01946,45-54,Female,True
CUST_01947,18-24,Female,True
CUST_01948,25-34,Male,True
CUST_01949,55+,Female,False
CUST_01950,55+,Female,True
CUST_01951,25-34,Male,True
CUST_01952,25-34,Female,True
CUST_01953,18-24,Male,True
CUST_01954,18-24,Male,True
CUST_01955,55+,Male,True
CUST_01956,25-34,Female,True
CUST_01957,18-24,"Prefer not to say",True
CUST_01958,25-34,Female,True
CUST_01959,35-44,Female,True
CUST_01960,45-54,Male,True
CUST_01961,35-44,Male,True
CUST_01962,35-44,Male,True
CUST_01963,35-44,Female,True
CUST_01964,35-44,Male,True
CUST_01965,55+,Female,True
CUST_01966,25-34,Female,True
CUST_01967,25-34,Female,True
CUST_01968,35-44,Female,True
CUST_01969,18-24,Male,True
CUST_01970,18-24,Female,True
CUST_01971,25-34,Male,True
CUST_01972,25-34,Female,True
CUST_01973,18-24,Male,True
CUST_01974,45-54,Female,True
CUST_01975,25-34,Female,True
CUST_01976,25-34,Male,True
CUST_01977,45-54,Male,True
CUST_01978,18-24,Female,True
CUST_01979,18-24,Female,True
CUST_01980,18-24,Female,True
CUST_01981,18-24,Male,True
CUST_01982,18-24,"Prefer not to say",True
CUST_01983,35-44,Female,True
CUST_01984,18-24,Female,True
CUST_01985,35-44,Male,True
CUST_01986,18-24,Male,True
CUST_01987,55+,Female,True
CUST_01988,18-24,Female,True
CUST_01989,35-44,Female,True
CUST_01990,45-54,Male,True
CUST_01991,35-44,Male,True
CUST_01992,35-44,Male,False
CUST_01993,25-34,Female,True
CUST_01994,25-34,Male,True
CUST_01995,18-24,Male,True
CUST_01996,45-54,Female,True
CUST_01997,25-34,Male,True
CUST_01998,18-24,Female,True
CUST_01999,35-44,Male,True
CUST_02000,45-54,Female,True
CUST_02001,18-24,Female,True
CUST_02002,18-24,Female,True
CUST_02003,45-54,Female,True
CUST_02004,45-54,Female,True
CUST_02005,35-44,Male,True
CUST_02006,18-24,Female,False
CUST_02007,25-34,Female,True
CUST_02008,45-54,Male,True
CUST_02009,35-44,Female,True
CUST_02010,45-54,Female,True
CUST_02011,18-24,Male,True
CUST_02012,25-34,Male,True
CUST_02013,45-54,Male,True
CUST_02014,45-54,Male,True
CUST_02015,18-24,Female,True
CUST_02016,45-54,Female,True
CUST_02017,18-24,Male,True
CUST_02018,35-44,Female,True
CUST_02019,25-34,Male,True
CUST_02020,18-24,Female,True
CUST_02021,25-34,Female,True
CUST_02022,25-34,Male,True
CUST_02023,25-34,Female,True
CUST_02024,45-54,Male,True
CUST_02025,45-54,Female,True
CUST_02026,25-34,Female,True
CUST_02027,25-34,Male,True
CUST_02028,25-34,Female,True
CUST_02029,35-44,Female,True
CUST_02030,35-44,Female,True
CUST_02031,25-34,Female,True
CUST_02032,18-24,Male,True
CUST_02033,25-34,Male,True
CUST_02034,35-44,Female,False
CUST_02035,35-44,Male,True
CUST_02036,55+,Male,True
CUST_02037,18-24,Male,True
CUST_02038,55+,Male,True
CUST_02039,18-24,Male,True
CUST_02040,18-24,Male,True
CUST_02041,25-34,"Prefer not to say",True
CUST_02042,35-44,Female,True
CUST_02043,35-44,Female,True
CUST_02044,55+,Female,True
CUST_02045,35-44,Male,True
CUST_02046,25-34,Female,True
CUST_02047,45-54,Male,True
CUST_02048,18-24,Female,True
CUST_02049,35-44,Male,True
CUST_02050,18-24,Male,True
CUST_02051,25-34,Male,True
CUST_02052,18-24,"Prefer not to say",True
CUST_02053,45-54,Male,True
CUST_02054,25-34,Female,True
CUST_02055,35-44,Female,True
CUST_02056,18-24,Male,True
CUST_02057,25-34,Female,True
CUST_02058,55+,Male,True
CUST_02059,55+,Male,True
CUST_02060,35-44,Male,True
CUST_02061,55+,Female,True
CUST_02062,25-34,Male,True
CUST_02063,18-24,Male,True
CUST_02064,25-34,Non-binary,True
CUST_02065,45-54,"Prefer not to say",True
CUST_02066,45-54,Female,True
CUST_02067,35-44,Female,True
CUST_02068,55+,Female,True
CUST_02069,45-54,Female,True
CUST_02070,55+,Female,True
CUST_02071,25-34,Female,True
CUST_02072,18-24,Male,True
CUST_02073,18-24,Female,True
CUST_02074,55+,Female,True
CUST_02075,25-34,Male,True
CUST_02076,55+,Female,True
CUST_02077,18-24,Female,True
CUST_02078,25-34,Male,True
CUST_02079,35-44,Female,True
CUST_02080,18-24,Non-binary,True
CUST_02081,25-34,Male,True
CUST_02082,45-54,Male,False
CUST_02083,55+,Female,True
CUST_02084,55+,Female,True
CUST_02085,18-24,Female,True
CUST_02086,45-54,Male,True
CUST_02087,25-34,Male,True
CUST_02088,35-44,Male,True
CUST_02089,18-24,Non-binary,True
CUST_02090,35-44,Female,True
CUST_02091,35-44,Female,True
CUST_02092,35-44,Male,True
CUST_02093,25-34,Female,True
CUST_02094,25-34,"Prefer not to say",True
CUST_02095,45-54,Female,True
CUST_02096,25-34,"Prefer not to say",True
CUST_02097,55+,Male,True
CUST_02098,25-34,Female,True
CUST_02099,18-24,Female,True
CUST_02100,25-34,Female,True
CUST_02101,35-44,Male,False
CUST_02102,35-44,Male,True
CUST_02103,55+,Female,True
CUST_02104,25-34,Female,False
CUST_02105,18-24,Male,True
CUST_02106,35-44,Male,True
CUST_02107,35-44,Male,True
CUST_02108,35-44,Male,True
CUST_02109,25-34,Female,True
CUST_02110,25-34,Female,True
CUST_02111,25-34,Female,False
CUST_02112,25-34,Female,True
CUST_02113,25-34,Male,True
CUST_02114,18-24,Female,True
CUST_02115,25-34,Male,True
CUST_02116,25-34,Male,True
CUST_02117,25-34,Male,True
CUST_02118,18-24,"Prefer not to say",True
CUST_02119,18-24,Female,True
CUST_02120,18-24,Female,True
CUST_02121,55+,Female,True
CUST_02122,35-44,Female,True
CUST_02123,45-54,Male,True
CUST_02124,35-44,Female,True
CUST_02125,25-34,Female,True
CUST_02126,18-24,Female,True
CUST_02127,25-34,Female,True
CUST_02128,25-34,Male,False
CUST_02129,25-34,Female,True
CUST_02130,55+,Male,True
CUST_02131,18-24,Male,True
CUST_02132,45-54,"Prefer not to say",True
CUST_02133,18-24,Female,True
CUST_02134,35-44,Male,True
CUST_02135,45-54,Male,True
CUST_02136,35-44,Female,True
CUST_02137,35-44,Female,True
CUST_02138,25-34,Male,True
CUST_02139,35-44,Male,True
CUST_02140,18-24,Female,True
CUST_02141,25-34,Female,True
CUST_02142,35-44,Female,True
CUST_02143,18-24,Male,True
CUST_02144,25-34,Male,True
CUST_02145,25-34,Male,True
CUST_02146,35-44,Male,True
CUST_02147,25-34,Female,True
CUST_02148,25-34,Female,True
CUST_02149,55+,Male,True
CUST_02150,18-24,Male,True
CUST_02151,35-44,Female,True
CUST_02152,55+,Female,False
CUST_02153,18-24,Male,True
CUST_02154,18-24,Male,True
CUST_02155,45-54,Female,True
CUST_02156,18-24,Male,True
CUST_02157,45-54,Male,True
CUST_02158,25-34,Male,True
CUST_02159,35-44,Female,True
CUST_02160,25-34,Male,True
CUST_02161,25-34,Female,True
CUST_02162,18-24,Female,True
CUST_02163,18-24,Female,True
CUST_02164,45-54,Male,True
CUST_02165,25-34,"Prefer not to say",True
CUST_02166,35-44,Male,True
CUST_02167,25-34,"Prefer not to say",True
CUST_02168,35-44,Male,True
CUST_02169,35-44,Female,True
CUST_02170,35-44,Female,True
CUST_02171,35-44,Female,True
CUST_02172,25-34,Male,True
CUST_02173,35-44,Female,True
CUST_02174,25-34,Male,True
CUST_02175,25-34,Male,True
CUST_02176,18-24,Female,True
CUST_02177,45-54,Male,True
CUST_02178,25-34,Male,True
CUST_02179,55+,Non-binary,True
CUST_02180,25-34,Male,True
CUST_02181,25-34,Male,True
CUST_02182,25-34,Male,True
CUST_02183,25-34,Male,True
CUST_02184,35-44,Male,True
CUST_02185,18-24,Female,True
CUST_02186,25-34,Male,True
CUST_02187,25-34,Male,True
CUST_02188,25-34,Female,True
CUST_02189,55+,Female,True
CUST_02190,35-44,Male,True
CUST_02191,35-44,Female,True
CUST_02192,25-34,Female,True
CUST_02193,18-24,Male,True
CUST_02194,35-44,Female,True
CUST_02195,25-34,Female,True
CUST_02196,18-24,Male,True
CUST_02197,18-24,Female,True
CUST_02198,18-24,Male,True
CUST_02199,25-34,Female,True
CUST_02200,35-44,Male,True
CUST_02201,18-24,Female,False
CUST_02202,25-34,Male,True
CUST_02203,45-54,"Prefer not to say",True
CUST_02204,25-34,Female,True
CUST_02205,25-34,Female,False
CUST_02206,55+,Male,True
CUST_02207,45-54,Male,True
CUST_02208,25-34,Male,True
CUST_02209,45-54,Female,True
CUST_02210,45-54,Male,True
CUST_02211,45-54,Male,True
CUST_02212,45-54,Male,True
CUST_02213,35-44,Male,True
CUST_02214,25-34,Female,True
CUST_02215,35-44,"Prefer not to say",True
CUST_02216,25-34,Female,True
CUST_02217,25-34,Male,True
CUST_02218,35-44,Male,True
CUST_02219,55+,Female,True
CUST_02220,25-34,Female,True
CUST_02221,18-24,Female,True
CUST_02222,45-54,Male,True
CUST_02223,18-24,Female,True
CUST_02224,25-34,Male,False
CUST_02225,25-34,Male,True
CUST_02226,45-54,Male,True
CUST_02227,18-24,Female,False
CUST_02228,25-34,Female,True
CUST_02229,25-34,Male,True
CUST_02230,18-24,Male,True
CUST_02231,35-44,Non-binary,True
CUST_02232,55+,Female,True
CUST_02233,18-24,Female,True
CUST_02234,35-44,Female,False
CUST_02235,18-24,Male,True
CUST_02236,55+,Female,True
CUST_02237,45-54,Female,True
CUST_02238,25-34,Male,True
CUST_02239,35-44,Male,True
CUST_02240,18-24,Female,True
CUST_02241,25-34,Male,True
CUST_02242,25-34,Female,True
CUST_02243,18-24,Male,True
CUST_02244,25-34,Female,True
CUST_02245,25-34,Female,True
CUST_02246,55+,Female,True
CUST_02247,18-24,Male,True
CUST_02248,25-34,Male,True
CUST_02249,25-34,Male,True
CUST_02250,35-44,Male,True
CUST_02251,18-24,Male,True
CUST_02252,45-54,Female,True
CUST_02253,25-34,Female,True
CUST_02254,35-44,Female,True
CUST_02255,25-34,Female,True
CUST_02256,25-34,Female,False
CUST_02257,35-44,Male,True
CUST_02258,35-44,Male,True
CUST_02259,35-44,Male,True
CUST_02260,45-54,Male,True
CUST_02261,45-54,Male,True
CUST_02262,25-34,Male,True
CUST_02263,35-44,Female,True
CUST_02264,35-44,Female,True
CUST_02265,35-44,Male,True
CUST_02266,25-34,Female,True
CUST_02267,18-24,Non-binary,True
CUST_02268,25-34,Female,True
CUST_02269,45-54,Male,True
CUST_02270,45-54,Male,True
CUST_02271,35-44,Non-binary,True
CUST_02272,25-34,Male,True
CUST_02273,35-44,Female,True
CUST_02274,25-34,Male,True
CUST_02275,18-24,Male,True
CUST_02276,55+,"Prefer not to say",True
CUST_02277,18-24,Female,True
CUST_02278,35-44,Male,True
CUST_02279,35-44,Male,True
CUST_02280,35-44,Male,True
CUST_02281,35-44,Male,True
CUST_02282,18-24,Female,True
CUST_02283,25-34,Female,True
CUST_02284,35-44,Female,True
CUST_02285,18-24,Male,True
CUST_02286,25-34,Male,True
CUST_02287,18-24,"Prefer not to say",True
CUST_02288,25-34,Male,True
CUST_02289,25-34,"Prefer not to say",True
CUST_02290,25-34,Male,True
CUST_02291,45-54,Male,True
CUST_02292,35-44,Female,True
CUST_02293,35-44,Male,True
CUST_02294,45-54,Non-binary,True
CUST_02295,25-34,"Prefer not to say",True
CUST_02296,25-34,Male,True
CUST_02297,35-44,"Prefer not to say",True
CUST_02298,35-44,Female,True
CUST_02299,55+,Male,True
CUST_02300,25-34,Male,True
CUST_02301,45-54,Male,False
CUST_02302,45-54,Female,True
CUST_02303,25-34,Female,True
CUST_02304,35-44,Non-binary,True
CUST_02305,18-24,Male,True
CUST_02306,25-34,Male,True
CUST_02307,25-34,Female,True
CUST_02308,25-34,Female,True
CUST_02309,18-24,Male,True
CUST_02310,55+,Female,True
CUST_02311,35-44,Female,True
CUST_02312,18-24,Female,True
CUST_02313,35-44,Female,True
CUST_02314,55+,Female,True
CUST_02315,25-34,Female,True
CUST_02316,35-44,Male,True
CUST_02317,18-24,Female,True
CUST_02318,25-34,Female,True
CUST_02319,25-34,Female,True
CUST_02320,45-54,Male,True
CUST_02321,35-44,Female,True
CUST_02322,18-24,Female,True
CUST_02323,25-34,Male,True
CUST_02324,18-24,Female,True
CUST_02325,18-24,Female,True
CUST_02326,25-34,Male,True
CUST_02327,35-44,Male,True
CUST_02328,25-34,Female,True
CUST_02329,35-44,Male,True
CUST_02330,25-34,Male,True
CUST_02331,18-24,Male,True
CUST_02332,35-44,Male,True
CUST_02333,25-34,Male,True
CUST_02334,35-44,Female,True
CUST_02335,18-24,Male,True
CUST_02336,35-44,Female,True
CUST_02337,35-44,Male,True
CUST_02338,35-44,Female,True
CUST_02339,25-34,Male,True
CUST_02340,45-54,Male,True
CUST_02341,55+,Male,True
CUST_02342,35-44,Male,True
CUST_02343,25-34,Male,True
CUST_02344,35-44,Male,True
CUST_02345,25-34,"Prefer not to say",True
CUST_02346,35-44,"Prefer not to say",True
CUST_02347,25-34,Male,True
CUST_02348,18-24,Female,True
CUST_02349,18-24,Male,True
CUST_02350,45-54,Female,True
CUST_02351,18-24,Male,True
CUST_02352,55+,Non-binary,True
CUST_02353,45-54,Female,True
CUST_02354,18-24,Female,True
CUST_02355,18-24,Female,True
CUST_02356,18-24,Male,True
CUST_02357,35-44,Male,True
CUST_02358,35-44,Male,False
CUST_02359,25-34,Female,True
CUST_02360,18-24,Female,True
CUST_02361,18-24,Female,True
CUST_02362,35-44,Male,True
CUST_02363,18-24,Male,True
CUST_02364,45-54,Female,True
CUST_02365,18-24,Female,True
CUST_02366,18-24,Male,True
CUST_02367,25-34,Female,True
CUST_02368,35-44,Female,True
CUST_02369,18-24,Female,True
CUST_02370,35-44,Male,True
CUST_02371,25-34,"Prefer not to say",True
CUST_02372,18-24,Male,True
CUST_02373,45-54,Female,True
CUST_02374,18-24,Female,True
CUST_02375,25-34,Non-binary,True
CUST_02376,18-24,Male,True
CUST_02377,35-44,Male,True
CUST_02378,25-34,Male,True
CUST_02379,25-34,Male,True
CUST_02380,35-44,Male,True
CUST_02381,55+,Female,True
CUST_02382,45-54,Female,True
CUST_02383,45-54,Female,True
CUST_02384,45-54,Male,True
CUST_02385,35-44,Male,True
CUST_02386,18-24,Female,True
CUST_02387,35-44,Male,True
CUST_02388,25-34,"Prefer not to say",True
CUST_02389,35-44,Female,True
CUST_02390,25-34,Male,True
CUST_02391,18-24,"Prefer not to say",True
CUST_02392,55+,Male,True
CUST_02393,35-44,Male,True
CUST_02394,18-24,Female,True
CUST_02395,45-54,Female,True
CUST_02396,25-34,Female,True
CUST_02397,35-44,Male,True
CUST_02398,55+,"Prefer not to say",True
CUST_02399,18-24,Non-binary,True
CUST_02400,55+,Male,True
CUST_02401,35-44,Non-binary,True
CUST_02402,18-24,Male,True
CUST_02403,45-54,Female,True
CUST_02404,45-54,Female,True
CUST_02405,25-34,Male,True
CUST_02406,25-34,Non-binary,True
CUST_02407,45-54,Non-binary,True
CUST_02408,25-34,Female,True
CUST_02409,18-24,Male,True
CUST_02410,45-54,Female,True
CUST_02411,25-34,Female,True
CUST_02412,25-34,Male,True
CUST_02413,35-44,Male,True
CUST_02414,35-44,Female,True
CUST_02415,35-44,Female,True
CUST_02416,35-44,Male,True
CUST_02417,45-54,Female,True
CUST_02418,18-24,Male,True
CUST_02419,18-24,Female,True
CUST_02420,18-24,Male,True
CUST_02421,25-34,Female,False
CUST_02422,55+,Female,True
CUST_02423,18-24,Non-binary,True
CUST_02424,55+,Female,True
CUST_02425,25-34,Male,True
CUST_02426,25-34,Male,True
CUST_02427,25-34,Male,True
CUST_02428,35-44,Male,True
CUST_02429,25-34,Female,True
CUST_02430,35-44,Female,True
CUST_02431,35-44,Female,True
CUST_02432,45-54,Female,True
CUST_02433,25-34,Female,True
CUST_02434,18-24,"Prefer not to say",True
CUST_02435,35-44,Male,True
CUST_02436,35-44,Female,True
CUST_02437,35-44,Female,True
CUST_02438,18-24,Male,False
CUST_02439,25-34,Male,True
CUST_02440,45-54,Female,True
CUST_02441,25-34,Female,True
CUST_02442,18-24,Female,True
CUST_02443,18-24,Female,True
CUST_02444,25-34,Female,True
CUST_02445,18-24,Female,True
CUST_02446,55+,Female,True
CUST_02447,18-24,Male,True
CUST_02448,25-34,Male,True
CUST_02449,35-44,Female,True
CUST_02450,25-34,Female,True
CUST_02451,25-34,Female,True
CUST_02452,55+,Female,True
CUST_02453,35-44,Male,True
CUST_02454,18-24,Male,True
CUST_02455,25-34,Female,True
CUST_02456,25-34,Female,True
CUST_02457,35-44,Non-binary,True
CUST_02458,25-34,Male,True
CUST_02459,45-54,Non-binary,True
CUST_02460,35-44,Female,True
CUST_02461,18-24,Female,True
CUST_02462,18-24,Female,True
CUST_02463,25-34,Male,True
CUST_02464,45-54,Male,True
CUST_02465,35-44,Male,True
CUST_02466,18-24,Male,True
CUST_02467,35-44,Male,True
CUST_02468,25-34,Female,True
CUST_02469,35-44,Male,True
CUST_02470,45-54,Male,True
CUST_02471,35-44,Female,True
CUST_02472,25-34,Male,True
CUST_02473,35-44,Male,True
CUST_02474,35-44,Female,False
CUST_02475,35-44,Female,True
CUST_02476,18-24,Male,True
CUST_02477,35-44,Male,True
CUST_02478,45-54,Female,True
CUST_02479,45-54,Male,True
CUST_02480,55+,Male,True
CUST_02481,25-34,Male,True
CUST_02482,35-44,Female,True
CUST_02483,35-44,Female,True
CUST_02484,45-54,Male,True
CUST_02485,25-34,Female,True
CUST_02486,55+,Male,True
CUST_02487,25-34,Male,True
CUST_02488,25-34,Male,True
CUST_02489,25-34,Female,True
CUST_02490,25-34,Male,True
CUST_02491,35-44,Male,True
CUST_02492,35-44,Female,True
CUST_02493,35-44,Female,True
CUST_02494,18-24,Female,True
CUST_02495,35-44,"Prefer not to say",True
CUST_02496,25-34,Female,True
CUST_02497,55+,"Prefer not to say",True
CUST_02498,25-34,Female,True
CUST_02499,25-34,Female,True
CUST_02500,55+,Male,True
CUST_02501,18-24,Female,True
CUST_02502,35-44,Female,True
CUST_02503,25-34,Male,True
CUST_02504,35-44,Female,True
CUST_02505,55+,Male,True
CUST_02506,18-24,Female,True
CUST_02507,18-24,Female,False
CUST_02508,45-54,"Prefer not to say",True
CUST_02509,25-34,Male,True
CUST_02510,35-44,Female,True
CUST_02511,18-24,Male,True
CUST_02512,25-34,Female,True
CUST_02513,25-34,Female,True
CUST_02514,25-34,Male,False
CUST_02515,35-44,Male,True
CUST_02516,35-44,Female,True
CUST_02517,18-24,Male,True
CUST_02518,25-34,Male,True
CUST_02519,35-44,Non-binary,True
CUST_02520,45-54,Female,True
CUST_02521,25-34,Female,True
CUST_02522,45-54,Female,True
CUST_02523,25-34,Female,True
CUST_02524,25-34,Female,True
CUST_02525,45-54,Male,True
CUST_02526,35-44,Male,True
CUST_02527,35-44,Male,True
CUST_02528,35-44,Female,True
CUST_02529,45-54,Male,True
CUST_02530,55+,Male,True
CUST_02531,18-24,"Prefer not to say",True
CUST_02532,35-44,Female,True
CUST_02533,35-44,Male,False
CUST_02534,35-44,Female,True
CUST_02535,45-54,Female,True
CUST_02536,25-34,Male,True
CUST_02537,25-34,Female,True
CUST_02538,25-34,Female,True
CUST_02539,55+,Male,True
CUST_02540,25-34,Male,True
CUST_02541,45-54,Female,True
CUST_02542,55+,Male,False
CUST_02543,18-24,Female,True
CUST_02544,35-44,Male,True
CUST_02545,55+,Female,True
CUST_02546,35-44,Female,True
CUST_02547,18-24,Female,True
CUST_02548,45-54,Non-binary,True
CUST_02549,35-44,Male,True
CUST_02550,35-44,Female,True
CUST_02551,35-44,Female,True
CUST_02552,18-24,Non-binary,True
CUST_02554,18-24,Female,True
CUST_02555,18-24,Female,True
CUST_02556,35-44,Male,True
CUST_02557,35-44,Male,True
CUST_02558,45-54,Male,True
CUST_02559,18-24,Male,True
CUST_02560,25-34,Male,True
CUST_02561,18-24,Male,True
CUST_02562,25-34,Male,True
CUST_02563,35-44,Female,True
CUST_02564,25-34,Male,True
CUST_02565,25-34,Male,True
CUST_02566,35-44,Male,True
CUST_02567,25-34,Male,True
CUST_02568,35-44,Male,True
CUST_02569,25-34,Male,True
CUST_02570,25-34,Female,True
CUST_02571,18-24,Male,True
CUST_02572,25-34,Male,True
CUST_02573,35-44,Female,True
CUST_02574,45-54,Female,True
CUST_02575,35-44,Male,True
CUST_02576,45-54,Female,True
CUST_02577,35-44,Female,True
CUST_02578,55+,Female,True
CUST_02579,25-34,Male,True
CUST_02580,45-54,Non-binary,False
CUST_02581,25-34,Female,True
CUST_02582,35-44,Female,True
CUST_02583,25-34,Male,True
CUST_02584,25-34,Female,True
CUST_02585,35-44,Non-binary,True
CUST_02586,25-34,Female,True
CUST_02587,35-44,Female,True
CUST_02588,45-54,Female,True
CUST_02589,18-24,Female,True
CUST_02590,25-34,Female,True
CUST_02591,18-24,Female,True
CUST_02592,35-44,Male,True
CUST_02593,18-24,Female,True
CUST_02594,45-54,Male,True
CUST_02595,35-44,Female,True
CUST_02596,35-44,Male,True
CUST_02597,25-34,Female,True
CUST_02598,35-44,"Prefer not to say",True
CUST_02599,25-34,Male,True
CUST_02600,45-54,Female,True
CUST_02601,45-54,Male,True
CUST_02602,45-54,Female,False
CUST_02603,25-34,Female,True
CUST_02604,18-24,Non-binary,True
CUST_02605,35-44,Female,True
CUST_02606,35-44,Female,True
CUST_02607,35-44,Female,True
CUST_02608,18-24,"Prefer not to say",True
CUST_02609,18-24,Male,True
CUST_02610,45-54,Female,True
CUST_02611,25-34,Female,True
CUST_02612,35-44,Male,True
CUST_02613,45-54,Female,True
CUST_02614,55+,Female,True
CUST_02615,18-24,Male,True
CUST_02616,18-24,Female,True
CUST_02617,25-34,Female,True
CUST_02618,18-24,Female,True
CUST_02619,25-34,Female,True
CUST_02620,55+,Male,True
CUST_02621,55+,Male,True
CUST_02622,55+,Male,True
CUST_02623,18-24,Male,True
CUST_02624,55+,Male,True
CUST_02625,18-24,Male,True
CUST_02626,25-34,Female,True
CUST_02627,18-24,Female,True
CUST_02628,45-54,Male,True
CUST_02629,45-54,Female,True
CUST_02630,25-34,Female,True
CUST_02631,25-34,Male,True
CUST_02632,25-34,Male,True
CUST_02633,35-44,Female,True
CUST_02634,25-34,Male,True
CUST_02635,25-34,Non-binary,True
CUST_02636,45-54,Male,True
CUST_02637,55+,Female,True
CUST_02638,18-24,Male,True
CUST_02639,18-24,Female,True
CUST_02640,25-34,Male,True
CUST_02641,55+,Male,True
CUST_02642,35-44,Male,True
CUST_02643,25-34,Female,True
CUST_02644,35-44,Male,True
CUST_02645,18-24,Female,True
CUST_02646,35-44,Female,True
CUST_02647,25-34,Male,True
CUST_02648,35-44,Female,True
CUST_02649,45-54,Male,True
CUST_02650,35-44,Male,True
CUST_02651,35-44,Male,True
CUST_02652,55+,Female,True
CUST_02653,35-44,Male,True
CUST_02654,25-34,Female,True
CUST_02655,18-24,Female,True
CUST_02656,55+,"Prefer not to say",True
CUST_02657,45-54,Female,True
CUST_02658,18-24,Female,True
CUST_02659,18-24,Female,True
CUST_02660,35-44,"Prefer not to say",True
CUST_02661,18-24,Female,True
CUST_02662,45-54,Male,True
CUST_02663,18-24,Male,True
CUST_02664,45-54,Female,False
CUST_02665,35-44,Female,True
CUST_02666,35-44,Male,True
CUST_02667,55+,Female,True
CUST_02668,25-34,Male,True
CUST_02669,55+,Female,True
CUST_02670,35-44,Female,True
CUST_02671,18-24,Female,True
CUST_02672,18-24,Male,True
CUST_02673,55+,Female,True
CUST_02674,35-44,Male,True
CUST_02675,18-24,Female,True
CUST_02676,45-54,Male,True
CUST_02677,18-24,Male,True
CUST_02678,45-54,Male,True
CUST_02679,18-24,Male,True
CUST_02680,35-44,Male,True
CUST_02681,25-34,Female,True
CUST_02682,25-34,Female,True
CUST_02683,25-34,Female,True
CUST_02684,45-54,Male,True
CUST_02685,18-24,Male,True
CUST_02686,55+,Male,True
CUST_02687,25-34,"Prefer not to say",True
CUST_02688,45-54,Male,True
CUST_02689,25-34,Female,True
CUST_02690,25-34,Female,True
CUST_02691,25-34,Female,True
CUST_02692,45-54,Male,True
CUST_02693,18-24,Male,True
CUST_02694,25-34,Female,False
CUST_02695,45-54,Female,True
CUST_02696,25-34,Female,True
CUST_02697,25-34,Male,True
CUST_02698,45-54,Male,True
CUST_02699,55+,Male,True
CUST_02700,35-44,"Prefer not to say",True
CUST_02701,35-44,Male,True
CUST_02702,55+,Female,True
CUST_02703,55+,Male,True
CUST_02704,55+,Female,True
CUST_02705,25-34,Male,True
CUST_02706,18-24,Female,True
CUST_02707,25-34,Female,True
CUST_02708,35-44,Female,True
CUST_02709,35-44,Male,True
CUST_02710,25-34,Female,True
CUST_02711,18-24,Female,True
CUST_02712,35-44,Female,True
CUST_02713,18-24,Male,True
CUST_02714,18-24,Male,True
CUST_02715,25-34,Male,True
CUST_02716,18-24,Male,True
CUST_02717,18-24,Non-binary,True
CUST_02718,35-44,Female,False
CUST_02719,55+,Female,True
CUST_02720,35-44,Male,False
CUST_02721,45-54,Male,True
CUST_02722,35-44,Female,True
CUST_02723,35-44,"Prefer not to say",True
CUST_02724,45-54,Female,True
CUST_02725,25-34,Female,True
CUST_02726,55+,Female,True
CUST_02727,55+,Male,False
CUST_02728,25-34,Non-binary,True
CUST_02729,45-54,Male,True
CUST_02730,18-24,Male,True
CUST_02731,45-54,Male,True
CUST_02732,25-34,Male,True
CUST_02733,55+,Male,True
CUST_02734,25-34,Female,True
CUST_02735,55+,Female,True
CUST_02736,18-24,Female,True
CUST_02737,18-24,Female,True
CUST_02738,25-34,Female,True
CUST_02739,55+,Female,True
CUST_02740,18-24,Male,True
CUST_02741,35-44,Male,True
CUST_02742,25-34,Female,True
CUST_02743,18-24,Female,True
CUST_02744,55+,Female,True
CUST_02745,25-34,Female,True
CUST_02746,55+,Female,True
CUST_02747,35-44,Non-binary,True
CUST_02748,25-34,Male,True
CUST_02749,45-54,Female,False
CUST_02750,45-54,Female,True
CUST_02751,18-24,"Prefer not to say",True
CUST_02752,45-54,Female,True
CUST_02753,35-44,Non-binary,True
CUST_02754,25-34,Female,True
CUST_02755,25-34,Female,True
CUST_02756,55+,Male,True
CUST_02757,35-44,"Prefer not to say",True
CUST_02758,18-24,Female,True
CUST_02759,45-54,Female,True
CUST_02760,18-24,Male,True
CUST_02761,25-34,Male,True
CUST_02762,35-44,Female,True
CUST_02763,35-44,Male,True
CUST_02764,18-24,Female,True
CUST_02765,35-44,Male,False
CUST_02766,18-24,Female,True
CUST_02767,35-44,Female,True
CUST_02768,18-24,Female,True
CUST_02769,25-34,Female,True
CUST_02770,45-54,Male,True
CUST_02771,55+,Male,True
CUST_02772,18-24,Female,True
CUST_02773,18-24,Male,True
CUST_02774,45-54,Female,True
CUST_02775,25-34,Female,True
CUST_02776,45-54,Male,True
CUST_02777,35-44,Non-binary,True
CUST_02778,18-24,Male,False
CUST_02779,35-44,Female,True
CUST_02780,55+,Male,True
CUST_02781,35-44,Male,True
CUST_02782,18-24,Male,True
CUST_02783,25-34,Female,True
CUST_02784,25-34,Male,True
CUST_02785,35-44,Female,True
CUST_02786,18-24,Female,True
CUST_02787,45-54,Male,True
CUST_02788,45-54,Male,True
CUST_02789,45-54,"Prefer not to say",True
CUST_02790,35-44,Male,True
CUST_02791,55+,Female,True
CUST_02792,18-24,Female,True
CUST_02793,45-54,Female,True
CUST_02794,35-44,Male,True
CUST_02795,18-24,Male,True
CUST_02796,25-34,Female,True
CUST_02797,35-44,Male,True
CUST_02798,55+,Male,True
CUST_02799,18-24,Female,True
CUST_02800,35-44,Female,True
CUST_02801,18-24,Female,True
CUST_02802,18-24,Male,True
CUST_02803,18-24,Female,True
CUST_02804,45-54,Male,True
CUST_02805,45-54,Female,True
CUST_02806,35-44,Male,True
CUST_02807,35-44,Female,True
CUST_02808,25-34,Non-binary,True
CUST_02809,35-44,Male,True
CUST_02810,18-24,Female,True
CUST_02811,55+,Female,True
CUST_02812,45-54,Male,True
CUST_02813,18-24,Male,True
CUST_02814,18-24,Female,True
CUST_02815,18-24,Male,True
CUST_02816,45-54,Female,True
CUST_02817,25-34,Female,True
CUST_02818,35-44,Male,False
CUST_02819,18-24,Female,True
CUST_02820,35-44,"Prefer not to say",True
CUST_02821,25-34,Male,True
CUST_02822,35-44,Male,True
CUST_02823,35-44,Male,True
CUST_02824,25-34,Male,True
CUST_02825,45-54,Female,True
CUST_02826,18-24,Female,True
CUST_02827,55+,Male,True
CUST_02828,45-54,Female,True
CUST_02829,18-24,Female,True
CUST_02830,35-44,Female,True
CUST_02831,25-34,Male,True
CUST_02832,35-44,Male,True
CUST_02833,45-54,Male,True
CUST_02834,18-24,Female,True
CUST_02835,45-54,Male,True
CUST_02836,25-34,Female,True
CUST_02837,25-34,Female,True
CUST_02838,18-24,Non-binary,True
CUST_02839,25-34,Male,True
CUST_02840,18-24,Female,True
CUST_02841,35-44,"Prefer not to say",True
CUST_02842,25-34,Male,True
CUST_02843,35-44,Male,True
CUST_02844,18-24,Female,True
CUST_02845,25-34,Male,True
CUST_02846,25-34,Female,True
CUST_02847,35-44,Female,True
CUST_02848,35-44,Female,True
CUST_02849,18-24,"Prefer not to say",True
CUST_02850,45-54,Male,True
CUST_02851,45-54,Female,True
CUST_02852,55+,Female,True
CUST_02853,45-54,Male,False
CUST_02854,35-44,Female,True
CUST_02855,25-34,Male,True
CUST_02856,35-44,Female,True
CUST_02857,35-44,Male,True
CUST_02858,35-44,Male,True
CUST_02859,55+,Male,True
CUST_02860,25-34,Female,True
CUST_02861,18-24,Female,True
CUST_02862,25-34,Female,True
CUST_02863,45-54,Female,True
CUST_02864,25-34,Female,True
CUST_02865,18-24,Female,True
CUST_02866,55+,Male,False
CUST_02867,25-34,Female,True
CUST_02868,18-24,Female,True
CUST_02869,25-34,Female,False
CUST_02870,45-54,Female,True
CUST_02871,18-24,Female,True
CUST_02872,45-54,Female,True
CUST_02873,25-34,Female,True
CUST_02874,25-34,Female,True
CUST_02875,35-44,Female,True
CUST_02876,18-24,Female,True
CUST_02877,25-34,Male,True
CUST_02878,25-34,Male,True
CUST_02879,55+,Female,False
CUST_02880,45-54,Female,True
CUST_02881,18-24,Female,True
CUST_02882,35-44,Male,True
CUST_02883,55+,Female,True
CUST_02884,45-54,Male,True
CUST_02885,25-34,Female,True
CUST_02886,25-34,Male,True
CUST_02887,35-44,Male,True
CUST_02888,35-44,Male,True
CUST_02889,55+,Male,True
CUST_02890,18-24,Female,True
CUST_02891,55+,Female,True
CUST_02892,55+,Male,True
CUST_02893,35-44,Male,True
CUST_02894,25-34,Male,True
CUST_02895,35-44,Male,True
CUST_02896,18-24,Male,True
CUST_02897,25-34,Female,True
CUST_02898,18-24,Female,True
CUST_02899,35-44,Female,True
CUST_02900,25-34,Female,True
CUST_02901,45-54,Non-binary,True
CUST_02902,45-54,Non-binary,True
CUST_02903,18-24,Female,True
CUST_02904,25-34,Male,True
CUST_02905,45-54,Male,True
CUST_02906,55+,Male,True
CUST_02907,25-34,Female,True
CUST_02908,25-34,Female,True
CUST_02909,35-44,Female,True
CUST_02910,25-34,"Prefer not to say",True
CUST_02911,35-44,Male,True
CUST_02912,25-34,Male,True
CUST_02913,35-44,Male,True
CUST_02914,18-24,Female,True
CUST_02915,25-34,Non-binary,True
CUST_02916,35-44,Male,True
CUST_02917,25-34,Female,False
CUST_02918,25-34,Female,True
CUST_02919,35-44,Female,True
CUST_02920,25-34,Male,True
CUST_02921,18-24,Female,True
CUST_02922,18-24,Male,True
CUST_02923,25-34,"Prefer not to say",True
CUST_02924,45-54,Male,True
CUST_02925,25-34,Female,True
CUST_02926,18-24,Non-binary,True
CUST_02927,35-44,Male,True
CUST_02928,55+,Female,True
CUST_02929,35-44,Female,True
CUST_02930,18-24,Male,True
CUST_02931,18-24,Male,True
CUST_02932,18-24,Male,True
CUST_02933,18-24,Female,True
CUST_02934,18-24,Male,True
CUST_02935,25-34,Male,True
CUST_02936,35-44,Male,True
CUST_02937,25-34,Non-binary,True
CUST_02938,25-34,Female,True
CUST_02939,18-24,Female,True
CUST_02940,25-34,Male,True
CUST_02941,35-44,"Prefer not to say",True
CUST_02942,25-34,Female,True
CUST_02943,25-34,Male,True
CUST_02944,55+,"Prefer not to say",True
CUST_02945,35-44,Male,True
CUST_02946,35-44,Non-binary,True
CUST_02947,25-34,Female,True
CUST_02948,35-44,Non-binary,True
CUST_02949,18-24,Female,True
CUST_02950,25-34,Male,True
CUST_02951,45-54,Male,True
CUST_02952,18-24,Male,True
CUST_02953,35-44,Female,True
CUST_02954,25-34,Non-binary,True
CUST_02955,25-34,Male,True
CUST_02956,35-44,Male,True
CUST_02957,35-44,Male,True
CUST_02958,35-44,Male,True
CUST_02959,25-34,Female,True
CUST_02960,55+,Non-binary,False
CUST_02961,25-34,Male,True
CUST_02962,45-54,Male,True
CUST_02963,25-34,Male,True
CUST_02964,25-34,"Prefer not to say",True
CUST_02965,45-54,Male,True
CUST_02966,35-44,Male,True
CUST_02967,55+,Female,True
CUST_02968,25-34,Female,True
CUST_02969,55+,Male,True
CUST_02970,45-54,Male,True
CUST_02971,35-44,Male,True
CUST_02972,25-34,Female,True
CUST_02973,45-54,"Prefer not to say",True
CUST_02974,18-24,"Prefer not to say",True
CUST_02975,45-54,Male,True
CUST_02976,25-34,Non-binary,True
CUST_02977,25-34,Female,True
CUST_02978,35-44,Female,True
CUST_02979,18-24,Male,True
CUST_02980,25-34,Female,True
CUST_02981,18-24,Female,True
CUST_02982,45-54,Male,True
CUST_02983,35-44,Female,True
CUST_02984,18-24,Male,True
CUST_02985,25-34,"Prefer not to say",True
CUST_02986,45-54,Female,True
CUST_02987,35-44,Female,True
CUST_02988,25-34,Female,True
CUST_02989,35-44,Male,True
CUST_02990,18-24,Male,True
CUST_02991,55+,Male,True
CUST_02992,35-44,Female,True
CUST_02993,35-44,Female,False
CUST_02994,35-44,Female,False
CUST_02995,35-44,Male,True
CUST_02996,35-44,Female,True
CUST_02997,45-54,Male,True
CUST_02998,18-24,Male,True
CUST_02999,45-54,Male,True
CUST_03000,18-24,Male,True
CUST_03001,25-34,Non-binary,True
CUST_03002,25-34,Male,True
CUST_03003,35-44,Non-binary,True
CUST_03004,35-44,Female,True
CUST_03005,18-24,Male,True
CUST_03006,45-54,Female,True
CUST_03007,45-54,Female,True
CUST_03008,35-44,Male,True
CUST_03009,35-44,Female,True
CUST_03010,18-24,Female,True
CUST_03011,45-54,Male,True
CUST_03012,35-44,Male,True
CUST_03013,25-34,Male,True
CUST_03014,55+,Male,True
CUST_03015,18-24,Male,True
CUST_03016,18-24,Female,True
CUST_03017,35-44,Female,True
CUST_03018,35-44,Female,True
CUST_03019,35-44,Female,True
CUST_03020,18-24,Female,False
CUST_03021,18-24,Female,True
CUST_03022,55+,Female,True
CUST_03023,25-34,Male,True
CUST_03024,45-54,Female,True
CUST_03025,35-44,Female,True
CUST_03026,25-34,Female,True
CUST_03027,18-24,Female,True
CUST_03028,25-34,Female,True
CUST_03029,18-24,Male,True
CUST_03030,18-24,Male,True
CUST_03031,18-24,Female,True
CUST_03032,45-54,Male,True
CUST_03033,45-54,Female,False
CUST_03034,18-24,Male,False
CUST_03035,45-54,Female,True
CUST_03036,18-24,Male,True
CUST_03037,25-34,Male,True
CUST_03038,35-44,Female,True
CUST_03039,45-54,Non-binary,True
CUST_03040,25-34,Non-binary,True
CUST_03041,18-24,Male,True
CUST_03042,18-24,Female,True
CUST_03043,55+,Non-binary,True
CUST_03044,25-34,Male,True
CUST_03045,35-44,Female,True
CUST_03046,25-34,Female,True
CUST_03047,18-24,Female,True
CUST_03048,18-24,Male,True
CUST_03049,18-24,Male,True
CUST_03050,55+,Female,True
CUST_03051,55+,Male,True
CUST_03052,25-34,Female,True
CUST_03053,35-44,Male,True
CUST_03054,35-44,Male,True
CUST_03055,55+,Male,True
CUST_03056,25-34,Male,True
CUST_03057,25-34,Male,True
CUST_03058,18-24,"Prefer not to say",True
CUST_03059,18-24,Male,True
CUST_03060,18-24,Female,True
CUST_03061,35-44,Female,True
CUST_03062,18-24,Male,True
CUST_03063,18-24,Male,True
CUST_03064,35-44,Male,True
CUST_03065,55+,Male,True
CUST_03066,35-44,Male,True
CUST_03067,45-54,Male,True
CUST_03068,18-24,Female,True
CUST_03069,25-34,Female,True
CUST_03070,18-24,"Prefer not to say",True
CUST_03071,25-34,Male,True
CUST_03072,25-34,Female,True
CUST_03073,18-24,Male,True
CUST_03074,25-34,Female,True
CUST_03075,18-24,Non-binary,True
CUST_03076,55+,Male,True
CUST_03077,55+,Male,True
CUST_03078,35-44,"Prefer not to say",True
CUST_03079,18-24,Female,True
CUST_03080,35-44,Male,True
CUST_03081,35-44,Female,True
CUST_03082,25-34,Female,True
CUST_03083,35-44,Male,True
CUST_03084,25-34,Female,True
CUST_03085,25-34,Female,True
CUST_03086,25-34,Female,True
CUST_03087,18-24,Male,True
CUST_03088,25-34,Female,True
CUST_03089,18-24,Male,True
CUST_03090,18-24,Male,True
CUST_03091,35-44,"Prefer not to say",True
CUST_03092,25-34,Female,True
CUST_03093,18-24,Female,True
CUST_03094,18-24,Male,True
CUST_03095,45-54,Female,True
CUST_03096,45-54,Male,True
CUST_03097,35-44,Female,True
CUST_03098,25-34,Male,True
CUST_03099,45-54,Female,True
CUST_03100,55+,Male,True
CUST_03101,25-34,Non-binary,True
CUST_03102,25-34,Male,True
CUST_03103,25-34,Female,True
CUST_03104,18-24,Female,True
CUST_03105,45-54,Male,True
CUST_03106,35-44,Female,True
CUST_03107,18-24,Female,True
CUST_03108,25-34,Male,True
CUST_03109,35-44,Female,True
CUST_03110,35-44,Female,True
CUST_03111,25-34,Female,True
CUST_03112,35-44,Male,True
CUST_03113,25-34,"Prefer not to say",True
CUST_03114,35-44,Male,True
CUST_03115,55+,Male,True
CUST_03116,18-24,Male,True
CUST_03117,45-54,Male,True
CUST_03118,35-44,Male,True
CUST_03119,45-54,Male,True
CUST_03120,18-24,Male,True
CUST_03121,25-34,Male,True
CUST_03122,35-44,Male,True
CUST_03123,35-44,Female,True
CUST_03124,55+,Male,True
CUST_03125,25-34,Male,True
CUST_03126,18-24,Male,True
CUST_03127,25-34,Female,True
CUST_03128,35-44,Non-binary,True
CUST_03129,25-34,Female,True
CUST_03130,35-44,"Prefer not to say",True
CUST_03131,25-34,Male,True
CUST_03132,35-44,Female,False
CUST_03133,18-24,Female,True
CUST_03134,25-34,Female,True
CUST_03135,45-54,Male,True
CUST_03136,35-44,Male,True
CUST_03137,25-34,Female,True
CUST_03138,45-54,Female,True
CUST_03139,45-54,Female,True
CUST_03140,25-34,Male,True
CUST_03141,55+,Male,True
CUST_03142,25-34,Female,True
CUST_03143,18-24,Female,True
CUST_03144,18-24,Male,True
CUST_03145,18-24,Female,True
CUST_03146,25-34,Male,True
CUST_03147,45-54,Female,True
CUST_03148,25-34,Female,True
CUST_03149,25-34,Female,True
CUST_03150,25-34,Male,True
CUST_03151,35-44,Female,True
CUST_03152,45-54,Male,True
CUST_03153,18-24,Female,True
CUST_03154,45-54,Female,True
CUST_03155,25-34,"Prefer not to say",True
CUST_03156,35-44,Female,True
CUST_03157,55+,Female,True
CUST_03158,35-44,Female,True
CUST_03159,25-34,Female,True
CUST_03160,35-44,Female,True
CUST_03161,25-34,Male,True
CUST_03162,18-24,Female,True
CUST_03163,25-34,Male,True
CUST_03164,25-34,Female,True
CUST_03165,18-24,Male,True
CUST_03166,25-34,Female,True
CUST_03167,35-44,Male,True
CUST_03168,35-44,Male,False
CUST_03169,18-24,Male,True
CUST_03170,25-34,Female,True
CUST_03171,25-34,Female,True
CUST_03172,25-34,Female,True
CUST_03173,18-24,Male,True
CUST_03174,18-24,Male,True
CUST_03175,45-54,Female,True
CUST_03176,18-24,Female,True
CUST_03177,55+,Female,True
CUST_03178,18-24,Female,True
CUST_03179,18-24,Female,True
CUST_03180,45-54,Non-binary,True
CUST_03181,25-34,Male,True
CUST_03182,35-44,Male,True
CUST_03183,55+,Female,True
CUST_03184,18-24,Male,True
CUST_03185,35-44,Non-binary,True
CUST_03186,35-44,Female,True
CUST_03187,55+,Non-binary,True
CUST_03188,25-34,Female,True
CUST_03189,25-34,Male,True
CUST_03190,45-54,Male,True
CUST_03191,35-44,Male,True
CUST_03192,35-44,Male,True
CUST_03193,25-34,Male,True
CUST_03194,18-24,"Prefer not to say",True
CUST_03195,25-34,Male,True
CUST_03196,35-44,Female,True
CUST_03197,25-34,Non-binary,True
CUST_03198,25-34,Male,True
CUST_03199,35-44,"Prefer not to say",True
CUST_03200,45-54,Non-binary,True
CUST_03201,25-34,Female,True
CUST_03202,45-54,Male,True
CUST_03203,55+,Female,True
CUST_03204,45-54,Female,True
CUST_03205,55+,Female,True
CUST_03206,45-54,Male,True
CUST_03207,35-44,Male,True
CUST_03208,55+,Male,True
CUST_03209,45-54,Male,True
CUST_03210,45-54,Female,True
CUST_03211,25-34,Non-binary,True
CUST_03212,25-34,"Prefer not to say",True
CUST_03213,25-34,Male,True
CUST_03214,45-54,Male,False
CUST_03215,25-34,Female,True
CUST_03216,55+,Female,True
CUST_03217,45-54,Female,True
CUST_03218,25-34,Male,True
CUST_03219,45-54,Female,True
CUST_03220,55+,Female,True
CUST_03221,25-34,Female,True
CUST_03222,35-44,Female,True
CUST_03223,45-54,Female,True
CUST_03224,35-44,Female,True
CUST_03225,25-34,Female,True
CUST_03226,45-54,Female,True
CUST_03227,25-34,Male,True
CUST_03228,18-24,Female,True
CUST_03229,35-44,Female,False
CUST_03230,18-24,Male,True
CUST_03231,35-44,Male,True
CUST_03232,18-24,Male,True
CUST_03233,35-44,"Prefer not to say",True
CUST_03234,45-54,Female,True
CUST_03235,45-54,Female,False
CUST_03236,45-54,Male,True
CUST_03237,25-34,Female,True
CUST_03238,25-34,Female,True
CUST_03239,45-54,Female,True
CUST_03240,18-24,Male,True
CUST_03241,18-24,Female,True
CUST_03242,55+,Female,False
CUST_03243,25-34,Non-binary,True
CUST_03244,55+,Female,True
CUST_03245,35-44,Non-binary,True
CUST_03246,55+,Male,True
CUST_03247,35-44,Male,True
CUST_03248,25-34,Male,True
CUST_03249,25-34,Male,True
CUST_03250,25-34,Non-binary,True
CUST_03251,18-24,Female,True
CUST_03252,25-34,Non-binary,True
CUST_03253,25-34,Female,True
CUST_03254,18-24,Female,True
CUST_03255,18-24,Female,True
CUST_03256,45-54,Male,True
CUST_03257,25-34,Male,True
CUST_03258,45-54,Female,True
CUST_03259,55+,Male,True
CUST_03260,35-44,Male,True
CUST_03261,25-34,Male,True
CUST_03262,25-34,Male,True
CUST_03263,35-44,Non-binary,True
CUST_03264,25-34,Female,True
CUST_03265,25-34,Male,True
CUST_03266,18-24,Male,True
CUST_03267,35-44,Female,True
CUST_03268,35-44,Female,True
CUST_03269,35-44,Male,True
CUST_03270,18-24,Male,True
CUST_03271,25-34,Male,True
CUST_03272,55+,"Prefer not to say",True
CUST_03273,55+,"Prefer not to say",True
CUST_03274,35-44,Female,True
CUST_03275,18-24,Male,True
CUST_03276,35-44,Male,True
CUST_03277,25-34,Male,True
CUST_03278,55+,Female,True
CUST_03279,35-44,Male,True
CUST_03280,35-44,Non-binary,True
CUST_03281,45-54,Male,True
CUST_03282,25-34,Female,True
CUST_03283,18-24,Male,True
CUST_03284,18-24,Male,True
CUST_03285,45-54,Female,True
CUST_03286,35-44,Non-binary,True
CUST_03287,25-34,Female,True
CUST_03288,35-44,Female,True
CUST_03289,25-34,Male,True
CUST_03290,45-54,Male,True
CUST_03291,55+,Female,True
CUST_03292,18-24,Female,True
CUST_03293,35-44,Female,False
CUST_03294,18-24,Male,True
CUST_03295,25-34,Male,True
CUST_03296,25-34,Female,True
CUST_03297,25-34,"Prefer not to say",False
CUST_03298,55+,Male,True
CUST_03299,25-34,Female,True
CUST_03300,25-34,Female,True
CUST_03301,45-54,Female,True
CUST_03302,18-24,Male,True
CUST_03303,45-54,Male,True
CUST_03304,18-24,Female,True
CUST_03305,25-34,Female,True
CUST_03306,35-44,Female,True
CUST_03307,55+,Female,True
CUST_03308,35-44,Male,True
CUST_03309,18-24,Female,True
CUST_03310,35-44,Female,True
CUST_03311,18-24,Female,True
CUST_03312,35-44,Male,True
CUST_03313,35-44,"Prefer not to say",True
CUST_03314,45-54,Male,True
CUST_03315,18-24,Female,True
CUST_03316,35-44,Female,True
CUST_03317,55+,Female,True
CUST_03318,18-24,"Prefer not to say",True
CUST_03319,35-44,"Prefer not to say",True
CUST_03320,25-34,Female,True
CUST_03321,35-44,"Prefer not to say",True
CUST_03322,35-44,Male,True
CUST_03323,18-24,Female,True
CUST_03324,25-34,Male,True
CUST_03325,18-24,"Prefer not to say",True
CUST_03326,25-34,Male,True
CUST_03327,18-24,"Prefer not to say",True
CUST_03328,45-54,Male,True
CUST_03329,45-54,Male,True
CUST_03330,45-54,Male,True
CUST_03331,45-54,Female,True
CUST_03332,18-24,Female,True
CUST_03333,25-34,Female,True
CUST_03334,25-34,Female,True
CUST_03335,18-24,Female,True
CUST_03336,45-54,Female,True
CUST_03337,25-34,Female,True
CUST_03338,25-34,Female,True
CUST_03339,25-34,Female,True
CUST_03340,45-54,Female,True
CUST_03341,25-34,Male,True
CUST_03342,18-24,Male,True
CUST_03343,25-34,Male,True
CUST_03344,35-44,Male,True
CUST_03345,25-34,Female,True
CUST_03346,35-44,Male,True
CUST_03347,25-34,Non-binary,True
CUST_03348,25-34,Male,True
CUST_03349,18-24,Non-binary,True
CUST_03350,45-54,Female,True
CUST_03351,25-34,Male,True
CUST_03352,18-24,Male,True
CUST_03353,18-24,Male,True
CUST_03354,18-24,Female,True
CUST_03355,35-44,Male,True
CUST_03356,25-34,Male,True
CUST_03357,35-44,Male,True
CUST_03358,35-44,Male,True
CUST_03359,18-24,Male,True
CUST_03360,18-24,Female,True
CUST_03361,25-34,Female,True
CUST_03362,25-34,Female,True
CUST_03363,35-44,Male,True
CUST_03364,55+,Female,True
CUST_03365,18-24,Male,True
CUST_03366,35-44,Female,True
CUST_03367,45-54,Male,True
CUST_03368,35-44,Male,True
CUST_03369,18-24,Male,True
CUST_03370,25-34,Female,True
CUST_03371,45-54,"Prefer not to say",True
CUST_03372,35-44,Female,True
CUST_03373,35-44,"Prefer not to say",True
CUST_03374,25-34,Female,True
CUST_03375,35-44,Male,True
CUST_03376,25-34,Male,True
CUST_03377,18-24,Male,True
CUST_03378,18-24,"Prefer not to say",True
CUST_03379,45-54,Male,True
CUST_03380,35-44,Female,True
CUST_03381,25-34,Female,True
CUST_03382,45-54,Male,True
CUST_03383,25-34,Female,True
CUST_03384,25-34,Male,True
CUST_03385,18-24,Male,True
CUST_03386,35-44,"Prefer not to say",True
CUST_03387,25-34,Female,True
CUST_03388,35-44,Male,True
CUST_03389,35-44,Female,False
CUST_03390,18-24,Male,True
CUST_03391,35-44,Female,True
CUST_03392,55+,Female,True
CUST_03393,35-44,Female,True
CUST_03394,35-44,Male,True
CUST_03395,25-34,Female,True
CUST_03396,35-44,Female,True
CUST_03397,35-44,Female,True
CUST_03398,25-34,Female,False
CUST_03399,35-44,Male,True
CUST_03400,25-34,Male,True
CUST_03401,45-54,Male,True
CUST_03402,25-34,Female,True
CUST_03403,55+,Male,True
CUST_03404,35-44,Male,True
CUST_03405,25-34,Male,True
CUST_03406,25-34,Male,True
CUST_03407,25-34,Non-binary,True
CUST_03408,25-34,Female,True
CUST_03409,45-54,Female,True
CUST_03410,18-24,Male,True
CUST_03411,35-44,"Prefer not to say",True
CUST_03412,45-54,Female,True
CUST_03413,35-44,Female,True
CUST_03414,45-54,Female,True
CUST_03415,35-44,Male,True
CUST_03416,35-44,Female,True
CUST_03417,18-24,Male,True
CUST_03418,35-44,Male,True
CUST_03419,25-34,"Prefer not to say",True
CUST_03420,25-34,Male,True
CUST_03421,18-24,Male,True
CUST_03422,45-54,Male,True
CUST_03423,18-24,Female,True
CUST_03424,45-54,Male,True
CUST_03425,18-24,Male,True
CUST_03426,35-44,Male,True
CUST_03427,25-34,Male,True
CUST_03428,25-34,Male,True
CUST_03429,18-24,Female,True
CUST_03430,25-34,Male,True
CUST_03431,35-44,Female,True
CUST_03432,35-44,Female,True
CUST_03433,55+,Male,True
CUST_03434,25-34,Female,True
CUST_03435,18-24,Male,True
CUST_03436,35-44,Female,True
CUST_03437,55+,Female,True
CUST_03438,18-24,Male,True
CUST_03439,35-44,Female,True
CUST_03440,55+,Male,True
CUST_03441,25-34,Male,True
CUST_03442,35-44,Female,True
CUST_03443,18-24,Female,True
CUST_03444,25-34,Male,True
CUST_03445,45-54,Male,True
CUST_03446,25-34,Female,True
CUST_03447,25-34,Female,True
CUST_03448,25-34,Female,True
CUST_03449,18-24,Male,True
CUST_03450,45-54,Male,True
CUST_03451,35-44,Male,True
CUST_03452,45-54,Male,True
CUST_03453,25-34,Female,True
CUST_03454,25-34,Male,True
CUST_03455,25-34,Female,True
CUST_03456,45-54,Male,True
CUST_03457,18-24,Male,True
CUST_03458,18-24,Female,True
CUST_03459,55+,Male,False
CUST_03460,25-34,"Prefer not to say",True
CUST_03461,18-24,Male,True
CUST_03462,45-54,Female,True
CUST_03463,35-44,Non-binary,True
CUST_03464,18-24,Female,True
CUST_03465,35-44,Female,True
CUST_03466,35-44,Male,True
CUST_03467,25-34,Female,True
CUST_03468,35-44,Male,True
CUST_03469,35-44,Non-binary,True
CUST_03470,18-24,Male,True
CUST_03471,35-44,Non-binary,True
CUST_03472,35-44,Male,True
CUST_03473,25-34,Female,True
CUST_03474,45-54,Female,True
CUST_03475,35-44,Female,True
CUST_03476,45-54,Male,True
CUST_03477,18-24,Male,True
CUST_03478,18-24,Male,True
CUST_03479,35-44,Female,True
CUST_03480,18-24,"Prefer not to say",True
CUST_03481,25-34,Male,True
CUST_03482,35-44,Female,True
CUST_03483,45-54,Male,True
CUST_03484,18-24,Female,True
CUST_03485,35-44,Male,True
CUST_03486,45-54,Female,True
CUST_03487,55+,Male,True
CUST_03488,18-24,Male,True
CUST_03489,35-44,Male,True
CUST_03490,18-24,Female,True
CUST_03491,18-24,Male,True
CUST_03492,35-44,Female,True
CUST_03493,55+,Female,True
CUST_03494,55+,Female,True
CUST_03495,45-54,Female,True
CUST_03496,35-44,Female,True
CUST_03497,25-34,Male,True
CUST_03498,45-54,Female,True
CUST_03499,35-44,Female,True
CUST_03500,35-44,Male,True
CUST_03501,25-34,Female,True
CUST_03502,45-54,Male,True
CUST_03503,18-24,Female,True
CUST_03504,45-54,Male,True
CUST_03505,18-24,Female,True
CUST_03506,25-34,Male,True
CUST_03507,25-34,Female,True
CUST_03508,35-44,Female,True
CUST_03509,25-34,Male,True
CUST_03510,25-34,Male,True
CUST_03511,25-34,Non-binary,True
CUST_03512,25-34,"Prefer not to say",True
CUST_03513,45-54,Male,True
CUST_03514,18-24,Female,True
CUST_03515,18-24,Female,True
CUST_03516,45-54,Male,True
CUST_03517,25-34,Female,True
CUST_03518,35-44,Non-binary,False
CUST_03519,25-34,"Prefer not to say",True
CUST_03520,35-44,Male,True
CUST_03521,18-24,Female,True
CUST_03522,18-24,Male,False
CUST_03523,25-34,"Prefer not to say",True
CUST_03524,25-34,Female,False
CUST_03525,45-54,Male,True
CUST_03526,35-44,Male,True
CUST_03527,45-54,Female,True
CUST_03528,25-34,Female,True
CUST_03529,25-34,Male,True
CUST_03530,25-34,Female,True
CUST_03531,25-34,Female,True
CUST_03532,35-44,Non-binary,True
CUST_03533,45-54,Female,True
CUST_03534,35-44,Female,True
CUST_03535,45-54,Female,True
CUST_03536,25-34,Male,True
CUST_03537,25-34,Female,True
CUST_03538,25-34,Female,True
CUST_03539,35-44,Male,True
CUST_03540,25-34,Male,True
CUST_03541,35-44,"Prefer not to say",True
CUST_03542,45-54,Female,True
CUST_03543,35-44,Female,True
CUST_03544,35-44,Female,True
CUST_03545,45-54,Female,True
CUST_03546,35-44,Male,True
CUST_03547,35-44,Male,True
CUST_03548,35-44,Female,True
CUST_03549,18-24,Female,True
CUST_03550,18-24,Female,True
CUST_03551,45-54,Male,True
CUST_03552,55+,Male,True
CUST_03553,18-24,Female,True
CUST_03554,25-34,Female,True
CUST_03555,45-54,Male,True
CUST_03556,45-54,Female,True
CUST_03557,25-34,Male,False
CUST_03558,45-54,Male,False
CUST_03559,25-34,Male,True
CUST_03560,45-54,Male,True
CUST_03561,25-34,Male,True
CUST_03562,18-24,Male,True
CUST_03563,18-24,Male,True
CUST_03564,18-24,Male,True
CUST_03565,25-34,Male,True
CUST_03566,35-44,Male,True
CUST_03567,18-24,Male,True
CUST_03568,25-34,Male,True
CUST_03569,25-34,Male,True
CUST_03570,25-34,Female,True
CUST_03571,18-24,Male,True
CUST_03572,45-54,Female,True
CUST_03573,25-34,Female,True
CUST_03574,25-34,Male,True
CUST_03575,18-24,Female,True
CUST_03576,25-34,Female,True
CUST_03577,25-34,Male,True
CUST_03578,45-54,Male,True
CUST_03579,55+,Female,True
CUST_03580,25-34,Female,False
CUST_03581,45-54,Male,True
CUST_03582,25-34,Male,True
CUST_03583,35-44,Male,True
CUST_03584,55+,Male,True
CUST_03585,55+,Female,True
CUST_03586,35-44,Male,True
CUST_03587,55+,Female,True
CUST_03588,18-24,Female,True
CUST_03589,45-54,Male,True
CUST_03590,55+,Male,True
CUST_03591,55+,Female,False
CUST_03592,35-44,Female,True
CUST_03593,25-34,Male,True
CUST_03594,35-44,Female,True
CUST_03595,35-44,Male,True
CUST_03596,35-44,Female,True
CUST_03597,25-34,Male,True
CUST_03598,18-24,Male,True
CUST_03599,35-44,Male,True
CUST_03600,25-34,Female,True
CUST_03601,55+,Male,True
CUST_03602,35-44,Male,True
CUST_03603,25-34,Female,True
CUST_03604,25-34,Male,True
CUST_03605,55+,Male,True
CUST_03606,25-34,Female,True
CUST_03607,18-24,Female,True
CUST_03608,35-44,Male,True
CUST_03609,25-34,Non-binary,True
CUST_03610,35-44,Male,True
CUST_03611,45-54,Female,True
CUST_03612,45-54,Female,True
CUST_03613,45-54,Female,True
CUST_03614,18-24,Male,True
CUST_03615,45-54,Female,True
CUST_03616,35-44,Male,True
CUST_03617,45-54,Female,True
CUST_03618,25-34,Male,True
CUST_03619,45-54,Female,True
CUST_03620,18-24,Female,True
CUST_03621,55+,Male,True
CUST_03622,25-34,Male,True
CUST_03623,25-34,Non-binary,True
CUST_03624,25-34,Male,True
CUST_03625,35-44,Male,True
CUST_03626,35-44,Male,True
CUST_03627,25-34,Male,True
CUST_03628,25-34,Non-binary,True
CUST_03629,35-44,Male,True
CUST_03630,18-24,Female,True
CUST_03631,25-34,Female,True
CUST_03632,35-44,Female,True
CUST_03633,35-44,Female,True
CUST_03634,35-44,Female,True
CUST_03635,35-44,Male,False
CUST_03636,18-24,Male,True
CUST_03637,25-34,Female,True
CUST_03638,25-34,Female,True
CUST_03639,45-54,Male,True
CUST_03640,35-44,"Prefer not to say",True
CUST_03641,35-44,Female,True
CUST_03642,25-34,Female,True
CUST_03643,25-34,Non-binary,True
CUST_03644,35-44,Non-binary,True
CUST_03645,18-24,Non-binary,True
CUST_03646,25-34,"Prefer not to say",True
CUST_03647,25-34,Female,True
CUST_03648,25-34,Male,True
CUST_03649,45-54,Female,True
CUST_03650,25-34,Male,True
CUST_03651,25-34,Male,True
CUST_03652,18-24,Male,True
CUST_03653,18-24,Female,True
CUST_03654,18-24,Female,False
CUST_03655,55+,Male,True
CUST_03656,18-24,Male,True
CUST_03657,18-24,Male,True
CUST_03658,35-44,Male,True
CUST_03659,25-34,Female,True
CUST_03660,35-44,Female,True
CUST_03661,25-34,Male,True
CUST_03662,18-24,Male,False
CUST_03663,25-34,Male,True
CUST_03664,25-34,Female,True
CUST_03665,55+,Female,True
CUST_03666,35-44,Female,True
CUST_03667,35-44,Female,True
CUST_03668,18-24,Male,True
CUST_03669,18-24,Male,True
CUST_03670,45-54,Male,True
CUST_03671,18-24,Non-binary,True
CUST_03672,25-34,Male,True
CUST_03673,35-44,Male,True
CUST_03674,35-44,Female,True
CUST_03675,25-34,Male,True
CUST_03676,18-24,Female,True
CUST_03677,25-34,Female,True
CUST_03678,35-44,Male,True
CUST_03679,25-34,Female,True
CUST_03680,45-54,Female,True
CUST_03681,25-34,Non-binary,True
CUST_03682,45-54,Female,True
CUST_03683,25-34,Male,True
CUST_03684,18-24,Female,True
CUST_03685,18-24,Female,True
CUST_03686,18-24,Female,True
CUST_03687,35-44,Male,True
CUST_03688,25-34,Female,True
CUST_03689,25-34,Male,True
CUST_03690,45-54,Male,True
CUST_03691,25-34,Male,True
CUST_03692,55+,Female,True
CUST_03693,25-34,Female,True
CUST_03694,45-54,Male,True
CUST_03695,25-34,Male,True
CUST_03696,25-34,Male,True
CUST_03697,35-44,Female,True
CUST_03698,18-24,Female,True
CUST_03699,45-54,Female,True
CUST_03700,25-34,Male,True
CUST_03701,25-34,Non-binary,True
CUST_03702,45-54,Male,True
CUST_03703,35-44,Female,True
CUST_03704,55+,Female,True
CUST_03705,25-34,Female,True
CUST_03706,55+,Female,True
CUST_03707,25-34,Male,True
CUST_03708,25-34,Female,True
CUST_03709,18-24,Male,True
CUST_03710,18-24,Male,True
CUST_03711,25-34,Female,True
CUST_03712,25-34,Female,False
CUST_03713,55+,Male,True
CUST_03714,35-44,Male,True
CUST_03715,18-24,"Prefer not to say",True
CUST_03716,25-34,Male,True
CUST_03717,18-24,Male,True
CUST_03718,25-34,Male,True
CUST_03719,35-44,Female,True
CUST_03720,18-24,Male,True
CUST_03721,18-24,Male,True
CUST_03722,45-54,Female,True
CUST_03723,25-34,Female,True
CUST_03724,18-24,Male,True
CUST_03725,45-54,Non-binary,True
CUST_03726,18-24,Female,True
CUST_03727,25-34,Female,True
CUST_03728,18-24,Non-binary,True
CUST_03729,25-34,Male,True
CUST_03730,45-54,Female,True
CUST_03731,55+,"Prefer not to say",True
CUST_03732,55+,Female,True
CUST_03733,45-54,Male,True
CUST_03734,18-24,Non-binary,True
CUST_03735,45-54,Male,True
CUST_03736,25-34,Male,True
CUST_03737,35-44,"Prefer not to say",True
CUST_03738,25-34,Male,True
CUST_03739,35-44,Male,True
CUST_03740,35-44,Female,True
CUST_03741,25-34,Male,True
CUST_03742,45-54,Female,True
CUST_03743,45-54,"Prefer not to say",True
CUST_03744,45-54,Male,True
CUST_03745,18-24,Female,True
CUST_03746,35-44,Male,True
CUST_03747,35-44,Female,True
CUST_03748,35-44,Female,True
CUST_03749,25-34,Female,True
CUST_03750,25-34,Male,True
CUST_03751,35-44,Female,True
CUST_03752,25-34,Male,True
CUST_03753,25-34,Non-binary,True
CUST_03754,35-44,Male,True
CUST_03755,25-34,Male,True
CUST_03756,45-54,Male,True
CUST_03757,25-34,Female,True
CUST_03758,35-44,Non-binary,True
CUST_03759,25-34,Female,True
CUST_03760,18-24,Male,True
CUST_03761,25-34,Male,True
CUST_03762,35-44,Female,True
CUST_03763,35-44,Male,True
CUST_03764,25-34,Male,True
CUST_03765,45-54,Male,True
CUST_03766,25-34,Male,True
CUST_03767,25-34,Female,True
CUST_03768,25-34,Male,True
CUST_03769,45-54,Female,True
CUST_03770,35-44,Female,False
CUST_03771,55+,Male,True
CUST_03772,18-24,Male,True
CUST_03773,25-34,Male,True
CUST_03774,25-34,Male,True
CUST_03775,45-54,Female,True
CUST_03776,25-34,Female,True
CUST_03777,55+,"Prefer not to say",True
CUST_03778,45-54,Female,True
CUST_03779,55+,Male,True
CUST_03780,25-34,Female,True
CUST_03781,45-54,Male,True
CUST_03782,25-34,Female,True
CUST_03783,35-44,Female,True
CUST_03784,35-44,Female,True
CUST_03785,18-24,Male,True
CUST_03786,25-34,Female,True
CUST_03787,25-34,Female,True
CUST_03788,45-54,Female,True
CUST_03789,35-44,Female,True
CUST_03790,45-54,Male,True
CUST_03791,18-24,Female,True
CUST_03792,35-44,Male,True
CUST_03793,25-34,Female,True
CUST_03794,25-34,Female,True
CUST_03795,18-24,Non-binary,True
CUST_03796,18-24,Female,True
CUST_03797,45-54,Male,True
CUST_03798,25-34,Female,True
CUST_03799,25-34,Female,True
CUST_03800,35-44,Male,True
CUST_03802,55+,Male,True
CUST_03803,55+,Male,True
CUST_03804,35-44,Female,True
CUST_03805,35-44,Female,True
CUST_03806,55+,Male,True
CUST_03807,25-34,Female,True
CUST_03808,18-24,Male,True
CUST_03809,35-44,Female,True
CUST_03810,45-54,Male,True
CUST_03811,18-24,Female,True
CUST_03812,18-24,Female,True
CUST_03813,25-34,Male,True
CUST_03814,18-24,"Prefer not to say",True
CUST_03815,25-34,Male,True
CUST_03816,35-44,Male,False
CUST_03817,18-24,Female,True
CUST_03818,18-24,Female,True
CUST_03819,25-34,Male,True
CUST_03820,18-24,Female,True
CUST_03821,25-34,Male,True
CUST_03822,55+,Female,True
CUST_03823,18-24,Male,True
CUST_03824,25-34,Female,True
CUST_03825,25-34,Female,True
CUST_03826,55+,Female,True
CUST_03827,35-44,Female,True
CUST_03828,25-34,Male,True
CUST_03829,18-24,Male,True
CUST_03830,25-34,Female,True
CUST_03831,35-44,Non-binary,True
CUST_03832,45-54,Female,True
CUST_03833,35-44,Female,True
CUST_03834,25-34,Female,True
CUST_03835,25-34,Female,True
CUST_03836,35-44,Male,True
CUST_03837,35-44,Female,True
CUST_03838,18-24,Male,True
CUST_03839,45-54,Female,True
CUST_03840,25-34,Non-binary,True
CUST_03841,18-24,Female,True
CUST_03842,25-34,Non-binary,True
CUST_03843,25-34,Female,True
CUST_03844,25-34,Female,True
CUST_03845,25-34,Non-binary,True
CUST_03846,35-44,Female,True
CUST_03847,25-34,Female,True
CUST_03848,55+,Female,True
CUST_03849,55+,Male,True
CUST_03850,18-24,Female,True
CUST_03851,25-34,Female,True
CUST_03852,25-34,Female,True
CUST_03853,25-34,Male,True
CUST_03854,35-44,Female,True
CUST_03855,25-34,Female,True
CUST_03856,45-54,Male,True
CUST_03857,18-24,Male,True
CUST_03858,55+,Male,True
CUST_03859,35-44,Female,True
CUST_03860,18-24,Female,True
CUST_03861,25-34,"Prefer not to say",True
CUST_03862,18-24,Female,True
CUST_03863,45-54,Male,True
CUST_03864,18-24,Male,True
CUST_03865,25-34,Female,True
CUST_03866,25-34,Male,True
CUST_03867,45-54,Female,True
CUST_03868,18-24,Male,True
CUST_03869,25-34,Male,True
CUST_03870,35-44,Male,True
CUST_03871,35-44,Female,True
CUST_03872,45-54,Female,True
CUST_03873,35-44,Female,True
CUST_03874,25-34,Male,True
CUST_03875,18-24,Male,True
CUST_03876,45-54,Female,True
CUST_03877,55+,Male,True
CUST_03878,25-34,Male,True
CUST_03879,25-34,"Prefer not to say",True
CUST_03880,25-34,Male,True
CUST_03881,35-44,Male,True
CUST_03882,45-54,Female,True
CUST_03883,45-54,Male,True
CUST_03884,18-24,Male,True
CUST_03885,18-24,Male,True
CUST_03886,35-44,Male,True
CUST_03887,25-34,Female,True
CUST_03888,55+,Male,True
CUST_03889,25-34,Male,True
CUST_03890,18-24,Male,True
CUST_03891,25-34,Male,True
CUST_03892,25-34,Male,True
CUST_03893,45-54,Female,True
CUST_03894,25-34,Male,True
CUST_03895,25-34,Male,True
CUST_03896,35-44,"Prefer not to say",True
CUST_03897,18-24,Female,True
CUST_03898,55+,Female,True
CUST_03899,18-24,"Prefer not to say",True
CUST_03900,35-44,"Prefer not to say",True
CUST_03901,35-44,Female,True
CUST_03902,55+,Female,True
CUST_03903,25-34,Female,True
CUST_03904,45-54,Male,True
CUST_03905,45-54,Female,True
CUST_03906,25-34,Female,True
CUST_03907,35-44,Male,True
CUST_03908,35-44,Male,True
CUST_03909,35-44,"Prefer not to say",True
CUST_03910,25-34,Female,True
CUST_03911,45-54,Male,True
CUST_03912,35-44,Female,True
CUST_03913,35-44,Male,True
CUST_03914,25-34,Male,True
CUST_03915,18-24,Male,True
CUST_03916,18-24,Non-binary,True
CUST_03917,35-44,Non-binary,True
CUST_03918,35-44,Male,True
CUST_03919,25-34,Female,True
CUST_03920,45-54,Female,True
CUST_03921,55+,Female,True
CUST_03922,25-34,Male,True
CUST_03923,45-54,Male,True
CUST_03924,25-34,Female,True
CUST_03925,55+,Female,True
CUST_03926,25-34,Female,True
CUST_03927,35-44,Female,True
CUST_03928,25-34,Male,True
CUST_03929,25-34,Male,True
CUST_03930,45-54,Male,True
CUST_03931,18-24,Female,True
CUST_03932,18-24,Male,True
CUST_03933,18-24,Female,True
CUST_03934,45-54,Non-binary,True
CUST_03935,25-34,Male,True
CUST_03936,35-44,Male,True
CUST_03937,35-44,Male,True
CUST_03938,18-24,Male,True
CUST_03939,25-34,Male,True
CUST_03940,35-44,Male,True
CUST_03941,45-54,Male,True
CUST_03942,55+,Male,True
CUST_03943,18-24,Male,True
CUST_03944,35-44,Female,True
CUST_03945,45-54,Female,True
CUST_03946,45-54,Male,True
CUST_03947,25-34,Female,True
CUST_03948,45-54,Non-binary,True
CUST_03949,35-44,Male,True
CUST_03950,35-44,Male,True
CUST_03951,25-34,Female,True
CUST_03952,25-34,Female,True
CUST_03953,18-24,Male,True
CUST_03954,25-34,Male,True
CUST_03955,18-24,Male,False
CUST_03956,35-44,Female,True
CUST_03957,25-34,Non-binary,True
CUST_03958,55+,"Prefer not to say",True
CUST_03959,25-34,Female,True
CUST_03960,35-44,Female,True
CUST_03961,25-34,Male,True
CUST_03962,55+,Male,True
CUST_03963,35-44,Male,True
CUST_03964,25-34,Male,True
CUST_03965,55+,Female,True
CUST_03966,35-44,Female,True
CUST_03967,35-44,Female,True
CUST_03968,35-44,Non-binary,True
CUST_03969,35-44,Male,True
CUST_03970,18-24,Female,True
CUST_03971,35-44,Female,True
CUST_03972,35-44,Female,True
CUST_03973,25-34,Female,True
CUST_03974,35-44,Male,True
CUST_03975,35-44,"Prefer not to say",True
CUST_03976,45-54,Male,True
CUST_03977,45-54,Female,True
CUST_03978,55+,Male,True
CUST_03979,35-44,Non-binary,True
CUST_03980,35-44,Male,True
CUST_03981,25-34,Female,True
CUST_03982,25-34,Male,True
CUST_03983,55+,Female,True
CUST_03984,25-34,Male,True
CUST_03985,25-34,Female,True
CUST_03986,35-44,Male,True
CUST_03987,35-44,Female,True
CUST_03988,25-34,Male,True
CUST_03989,35-44,Non-binary,True
CUST_03990,25-34,Male,True
CUST_03991,55+,Female,True
CUST_03992,18-24,Male,True
CUST_03993,35-44,Female,True
CUST_03994,35-44,Female,True
CUST_03995,18-24,Male,True
CUST_03996,35-44,Male,True
CUST_03997,18-24,Non-binary,True
CUST_03998,25-34,Female,True
CUST_03999,18-24,Male,True
CUST_04000,18-24,Female,True
CUST_04001,25-34,Non-binary,True
CUST_04002,25-34,Female,True
CUST_04003,35-44,Female,True
CUST_04004,18-24,Male,True
CUST_04005,25-34,Male,True
CUST_04006,25-34,Female,True
CUST_04007,25-34,Female,True
CUST_04008,18-24,Male,True
CUST_04009,45-54,Male,True
CUST_04010,35-44,"Prefer not to say",True
CUST_04011,18-24,Female,True
CUST_04012,18-24,Female,True
CUST_04013,55+,Female,True
CUST_04014,55+,Female,True
CUST_04015,25-34,Male,True
CUST_04016,25-34,Female,True
CUST_04017,55+,Female,True
CUST_04018,55+,Female,True
CUST_04019,25-34,Male,True
CUST_04020,25-34,Male,True
CUST_04021,18-24,Female,True
CUST_04022,35-44,Female,True
CUST_04023,45-54,Male,True
CUST_04024,35-44,Female,True
CUST_04025,25-34,Female,True
CUST_04026,45-54,Male,True
CUST_04027,35-44,Female,True
CUST_04028,25-34,Male,True
CUST_04029,18-24,"Prefer not to say",True
CUST_04030,55+,Female,True
CUST_04031,18-24,Male,True
CUST_04032,18-24,Female,True
CUST_04033,25-34,Male,True
CUST_04034,35-44,Male,True
CUST_04035,35-44,Male,True
CUST_04036,25-34,Non-binary,True
CUST_04037,55+,"Prefer not to say",True
CUST_04038,45-54,Non-binary,True
CUST_04039,35-44,Male,True
CUST_04040,18-24,Male,True
CUST_04041,35-44,Female,True
CUST_04042,45-54,Female,True
CUST_04043,18-24,Female,True
CUST_04044,25-34,Female,True
CUST_04045,35-44,Female,True
CUST_04046,18-24,Male,True
CUST_04047,18-24,Female,True
CUST_04048,25-34,Male,True
CUST_04049,45-54,Female,True
CUST_04050,18-24,Male,True
CUST_04051,35-44,Male,True
CUST_04052,55+,Non-binary,True
CUST_04053,45-54,Male,True
CUST_04054,25-34,Female,True
CUST_04055,45-54,Male,True
CUST_04056,18-24,Female,True
CUST_04057,35-44,Male,True
CUST_04058,35-44,Female,True
CUST_04059,55+,Female,True
CUST_04060,35-44,Female,True
CUST_04061,25-34,Female,True
CUST_04062,35-44,Male,True
CUST_04063,35-44,Female,False
CUST_04064,45-54,Female,True
CUST_04065,25-34,Male,True
CUST_04066,18-24,Male,True
CUST_04067,35-44,Non-binary,True
CUST_04068,35-44,Male,True
CUST_04069,25-34,Female,True
CUST_04070,55+,Female,True
CUST_04071,18-24,Male,True
CUST_04072,35-44,Female,True
CUST_04073,55+,Male,True
CUST_04074,25-34,Female,True
CUST_04075,45-54,Female,True
CUST_04076,35-44,Male,True
CUST_04077,25-34,Female,True
CUST_04078,25-34,Male,True
CUST_04079,55+,Female,False
CUST_04080,25-34,Female,True
CUST_04081,35-44,Male,True
CUST_04082,35-44,Female,True
CUST_04083,35-44,Female,True
CUST_04084,25-34,"Prefer not to say",True
CUST_04085,18-24,"Prefer not to say",True
CUST_04086,35-44,Female,True
CUST_04087,45-54,Female,True
CUST_04088,35-44,Male,True
CUST_04089,55+,Male,True
CUST_04090,45-54,Male,True
CUST_04091,35-44,Female,True
CUST_04092,35-44,Male,True
CUST_04093,45-54,Male,True
CUST_04094,25-34,Male,True
CUST_04095,55+,Female,True
CUST_04096,45-54,"Prefer not to say",True
CUST_04097,35-44,Male,True
CUST_04098,35-44,"Prefer not to say",True
CUST_04099,45-54,Male,True
CUST_04100,35-44,Male,True
CUST_04101,35-44,Male,True
CUST_04102,45-54,Male,True
CUST_04103,18-24,Female,True
CUST_04104,35-44,Female,True
CUST_04105,45-54,Female,True
CUST_04106,25-34,Male,True
CUST_04107,18-24,Female,True
CUST_04108,25-34,Male,True
CUST_04109,25-34,Female,True
CUST_04110,35-44,Male,True
CUST_04111,35-44,Female,True
CUST_04112,35-44,"Prefer not to say",True
CUST_04113,18-24,"Prefer not to say",True
CUST_04114,25-34,Female,False
CUST_04115,55+,Male,True
CUST_04116,55+,Male,True
CUST_04117,18-24,"Prefer not to say",True
CUST_04118,35-44,Female,True
CUST_04119,55+,Female,True
CUST_04120,25-34,Male,True
CUST_04121,25-34,Female,True
CUST_04122,35-44,"Prefer not to say",True
CUST_04123,35-44,Male,True
CUST_04124,35-44,Female,True
CUST_04125,35-44,Female,True
CUST_04126,45-54,Female,True
CUST_04127,25-34,Female,True
CUST_04128,25-34,Male,True
CUST_04129,18-24,Female,True
CUST_04130,35-44,Female,True
CUST_04131,18-24,Female,True
CUST_04132,35-44,Male,True
CUST_04133,35-44,Female,True
CUST_04134,18-24,Female,True
CUST_04135,35-44,Male,True
CUST_04136,35-44,Male,True
CUST_04137,18-24,Non-binary,True
CUST_04138,45-54,Male,True
CUST_04139,45-54,Male,True
CUST_04140,35-44,Female,True
CUST_04141,45-54,Female,True
CUST_04142,35-44,Female,True
CUST_04143,35-44,Female,False
CUST_04144,18-24,Female,True
CUST_04145,55+,Female,True
CUST_04146,18-24,Female,True
CUST_04147,18-24,Female,True
CUST_04148,45-54,Male,True
CUST_04149,18-24,Male,True
CUST_04150,18-24,Female,True
CUST_04151,45-54,Male,True
CUST_04152,55+,Female,True
CUST_04153,25-34,Female,True
CUST_04154,25-34,Non-binary,True
CUST_04155,18-24,Male,True
CUST_04156,55+,Female,True
CUST_04157,45-54,Female,True
CUST_04158,25-34,Female,True
CUST_04159,35-44,Female,True
CUST_04160,55+,Male,True
CUST_04161,35-44,Male,True
CUST_04162,18-24,Female,True
CUST_04163,25-34,Male,True
CUST_04164,25-34,Female,True
CUST_04165,55+,Female,True
CUST_04166,25-34,Male,True
CUST_04167,18-24,Female,True
CUST_04168,18-24,Male,True
CUST_04169,25-34,Non-binary,True
CUST_04170,25-34,Male,True
CUST_04171,25-34,Male,True
CUST_04172,35-44,Female,True
CUST_04173,18-24,Female,True
CUST_04174,55+,Female,True
CUST_04175,18-24,Male,True
CUST_04176,35-44,Female,True
CUST_04177,35-44,Male,True
CUST_04178,18-24,"Prefer not to say",True
CUST_04179,25-34,Male,True
CUST_04180,35-44,Male,True
CUST_04181,18-24,Male,True
CUST_04182,35-44,Male,True
CUST_04183,35-44,Male,True
CUST_04184,25-34,Male,True
CUST_04185,45-54,Male,True
CUST_04186,18-24,Male,True
CUST_04187,55+,Male,True
CUST_04188,18-24,Non-binary,True
CUST_04189,18-24,Female,True
CUST_04190,25-34,Female,True
CUST_04191,25-34,Female,True
CUST_04192,35-44,Female,True
CUST_04193,35-44,Female,True
CUST_04194,45-54,Male,True
CUST_04195,55+,Male,True
CUST_04196,25-34,Female,True
CUST_04197,55+,Female,True
CUST_04198,35-44,Female,True
CUST_04199,25-34,Male,True
CUST_04200,18-24,Female,True
CUST_04201,18-24,Male,True
CUST_04202,25-34,Female,True
CUST_04203,18-24,Female,True
CUST_04204,55+,Female,True
CUST_04205,25-34,Female,True
CUST_04206,35-44,Male,True
CUST_04207,55+,Female,True
CUST_04208,35-44,Male,True
CUST_04209,25-34,Non-binary,True
CUST_04210,45-54,Female,True
CUST_04211,25-34,Female,False
CUST_04212,55+,Male,True
CUST_04213,25-34,Male,False
CUST_04214,18-24,Female,False
CUST_04215,55+,Male,True
CUST_04216,18-24,Female,True
CUST_04217,35-44,Female,True
CUST_04218,45-54,"Prefer not to say",False
CUST_04219,25-34,Female,True
CUST_04220,35-44,Female,True
CUST_04221,35-44,"Prefer not to say",True
CUST_04222,45-54,Female,True
CUST_04223,25-34,Female,True
CUST_04224,55+,Female,True
CUST_04225,35-44,Female,True
CUST_04226,35-44,Male,True
CUST_04227,35-44,"Prefer not to say",True
CUST_04228,45-54,Female,True
CUST_04229,35-44,Female,True
CUST_04230,35-44,"Prefer not to say",True
CUST_04231,35-44,Female,True
CUST_04232,35-44,Male,True
CUST_04233,18-24,Female,True
CUST_04234,35-44,"Prefer not to say",True
CUST_04235,25-34,Male,True
CUST_04236,25-34,Male,True
CUST_04237,55+,Male,True
CUST_04238,35-44,Female,True
CUST_04239,18-24,Male,True
CUST_04240,25-34,Male,True
CUST_04241,35-44,Female,True
CUST_04242,25-34,Male,True
CUST_04243,55+,Female,True
CUST_04244,45-54,Male,True
CUST_04245,25-34,Female,False
CUST_04246,25-34,Male,True
CUST_04247,35-44,Male,True
CUST_04248,25-34,Male,True
CUST_04249,45-54,Male,True
CUST_04250,25-34,Male,True
CUST_04251,25-34,Male,True
CUST_04252,35-44,Male,True
CUST_04253,18-24,Female,True
CUST_04254,18-24,Female,True
CUST_04255,25-34,Male,True
CUST_04256,25-34,Male,True
CUST_04257,18-24,Female,True
CUST_04258,18-24,Male,True
CUST_04259,45-54,Male,True
CUST_04260,25-34,Male,True
CUST_04261,25-34,Female,True
CUST_04262,18-24,Male,True
CUST_04263,18-24,Male,True
CUST_04264,35-44,Non-binary,True
CUST_04265,18-24,Male,True
CUST_04266,25-34,Female,True
CUST_04267,25-34,Male,True
CUST_04268,35-44,Female,True
CUST_04269,35-44,Male,True
CUST_04270,45-54,Female,True
CUST_04271,35-44,Non-binary,True
CUST_04272,45-54,Male,True
CUST_04273,18-24,Male,True
CUST_04274,18-24,Male,True
CUST_04275,35-44,Female,True
CUST_04276,25-34,Female,True
CUST_04277,25-34,"Prefer not to say",True
CUST_04278,35-44,Male,True
CUST_04279,25-34,Female,True
CUST_04280,45-54,Male,True
CUST_04281,18-24,Female,True
CUST_04282,25-34,Female,True
CUST_04283,45-54,"Prefer not to say",True
CUST_04284,25-34,Female,True
CUST_04285,18-24,Female,True
CUST_04286,45-54,Female,True
CUST_04287,35-44,Male,True
CUST_04288,55+,Female,True
CUST_04289,35-44,Male,True
CUST_04290,18-24,Male,True
CUST_04291,55+,Non-binary,True
CUST_04292,25-34,Female,True
CUST_04293,18-24,Male,True
CUST_04294,25-34,Male,True
CUST_04295,35-44,Male,True
CUST_04296,25-34,Female,True
CUST_04297,35-44,Female,True
CUST_04298,25-34,Male,True
CUST_04299,25-34,Male,True
CUST_04300,25-34,Male,True
CUST_04301,18-24,Male,True
CUST_04302,18-24,Female,True
CUST_04303,25-34,Female,True
CUST_04304,55+,Male,False
CUST_04305,18-24,Non-binary,False
CUST_04306,25-34,Male,True
CUST_04307,18-24,Male,True
CUST_04308,35-44,Female,True
CUST_04309,25-34,Female,True
CUST_04310,25-34,Female,True
CUST_04311,35-44,Male,False
CUST_04312,35-44,Male,True
CUST_04313,25-34,Female,True
CUST_04314,18-24,Female,True
CUST_04315,18-24,Female,True
CUST_04316,55+,Female,True
CUST_04317,18-24,Female,True
CUST_04318,55+,Male,True
CUST_04319,35-44,Male,True
CUST_04320,35-44,"Prefer not to say",True
CUST_04321,25-34,Female,True
CUST_04322,18-24,Male,True
CUST_04323,35-44,Male,True
CUST_04324,45-54,Female,True
CUST_04325,55+,"Prefer not to say",True
CUST_04326,45-54,Male,False
CUST_04327,35-44,Non-binary,True
CUST_04328,18-24,Male,True
CUST_04329,55+,Female,False
CUST_04330,18-24,Female,True
CUST_04331,35-44,Male,True
CUST_04332,18-24,Female,True
CUST_04333,45-54,Female,True
CUST_04334,35-44,Male,True
CUST_04335,35-44,Female,True
CUST_04336,55+,Male,True
CUST_04337,45-54,Male,True
CUST_04338,45-54,Male,True
CUST_04339,25-34,Male,True
CUST_04340,18-24,Male,True
CUST_04341,35-44,Female,True
CUST_04342,45-54,Female,True
CUST_04343,35-44,Female,True
CUST_04344,25-34,Male,True
CUST_04345,35-44,Female,True
CUST_04346,18-24,Male,True
CUST_04347,25-34,Male,True
CUST_04348,18-24,Female,True
CUST_04349,55+,Male,True
CUST_04350,45-54,Female,True
CUST_04351,25-34,Female,True
CUST_04352,35-44,Male,True
CUST_04353,25-34,Female,True
CUST_04354,25-34,Male,True
CUST_04355,35-44,Female,True
CUST_04356,35-44,Male,True
CUST_04357,35-44,Male,True
CUST_04358,18-24,Female,True
CUST_04359,45-54,Male,True
CUST_04360,55+,Male,False
CUST_04361,55+,Female,True
CUST_04362,55+,Female,True
CUST_04363,45-54,Male,True
CUST_04364,35-44,Male,True
CUST_04365,35-44,Female,True
CUST_04366,35-44,Female,False
CUST_04367,45-54,Male,True
CUST_04368,25-34,Female,True
CUST_04369,45-54,Female,True
CUST_04370,18-24,Male,True
CUST_04371,35-44,Male,True
CUST_04372,55+,Male,True
CUST_04373,18-24,Male,True
CUST_04374,45-54,Male,True
CUST_04375,25-34,Female,True
CUST_04376,35-44,Male,True
CUST_04377,18-24,Male,True
CUST_04378,25-34,Female,True
CUST_04379,18-24,Male,True
CUST_04380,25-34,Non-binary,True
CUST_04381,55+,Male,True
CUST_04382,35-44,Female,True
CUST_04383,45-54,Female,True
CUST_04384,25-34,Male,True
CUST_04385,45-54,Female,True
CUST_04386,35-44,Male,True
CUST_04387,25-34,Male,True
CUST_04388,18-24,Female,True
CUST_04389,18-24,"Prefer not to say",True
CUST_04390,55+,Male,True
CUST_04391,35-44,Male,True
CUST_04392,35-44,Male,True
CUST_04393,25-34,Female,True
CUST_04394,25-34,Male,True
CUST_04395,25-34,Male,True
CUST_04396,18-24,Female,True
CUST_04397,35-44,Male,True
CUST_04398,45-54,Male,True
CUST_04399,25-34,Female,True
CUST_04400,45-54,Male,True
CUST_04401,55+,Male,True
CUST_04402,25-34,Male,False
CUST_04403,35-44,Male,True
CUST_04404,45-54,Male,False
CUST_04405,45-54,Female,True
CUST_04406,18-24,Male,True
CUST_04407,18-24,Male,True
CUST_04408,55+,Male,True
CUST_04409,35-44,Male,True
CUST_04410,55+,Non-binary,True
CUST_04411,45-54,Female,True
CUST_04412,18-24,Female,True
CUST_04413,35-44,Female,True
CUST_04414,18-24,Female,True
CUST_04415,25-34,Female,True
CUST_04416,25-34,Male,True
CUST_04417,55+,Female,True
CUST_04418,55+,Female,True
CUST_04419,35-44,Male,True
CUST_04420,18-24,Non-binary,True
CUST_04421,18-24,Female,True
CUST_04422,25-34,Male,True
CUST_04423,35-44,Female,True
CUST_04424,25-34,Male,True
CUST_04425,35-44,"Prefer not to say",True
CUST_04426,25-34,Male,True
CUST_04427,55+,Male,True
CUST_04428,25-34,Male,True
CUST_04429,25-34,Female,True
CUST_04430,25-34,Female,True
CUST_04431,25-34,Female,True
CUST_04432,35-44,Male,True
CUST_04433,25-34,Female,True
CUST_04434,35-44,Female,True
CUST_04435,45-54,Male,True
CUST_04436,35-44,Male,False
CUST_04437,35-44,Female,True
CUST_04438,35-44,Female,True
CUST_04439,25-34,Male,True
CUST_04440,55+,Male,True
CUST_04441,35-44,"Prefer not to say",True
CUST_04442,55+,Male,True
CUST_04443,25-34,Female,True
CUST_04444,45-54,Female,True
CUST_04445,25-34,Male,True
CUST_04446,45-54,"Prefer not to say",True
CUST_04447,55+,Male,True
CUST_04448,45-54,Male,True
CUST_04449,18-24,"Prefer not to say",True
CUST_04450,35-44,Male,True
CUST_04451,18-24,"Prefer not to say",True
CUST_04452,25-34,Female,True
CUST_04453,35-44,Male,True
CUST_04454,45-54,Female,True
CUST_04455,18-24,Male,True
CUST_04456,18-24,Male,True
CUST_04457,35-44,Female,True
CUST_04458,18-24,Male,True
CUST_04459,35-44,Female,True
CUST_04460,35-44,Male,True
CUST_04461,25-34,Male,True
CUST_04462,45-54,Female,True
CUST_04463,25-34,Male,True
CUST_04464,45-54,Male,True
CUST_04465,45-54,Female,True
CUST_04466,18-24,Female,True
CUST_04467,35-44,Female,True
CUST_04468,35-44,Female,True
CUST_04469,55+,Female,True
CUST_04470,35-44,Male,True
CUST_04471,18-24,"Prefer not to say",True
CUST_04472,35-44,"Prefer not to say",True
CUST_04473,18-24,Male,True
CUST_04474,35-44,Male,True
CUST_04475,18-24,Female,True
CUST_04476,35-44,Female,True
CUST_04477,45-54,Female,True
CUST_04478,25-34,Female,True
CUST_04479,45-54,Male,True
CUST_04480,45-54,Female,True
CUST_04481,18-24,Male,True
CUST_04482,18-24,Female,True
CUST_04483,45-54,Male,True
CUST_04484,25-34,Female,True
CUST_04485,18-24,Female,True
CUST_04486,45-54,Male,True
CUST_04487,35-44,Female,True
CUST_04488,18-24,Male,True
CUST_04489,55+,Female,True
CUST_04490,35-44,Female,True
CUST_04491,18-24,Male,True
CUST_04492,55+,Male,True
CUST_04493,25-34,Male,True
CUST_04494,25-34,Male,True
CUST_04495,45-54,Female,True
CUST_04496,55+,Female,False
CUST_04497,18-24,Male,True
CUST_04498,35-44,Male,True
CUST_04499,45-54,Male,True
CUST_04500,35-44,Male,True
CUST_04501,35-44,Female,True
CUST_04502,25-34,Male,True
CUST_04503,25-34,Female,True
CUST_04504,18-24,Female,True
CUST_04505,45-54,Female,True
CUST_04506,35-44,Female,True
CUST_04507,18-24,"Prefer not to say",True
CUST_04508,35-44,Female,True
CUST_04509,35-44,Non-binary,True
CUST_04510,25-34,Female,True
CUST_04511,25-34,Male,True
CUST_04512,45-54,Male,True
CUST_04513,45-54,Female,True
CUST_04514,25-34,Male,True
CUST_04515,35-44,Male,True
CUST_04516,18-24,Female,True
CUST_04517,25-34,Female,True
CUST_04518,18-24,Female,True
CUST_04519,35-44,"Prefer not to say",True
CUST_04520,45-54,Male,True
CUST_04521,18-24,Male,True
CUST_04522,55+,Male,True
CUST_04523,25-34,Male,True
CUST_04524,18-24,Male,True
CUST_04525,45-54,Male,True
CUST_04526,25-34,Male,True
CUST_04527,45-54,Female,True
CUST_04528,18-24,Male,True
CUST_04529,35-44,Male,True
CUST_04530,45-54,Male,True
CUST_04531,45-54,Non-binary,True
CUST_04532,18-24,Male,True
CUST_04533,45-54,"Prefer not to say",True
CUST_04534,25-34,Female,True
CUST_04535,35-44,Male,True
CUST_04536,45-54,Female,True
CUST_04537,35-44,Female,True
CUST_04538,35-44,Male,True
CUST_04539,45-54,Male,True
CUST_04540,45-54,Male,True
CUST_04541,18-24,Male,True
CUST_04542,18-24,Male,True
CUST_04543,25-34,Male,True
CUST_04544,25-34,Female,True
CUST_04545,55+,Female,True
CUST_04546,18-24,Female,True
CUST_04547,55+,Non-binary,True
CUST_04548,45-54,Male,True
CUST_04549,25-34,Male,True
CUST_04550,55+,Female,True
CUST_04551,35-44,Female,True
CUST_04552,25-34,Male,True
CUST_04553,18-24,Female,True
CUST_04554,35-44,Male,True
CUST_04555,18-24,Female,True
CUST_04556,25-34,Non-binary,True
CUST_04557,25-34,Male,True
CUST_04558,25-34,Male,True
CUST_04559,45-54,"Prefer not to say",True
CUST_04560,35-44,Male,True
CUST_04561,35-44,Male,True
CUST_04562,18-24,Male,True
CUST_04563,25-34,Female,True
CUST_04564,45-54,Female,True
CUST_04565,35-44,Male,True
CUST_04566,45-54,Male,True
CUST_04567,55+,Male,True
CUST_04568,45-54,Male,True
CUST_04569,25-34,Male,True
CUST_04570,25-34,Female,True
CUST_04571,18-24,Female,True
CUST_04572,25-34,Female,True
CUST_04573,25-34,Male,True
CUST_04574,45-54,Female,True
CUST_04575,18-24,Female,True
CUST_04576,35-44,Male,True
CUST_04577,55+,Non-binary,True
CUST_04578,35-44,Female,True
CUST_04579,25-34,Male,True
CUST_04580,25-34,Male,True
CUST_04581,45-54,Male,True
CUST_04582,55+,Male,True
CUST_04583,35-44,Male,True
CUST_04584,25-34,Female,True
CUST_04585,18-24,Male,True
CUST_04586,55+,Male,True
CUST_04587,25-34,"Prefer not to say",True
CUST_04588,25-34,Female,True
CUST_04589,18-24,Male,True
CUST_04590,25-34,"Prefer not to say",True
CUST_04591,55+,Female,True
CUST_04592,18-24,Female,True
CUST_04593,18-24,Female,True
CUST_04594,35-44,Female,True
CUST_04595,35-44,Female,True
CUST_04596,25-34,Male,True
CUST_04597,25-34,Female,True
CUST_04598,35-44,Female,True
CUST_04599,18-24,Male,True
CUST_04600,25-34,Male,True
CUST_04601,35-44,Female,True
CUST_04602,25-34,Female,True
CUST_04603,35-44,Male,True
CUST_04604,25-34,Female,True
CUST_04605,55+,Female,True
CUST_04606,55+,Female,True
CUST_04607,18-24,Female,True
CUST_04608,35-44,Male,True
CUST_04609,25-34,Female,True
CUST_04610,55+,Male,True
CUST_04611,25-34,Female,True
CUST_04612,18-24,Male,True
CUST_04613,25-34,Male,True
CUST_04614,25-34,Male,True
CUST_04615,18-24,Female,True
CUST_04616,18-24,"Prefer not to say",True
CUST_04617,55+,Male,True
CUST_04618,45-54,Female,True
CUST_04619,35-44,Male,True
CUST_04620,25-34,Male,True
CUST_04621,25-34,Female,True
CUST_04622,25-34,Female,True
CUST_04623,45-54,Male,True
CUST_04624,25-34,Non-binary,True
CUST_04625,25-34,Male,True
CUST_04626,18-24,Male,True
CUST_04627,45-54,Female,False
CUST_04628,35-44,Male,True
CUST_04629,55+,"Prefer not to say",True
CUST_04630,25-34,"Prefer not to say",True
CUST_04631,18-24,Female,True
CUST_04632,45-54,Female,True
CUST_04633,35-44,Male,True
CUST_04634,35-44,"Prefer not to say",True
CUST_04635,18-24,Non-binary,True
CUST_04636,35-44,Male,True
CUST_04637,18-24,Female,True
CUST_04638,35-44,Female,True
CUST_04639,45-54,Female,True
CUST_04640,35-44,Male,True
CUST_04641,35-44,Non-binary,True
CUST_04642,25-34,Male,True
CUST_04643,25-34,Female,True
CUST_04644,35-44,Male,False
CUST_04645,35-44,Non-binary,True
CUST_04646,18-24,Male,True
CUST_04647,35-44,Male,True
CUST_04648,25-34,Female,True
CUST_04649,25-34,Male,True
CUST_04650,45-54,Male,True
CUST_04651,35-44,Male,True
CUST_04652,45-54,Female,True
CUST_04653,45-54,Female,True
CUST_04654,25-34,Non-binary,True
CUST_04655,35-44,Female,True
CUST_04656,35-44,Male,True
CUST_04657,25-34,Female,True
CUST_04658,18-24,Male,True
CUST_04659,45-54,Male,True
CUST_04660,25-34,Male,True
CUST_04661,45-54,Male,True
CUST_04662,25-34,Male,True
CUST_04663,18-24,"Prefer not to say",True
CUST_04664,18-24,Female,True
CUST_04665,25-34,Male,True
CUST_04666,55+,Female,True
CUST_04667,18-24,Male,True
CUST_04668,18-24,Female,True
CUST_04669,35-44,Male,True
CUST_04670,55+,"Prefer not to say",True
CUST_04671,25-34,Female,True
CUST_04672,35-44,Male,True
CUST_04673,35-44,Non-binary,True
CUST_04674,18-24,Male,True
CUST_04675,18-24,Female,True
CUST_04676,18-24,Female,True
CUST_04677,18-24,Male,True
CUST_04678,25-34,Male,True
CUST_04679,35-44,Non-binary,True
CUST_04680,25-34,Female,True
CUST_04681,55+,Male,False
CUST_04682,35-44,Male,True
CUST_04683,35-44,Female,True
CUST_04684,35-44,Male,True
CUST_04685,18-24,Male,True
CUST_04686,35-44,Female,True
CUST_04687,25-34,Male,True
CUST_04688,35-44,Female,True
CUST_04689,25-34,Female,True
CUST_04690,55+,Female,True
CUST_04691,45-54,Male,True
CUST_04692,35-44,Female,True
CUST_04693,35-44,Female,True
CUST_04694,25-34,Female,False
CUST_04695,25-34,Female,True
CUST_04696,18-24,Male,True
CUST_04697,18-24,Female,True
CUST_04698,35-44,Male,True
CUST_04699,45-54,Female,True
CUST_04700,55+,Male,True
CUST_04701,18-24,Male,True
CUST_04702,25-34,Female,True
CUST_04703,25-34,Male,True
CUST_04704,35-44,Male,True
CUST_04705,45-54,Male,True
CUST_04706,25-34,Male,True
CUST_04707,25-34,Female,True
CUST_04708,45-54,Female,True
CUST_04709,35-44,Male,True
CUST_04710,35-44,Female,False
CUST_04711,18-24,Male,True
CUST_04712,35-44,Female,True
CUST_04713,45-54,Male,True
CUST_04714,45-54,Male,True
CUST_04715,45-54,Male,True
CUST_04716,25-34,Male,True
CUST_04717,45-54,Female,True
CUST_04718,55+,Male,True
CUST_04719,18-24,Male,True
CUST_04720,25-34,Male,True
CUST_04721,35-44,Male,True
CUST_04722,35-44,Female,True
CUST_04723,55+,Non-binary,True
CUST_04724,25-34,Female,True
CUST_04725,25-34,Female,True
CUST_04726,55+,Male,True
CUST_04727,35-44,Male,True
CUST_04728,18-24,Female,True
CUST_04729,35-44,Male,True
CUST_04730,45-54,Male,True
CUST_04731,35-44,Male,True
CUST_04732,35-44,Male,True
CUST_04733,35-44,Female,True
CUST_04734,45-54,"Prefer not to say",True
CUST_04735,18-24,Male,True
CUST_04736,35-44,Male,True
CUST_04737,18-24,Male,True
CUST_04738,18-24,Male,True
CUST_04739,35-44,Male,True
CUST_04740,18-24,Male,True
CUST_04741,55+,Male,True
CUST_04742,55+,"Prefer not to say",True
CUST_04743,55+,Female,True
CUST_04744,25-34,Female,True
CUST_04745,18-24,Non-binary,True
CUST_04746,18-24,Male,True
CUST_04747,35-44,Female,True
CUST_04748,25-34,Male,True
CUST_04749,18-24,Female,True
CUST_04750,18-24,Female,True
CUST_04751,45-54,Female,True
CUST_04752,55+,Male,True
CUST_04753,25-34,Male,True
CUST_04754,35-44,Female,True
CUST_04755,35-44,"Prefer not to say",True
CUST_04756,25-34,Female,True
CUST_04757,25-34,Male,True
CUST_04758,25-34,Male,True
CUST_04759,35-44,Female,True
CUST_04760,35-44,Female,True
CUST_04761,25-34,Male,True
CUST_04762,55+,Male,False
CUST_04763,18-24,Male,True
CUST_04764,45-54,Male,True
CUST_04765,18-24,Male,True
CUST_04766,35-44,Female,True
CUST_04767,45-54,Female,True
CUST_04768,25-34,Female,True
CUST_04769,18-24,Female,True
CUST_04770,55+,Male,True
CUST_04771,25-34,"Prefer not to say",True
CUST_04772,45-54,Female,True
CUST_04773,45-54,Male,True
CUST_04774,25-34,Male,True
CUST_04775,25-34,Female,True
CUST_04776,35-44,Male,True
CUST_04777,45-54,Female,True
CUST_04778,25-34,Female,True
CUST_04779,18-24,Male,True
CUST_04780,35-44,Female,True
CUST_04781,25-34,Non-binary,False
CUST_04782,18-24,Male,True
CUST_04783,18-24,Female,True
CUST_04784,35-44,Male,True
CUST_04785,25-34,Male,True
CUST_04786,35-44,Female,True
CUST_04787,25-34,Male,True
CUST_04788,25-34,Female,True
CUST_04789,35-44,Female,True
CUST_04790,25-34,Female,True
CUST_04791,35-44,"Prefer not to say",False
CUST_04792,25-34,Male,True
CUST_04793,18-24,Male,False
CUST_04794,18-24,Male,True
CUST_04795,25-34,Female,True
CUST_04796,35-44,Male,True
CUST_04797,18-24,Female,True
CUST_04798,45-54,Male,True
CUST_04799,25-34,Female,True
CUST_04800,25-34,Male,True
CUST_04801,35-44,Female,True
CUST_04802,18-24,Female,True
CUST_04803,35-44,Female,True
CUST_04804,25-34,Non-binary,True
CUST_04805,25-34,Male,True
CUST_04806,18-24,Male,True
CUST_04807,45-54,Male,True
CUST_04808,18-24,Female,True
CUST_04809,25-34,Male,True
CUST_04810,25-34,Male,True
CUST_04811,35-44,Female,False
CUST_04812,35-44,"Prefer not to say",True
CUST_04813,35-44,Female,True
CUST_04814,25-34,Male,True
CUST_04815,45-54,Female,True
CUST_04816,55+,Female,True
CUST_04817,35-44,Male,True
CUST_04818,18-24,Male,True
CUST_04819,25-34,Female,True
CUST_04821,55+,Male,True
CUST_04822,25-34,Male,True
CUST_04823,18-24,Male,True
CUST_04824,35-44,Female,True
CUST_04825,45-54,Female,True
CUST_04826,55+,Female,True
CUST_04827,18-24,Female,True
CUST_04828,35-44,Male,True
CUST_04829,55+,Female,True
CUST_04830,35-44,Male,True
CUST_04831,25-34,Male,True
CUST_04832,35-44,"Prefer not to say",True
CUST_04833,25-34,Female,True
CUST_04834,18-24,"Prefer not to say",True
CUST_04835,35-44,"Prefer not to say",True
CUST_04836,45-54,Female,False
CUST_04837,45-54,Male,True
CUST_04838,55+,Female,True
CUST_04839,25-34,Female,False
CUST_04840,45-54,Male,True
CUST_04841,25-34,"Prefer not to say",True
CUST_04842,25-34,Male,True
CUST_04843,35-44,Male,True
CUST_04844,35-44,Male,True
CUST_04845,25-34,"Prefer not to say",True
CUST_04846,45-54,Male,True
CUST_04847,55+,Female,True
CUST_04848,35-44,Female,True
CUST_04849,18-24,"Prefer not to say",True
CUST_04850,35-44,Female,True
CUST_04851,25-34,Male,True
CUST_04852,45-54,Male,False
CUST_04853,18-24,Male,True
CUST_04854,35-44,Male,True
CUST_04855,25-34,Male,True
CUST_04856,35-44,Male,False
CUST_04857,25-34,Male,True
CUST_04858,25-34,Female,False
CUST_04859,35-44,Female,True
CUST_04860,18-24,Male,True
CUST_04861,25-34,"Prefer not to say",True
CUST_04862,18-24,Female,True
CUST_04863,18-24,Male,True
CUST_04864,25-34,Male,True
CUST_04865,45-54,Female,True
CUST_04866,25-34,"Prefer not to say",True
CUST_04867,18-24,Male,True
CUST_04868,25-34,Male,True
CUST_04869,35-44,Female,True
CUST_04870,25-34,Female,True
CUST_04871,35-44,Male,True
CUST_04872,18-24,Female,True
CUST_04873,25-34,Male,True
CUST_04874,35-44,Female,True
CUST_04875,35-44,Male,True
CUST_04876,45-54,Male,True
CUST_04877,18-24,Male,True
CUST_04878,25-34,Non-binary,True
CUST_04879,35-44,Female,True
CUST_04880,25-34,Male,True
CUST_04881,25-34,Male,True
CUST_04882,35-44,"Prefer not to say",True
CUST_04883,25-34,Female,True
CUST_04884,35-44,Male,True
CUST_04885,25-34,Female,True
CUST_04886,18-24,Female,False
CUST_04887,35-44,Male,True
CUST_04888,45-54,Male,True
CUST_04889,25-34,Male,True
CUST_04890,45-54,Female,True
CUST_04891,25-34,Male,True
CUST_04892,18-24,Female,True
CUST_04893,35-44,Male,True
CUST_04894,18-24,Male,True
CUST_04895,25-34,Male,True
CUST_04896,18-24,Female,True
CUST_04897,35-44,Female,True
CUST_04898,18-24,Male,True
CUST_04899,18-24,Female,True
CUST_04900,25-34,Male,True
CUST_04901,35-44,Female,True
CUST_04902,25-34,Male,True
CUST_04903,55+,Male,True
CUST_04904,25-34,Female,True
CUST_04905,18-24,Male,True
CUST_04906,35-44,Male,True
CUST_04907,18-24,Male,True
CUST_04908,25-34,Female,True
CUST_04909,25-34,Male,True
CUST_04910,18-24,Male,True
CUST_04911,55+,Female,True
CUST_04912,45-54,Female,True
CUST_04913,45-54,Female,True
CUST_04914,45-54,Female,True
CUST_04915,25-34,Female,True
CUST_04916,18-24,Female,False
CUST_04917,35-44,Male,False
CUST_04918,35-44,Female,True
CUST_04919,25-34,Male,True
CUST_04920,35-44,"Prefer not to say",True
CUST_04921,25-34,Female,True
CUST_04922,25-34,Female,True
CUST_04923,18-24,Male,True
CUST_04924,25-34,Male,True
CUST_04925,25-34,Female,True
CUST_04926,18-24,Male,True
CUST_04927,35-44,Female,False
CUST_04928,35-44,Male,True
CUST_04929,55+,"Prefer not to say",True
CUST_04930,25-34,Female,True
CUST_04931,25-34,"Prefer not to say",True
CUST_04932,25-34,Female,True
CUST_04933,35-44,Male,True
CUST_04934,35-44,Male,True
CUST_04935,18-24,Female,True
CUST_04936,25-34,Female,True
CUST_04937,25-34,Female,True
CUST_04938,45-54,Male,True
CUST_04939,45-54,Male,True
CUST_04940,25-34,Non-binary,True
CUST_04941,35-44,Male,True
CUST_04942,25-34,Female,True
CUST_04943,35-44,Non-binary,True
CUST_04944,45-54,Female,True
CUST_04945,18-24,Male,True
CUST_04946,55+,Male,True
CUST_04947,35-44,Male,True
CUST_04948,18-24,Female,True
CUST_04949,18-24,Male,True
CUST_04950,18-24,Non-binary,True
CUST_04951,25-34,Female,True
CUST_04952,55+,Female,False
CUST_04953,35-44,Male,True
CUST_04954,45-54,Male,True
CUST_04955,45-54,Female,True
CUST_04956,25-34,Male,True
CUST_04957,35-44,Male,True
CUST_04958,45-54,Male,True
CUST_04959,45-54,Female,True
CUST_04960,45-54,Non-binary,True
CUST_04961,25-34,Female,True
CUST_04962,25-34,"Prefer not to say",True
CUST_04963,35-44,Male,True
CUST_04964,25-34,Male,True
CUST_04965,25-34,Male,True
CUST_04966,18-24,Female,True
CUST_04967,45-54,Male,True
CUST_04968,35-44,Female,True
CUST_04969,35-44,Male,False
CUST_04970,45-54,Female,True
CUST_04971,25-34,Male,True
CUST_04972,35-44,Male,True
CUST_04973,18-24,Female,True
CUST_04974,55+,Female,True
CUST_04975,25-34,Female,True
CUST_04976,35-44,Female,True
CUST_04977,25-34,Female,True
CUST_04978,35-44,Male,True
CUST_04979,18-24,Male,True
CUST_04980,25-34,Male,True
CUST_04981,18-24,Female,True
CUST_04982,25-34,Male,True
CUST_04983,25-34,Female,True
CUST_04984,25-34,Male,True
CUST_04985,55+,Non-binary,True
CUST_04986,25-34,Female,True
CUST_04987,18-24,Female,True
CUST_04988,55+,Male,True
CUST_04989,35-44,Female,True
CUST_04990,55+,Female,True
CUST_04991,25-34,Male,True
CUST_04992,35-44,Male,True
CUST_04993,25-34,Non-binary,True
CUST_04994,25-34,Male,True
CUST_04995,25-34,Male,True
CUST_04996,25-34,Female,True
CUST_04997,18-24,Female,True
CUST_04998,35-44,Non-binary,True
CUST_04999,35-44,Female,True
CUST_05000,25-34,Male,True
CUST_05001,55+,Non-binary,True
CUST_05002,35-44,Female,True
CUST_05003,18-24,"Prefer not to say",True
CUST_05004,55+,Female,True
CUST_05005,35-44,Male,True
CUST_05006,35-44,Non-binary,True
CUST_05007,25-34,Male,True
CUST_05008,18-24,Female,True
CUST_05009,35-44,Male,True
CUST_05010,25-34,Female,True
CUST_05011,55+,Male,True
CUST_05012,18-24,Female,True
CUST_05013,45-54,Female,False
CUST_05014,45-54,Female,True
CUST_05015,35-44,Female,True
CUST_05016,18-24,Female,True
CUST_05017,35-44,Male,True
CUST_05018,25-34,Male,True
CUST_05019,25-34,Female,True
CUST_05020,55+,Male,True
CUST_05021,18-24,Male,False
CUST_05022,18-24,Male,True
CUST_05023,35-44,Male,True
CUST_05024,35-44,Female,True
CUST_05025,45-54,Female,True
CUST_05026,55+,Male,True
CUST_05027,35-44,Female,True
CUST_05028,18-24,Male,True
CUST_05029,18-24,Male,True
CUST_05030,25-34,Female,True
CUST_05031,25-34,Male,True
CUST_05032,35-44,Female,True
CUST_05033,18-24,Male,True
CUST_05034,25-34,Female,True
CUST_05035,25-34,Female,True
CUST_05036,25-34,Non-binary,True
CUST_05037,25-34,Female,True
CUST_05038,55+,Female,True
CUST_05039,25-34,Female,True
CUST_05040,35-44,Male,True
CUST_05041,35-44,Female,True
CUST_05042,18-24,Non-binary,True
CUST_05043,35-44,Female,True
CUST_05044,25-34,Male,True
CUST_05045,18-24,"Prefer not to say",True
CUST_05046,25-34,Female,True
CUST_05047,25-34,Male,True
CUST_05048,45-54,Male,False
CUST_05049,55+,Female,True
CUST_05050,35-44,Female,True
CUST_05051,18-24,Female,True
CUST_05052,18-24,Male,True
CUST_05053,25-34,Female,True
CUST_05054,18-24,Male,True
CUST_05055,35-44,Female,True
CUST_05056,45-54,Male,True
CUST_05057,18-24,Male,True
CUST_05058,18-24,Male,True
CUST_05059,18-24,Male,True
CUST_05060,35-44,Male,True
CUST_05061,18-24,Female,True
CUST_05062,45-54,Non-binary,True
CUST_05063,55+,Female,True
CUST_05064,35-44,Female,True
CUST_05065,25-34,Female,True
CUST_05066,25-34,Male,True
CUST_05067,35-44,Female,True
CUST_05068,18-24,Male,True
CUST_05069,25-34,Female,False
CUST_05070,35-44,Female,True
CUST_05071,55+,Female,True
CUST_05072,35-44,Female,True
CUST_05073,35-44,Male,True
CUST_05074,25-34,Female,True
CUST_05075,55+,Male,True
CUST_05076,18-24,Female,True
CUST_05077,55+,Male,True
CUST_05078,25-34,Female,True
CUST_05079,25-34,Male,True
CUST_05080,35-44,Male,True
CUST_05081,35-44,Female,True
CUST_05082,45-54,Female,True
CUST_05083,18-24,Female,True
CUST_05084,25-34,Male,True
CUST_05085,18-24,Female,True
CUST_05086,25-34,Female,True
CUST_05087,55+,Female,True
CUST_05088,45-54,Male,True
CUST_05089,18-24,Non-binary,True
CUST_05090,25-34,Female,True
CUST_05091,25-34,Male,True
CUST_05092,18-24,Female,True
CUST_05093,25-34,Female,True
CUST_05094,18-24,Female,True
CUST_05095,18-24,Female,True
CUST_05096,18-24,Male,True
CUST_05097,18-24,Female,True
CUST_05098,45-54,Female,True
CUST_05099,18-24,Female,True
CUST_05100,18-24,Female,True
CUST_05101,25-34,Male,True
CUST_05102,35-44,Female,True
CUST_05103,25-34,Female,True
CUST_05104,35-44,Male,True
CUST_05105,18-24,Male,True
CUST_05106,35-44,Male,True
CUST_05107,25-34,Male,True
CUST_05108,45-54,Male,True
CUST_05109,35-44,Female,True
CUST_05110,18-24,Male,True
CUST_05111,45-54,Male,True
CUST_05112,25-34,Female,True
CUST_05113,25-34,"Prefer not to say",True
CUST_05114,35-44,Male,True
CUST_05115,18-24,Non-binary,True
CUST_05116,55+,Male,True
CUST_05117,35-44,Female,True
CUST_05118,35-44,Female,True
CUST_05119,35-44,Female,True
CUST_05120,25-34,Male,True
CUST_05121,45-54,Male,True
CUST_05122,35-44,Male,True
CUST_05123,55+,Male,True
CUST_05124,18-24,Non-binary,True
CUST_05125,25-34,Female,True
CUST_05126,35-44,Female,True
CUST_05127,25-34,Female,True
CUST_05128,45-54,Female,True
CUST_05129,18-24,Female,True
CUST_05130,35-44,Male,True
CUST_05131,25-34,Female,True
CUST_05132,25-34,Male,True
CUST_05133,25-34,Female,False
CUST_05134,25-34,Female,True
CUST_05135,35-44,Male,True
CUST_05136,25-34,Female,True
CUST_05137,45-54,Male,True
CUST_05138,25-34,Female,True
CUST_05139,55+,Female,True
CUST_05140,35-44,Male,True
CUST_05141,25-34,Female,True
CUST_05142,45-54,Male,True
CUST_05143,35-44,Female,True
CUST_05144,25-34,Female,False
CUST_05145,18-24,Male,True
CUST_05146,25-34,Male,True
CUST_05147,18-24,Male,True
CUST_05148,55+,Female,True
CUST_05149,35-44,Female,True
CUST_05150,45-54,Female,True
CUST_05151,18-24,Male,True
CUST_05152,25-34,Female,True
CUST_05153,55+,Female,True
CUST_05154,18-24,Male,True
CUST_05155,25-34,Female,True
CUST_05156,55+,Male,False
CUST_05157,45-54,Non-binary,True
CUST_05158,55+,Male,True
CUST_05159,25-34,Female,True
CUST_05160,35-44,Male,True
CUST_05161,45-54,Female,True
CUST_05162,35-44,Female,True
CUST_05163,55+,Male,True
CUST_05164,35-44,Male,True
CUST_05165,25-34,Male,True
CUST_05166,25-34,Female,True
CUST_05167,25-34,Female,True
CUST_05168,18-24,Male,True
CUST_05169,45-54,Non-binary,True
CUST_05170,55+,Male,True
CUST_05171,45-54,Female,True
CUST_05172,25-34,Female,True
CUST_05173,25-34,Male,True
CUST_05174,35-44,Female,True
CUST_05175,55+,Male,True
CUST_05176,25-34,Male,True
CUST_05177,35-44,Female,True
CUST_05178,35-44,Female,True
CUST_05179,25-34,Male,True
CUST_05180,25-34,Male,True
CUST_05181,18-24,Female,True
CUST_05182,35-44,"Prefer not to say",True
CUST_05183,25-34,Female,True
CUST_05184,35-44,Female,True
CUST_05185,18-24,Male,True
CUST_05186,18-24,Male,True
CUST_05187,25-34,Female,True
CUST_05188,25-34,Non-binary,True
CUST_05189,55+,Female,True
CUST_05190,55+,Female,True
CUST_05191,18-24,Male,True
CUST_05192,45-54,Female,True
CUST_05193,18-24,Non-binary,True
CUST_05194,55+,Female,True
CUST_05195,45-54,Male,True
CUST_05196,45-54,Male,True
CUST_05197,25-34,Non-binary,True
CUST_05198,35-44,Female,True
CUST_05199,35-44,Female,True
CUST_05200,25-34,Male,True
CUST_05201,35-44,Female,True
CUST_05202,25-34,Male,True
CUST_05203,25-34,Female,True
CUST_05204,55+,Female,True
CUST_05205,18-24,Male,True
CUST_05206,18-24,Female,True
CUST_05207,35-44,Male,True
CUST_05208,35-44,Male,True
CUST_05209,35-44,Female,True
CUST_05210,45-54,Female,True
CUST_05211,25-34,Non-binary,True
CUST_05212,25-34,Non-binary,True
CUST_05213,45-54,Male,True
CUST_05214,45-54,Female,True
CUST_05215,45-54,Male,True
CUST_05216,35-44,Male,True
CUST_05217,18-24,Male,True
CUST_05218,55+,Female,True
CUST_05219,25-34,Male,True
CUST_05220,45-54,Female,True
CUST_05221,25-34,Male,True
CUST_05222,45-54,"Prefer not to say",True
CUST_05223,45-54,Female,True
CUST_05224,18-24,Male,True
CUST_05225,35-44,Male,True
CUST_05226,18-24,Male,True
CUST_05227,25-34,Male,True
CUST_05228,35-44,Female,True
CUST_05229,25-34,Female,True
CUST_05230,18-24,Male,True
CUST_05231,25-34,Male,True
CUST_05232,25-34,Female,True
CUST_05233,25-34,Male,True
CUST_05234,25-34,Male,True
CUST_05235,18-24,Female,True
CUST_05236,45-54,Male,True
CUST_05237,55+,Male,True
CUST_05238,35-44,Male,True
CUST_05239,25-34,Male,True
CUST_05240,18-24,Female,True
CUST_05241,35-44,Female,True
CUST_05242,25-34,Female,True
CUST_05243,25-34,Male,True
CUST_05244,25-34,Male,True
CUST_05245,35-44,Female,True
CUST_05246,45-54,Male,True
CUST_05247,45-54,Male,True
CUST_05248,25-34,Male,True
CUST_05249,25-34,Male,True
CUST_05250,55+,Male,True
CUST_05251,35-44,Male,True
CUST_05252,45-54,Male,True
CUST_05253,25-34,Female,True
CUST_05254,18-24,Male,True
CUST_05255,35-44,Non-binary,True
CUST_05256,35-44,Male,True
CUST_05257,35-44,Male,True
CUST_05258,35-44,Female,True
CUST_05259,18-24,Female,True
CUST_05260,55+,Female,True
CUST_05261,35-44,Female,True
CUST_05262,35-44,Male,True
CUST_05263,18-24,Male,True
CUST_05264,35-44,Female,True
CUST_05265,25-34,Female,True
CUST_05266,55+,Male,True
CUST_05267,25-34,Female,True
CUST_05268,55+,Male,True
CUST_05269,18-24,Non-binary,True
CUST_05270,18-24,Male,True
CUST_05271,25-34,Male,True
CUST_05272,25-34,Male,True
CUST_05273,45-54,Male,True
CUST_05274,25-34,Male,True
CUST_05275,45-54,Female,True
CUST_05276,18-24,Female,True
CUST_05277,25-34,Male,True
CUST_05278,18-24,Female,True
CUST_05279,45-54,Male,True
CUST_05280,18-24,Female,False
CUST_05281,35-44,Male,True
CUST_05282,35-44,Female,True
CUST_05283,18-24,Female,True
CUST_05284,25-34,Male,True
CUST_05285,35-44,Male,True
CUST_05286,25-34,Male,True
CUST_05287,25-34,Female,True
CUST_05288,25-34,Male,True
CUST_05289,18-24,"Prefer not to say",True
CUST_05290,35-44,Female,True
CUST_05291,55+,Female,True
CUST_05292,25-34,Male,True
CUST_05293,25-34,Male,True
CUST_05294,25-34,Female,True
CUST_05295,18-24,Male,True
CUST_05296,55+,Male,True
CUST_05297,25-34,Male,True
CUST_05298,35-44,Female,True
CUST_05299,25-34,Female,True
CUST_05300,55+,Male,False
CUST_05301,18-24,Female,True
CUST_05302,25-34,Male,True
CUST_05303,18-24,Female,True
CUST_05304,25-34,Female,True
CUST_05305,35-44,Male,True
CUST_05306,45-54,Male,True
CUST_05307,25-34,Male,True
CUST_05308,18-24,Male,True
CUST_05309,35-44,Male,True
CUST_05310,18-24,Female,True
CUST_05311,45-54,Female,True
CUST_05312,35-44,Male,True
CUST_05313,35-44,Male,False
CUST_05314,35-44,Female,True
CUST_05315,45-54,"Prefer not to say",True
CUST_05316,18-24,Male,True
CUST_05317,35-44,Male,True
CUST_05318,45-54,Male,True
CUST_05319,35-44,Male,True
CUST_05320,25-34,"Prefer not to say",True
CUST_05321,18-24,Male,False
CUST_05322,18-24,Female,True
CUST_05323,25-34,Female,True
CUST_05324,35-44,Male,True
CUST_05325,25-34,Male,True
CUST_05326,25-34,Non-binary,True
CUST_05327,35-44,Female,True
CUST_05328,35-44,Male,True
CUST_05329,35-44,Male,True
CUST_05330,35-44,Male,True
CUST_05331,35-44,Female,True
CUST_05332,35-44,Male,True
CUST_05333,25-34,Non-binary,True
CUST_05334,55+,Female,True
CUST_05335,45-54,Male,True
CUST_05336,35-44,Female,True
CUST_05337,18-24,Male,True
CUST_05338,18-24,Male,True
CUST_05339,55+,Male,True
CUST_05340,18-24,Female,True
CUST_05341,35-44,Male,True
CUST_05342,18-24,Female,True
CUST_05343,18-24,Male,False
CUST_05344,35-44,Male,True
CUST_05345,35-44,Non-binary,True
CUST_05346,25-34,Female,True
CUST_05347,45-54,Female,True
CUST_05348,25-34,Female,True
CUST_05349,25-34,Male,True
CUST_05350,35-44,Female,True
CUST_05351,18-24,Male,True
CUST_05352,35-44,Male,True
CUST_05353,25-34,Male,True
CUST_05354,45-54,Female,True
CUST_05355,45-54,Male,True
CUST_05356,45-54,Female,True
CUST_05357,25-34,Female,True
CUST_05358,45-54,Female,True
CUST_05359,25-34,Male,True
CUST_05360,45-54,"Prefer not to say",True
CUST_05361,18-24,Female,True
CUST_05362,18-24,Male,False
CUST_05363,45-54,Male,False
CUST_05364,45-54,Male,False
CUST_05365,35-44,Male,True
CUST_05366,35-44,Male,True
CUST_05367,35-44,Male,True
CUST_05368,35-44,Male,True
CUST_05369,25-34,Female,True
CUST_05370,25-34,Female,True
CUST_05371,35-44,Female,True
CUST_05372,45-54,"Prefer not to say",True
CUST_05373,55+,Female,True
CUST_05374,35-44,Female,True
CUST_05375,35-44,Female,True
CUST_05376,45-54,Female,True
CUST_05377,35-44,Male,False
CUST_05378,25-34,Male,True
CUST_05379,25-34,Female,True
CUST_05380,35-44,Female,True
CUST_05381,25-34,Female,True
CUST_05382,55+,Non-binary,True
CUST_05383,25-34,Male,True
CUST_05384,35-44,Male,True
CUST_05385,25-34,Female,True
CUST_05386,18-24,Male,True
CUST_05387,18-24,Male,False
CUST_05388,25-34,Non-binary,True
CUST_05389,35-44,Male,True
CUST_05390,25-34,Female,True
CUST_05391,18-24,Female,True
CUST_05392,25-34,Female,True
CUST_05393,55+,Female,False
CUST_05394,45-54,Non-binary,True
CUST_05395,55+,Female,True
CUST_05396,25-34,Female,True
CUST_05397,45-54,Female,True
CUST_05398,45-54,Male,True
CUST_05399,18-24,Female,True
CUST_05400,18-24,Female,True
CUST_05401,45-54,Male,True
CUST_05402,25-34,Female,True
CUST_05403,18-24,Female,True
CUST_05404,18-24,Male,True
CUST_05405,35-44,"Prefer not to say",True
CUST_05406,18-24,Female,True
CUST_05407,18-24,Female,True
CUST_05408,45-54,Male,True
CUST_05409,35-44,Non-binary,True
CUST_05410,35-44,Non-binary,True
CUST_05411,35-44,Non-binary,False
CUST_05412,25-34,Female,True
CUST_05413,35-44,Male,True
CUST_05414,45-54,Female,True
CUST_05415,35-44,Male,True
CUST_05416,25-34,Male,True
CUST_05417,18-24,Female,True
CUST_05418,18-24,Female,True
CUST_05419,45-54,Male,True
CUST_05420,25-34,Male,False
CUST_05421,25-34,Female,True
CUST_05422,35-44,Female,True
CUST_05423,25-34,Male,True
CUST_05424,18-24,Female,True
CUST_05425,18-24,Female,True
CUST_05426,55+,Female,False
CUST_05427,45-54,Male,True
CUST_05428,25-34,Male,True
CUST_05429,35-44,Male,True
CUST_05430,45-54,Female,True
CUST_05431,55+,Male,False
CUST_05432,45-54,Male,True
CUST_05433,18-24,Female,True
CUST_05434,18-24,Male,True
CUST_05435,25-34,Male,True
CUST_05436,18-24,Female,True
CUST_05437,18-24,Male,True
CUST_05438,35-44,Male,True
CUST_05439,25-34,Female,True
CUST_05440,25-34,Female,True
CUST_05441,25-34,Female,True
CUST_05442,45-54,Male,True
CUST_05443,45-54,Male,True
CUST_05444,35-44,Male,True
CUST_05445,35-44,Male,True
CUST_05446,45-54,Female,False
CUST_05447,25-34,Female,True
CUST_05448,35-44,Female,True
CUST_05449,45-54,Male,True
CUST_05450,45-54,Male,True
CUST_05451,25-34,Male,True
CUST_05452,18-24,Female,True
CUST_05453,18-24,Male,True
CUST_05454,35-44,Male,True
CUST_05455,25-34,Female,True
CUST_05456,18-24,Female,True
CUST_05457,35-44,Female,True
CUST_05458,18-24,Male,True
CUST_05459,25-34,Female,True
CUST_05460,18-24,Non-binary,True
CUST_05461,25-34,Female,True
CUST_05462,18-24,Male,True
CUST_05463,45-54,Female,True
CUST_05464,35-44,Male,True
CUST_05465,25-34,Female,True
CUST_05466,25-34,Male,True
CUST_05467,25-34,Female,True
CUST_05468,25-34,"Prefer not to say",True
CUST_05469,45-54,Female,True
CUST_05470,55+,Female,True
CUST_05471,25-34,Female,True
CUST_05472,55+,Male,True
CUST_05473,18-24,Female,True
CUST_05474,55+,Female,True
CUST_05475,55+,Non-binary,True
CUST_05476,18-24,"Prefer not to say",True
CUST_05477,45-54,Male,True
CUST_05478,25-34,"Prefer not to say",True
CUST_05479,55+,Male,True
CUST_05480,45-54,Female,True
CUST_05481,25-34,Male,True
CUST_05482,18-24,Male,True
CUST_05483,45-54,Male,True
CUST_05484,18-24,Male,True
CUST_05485,25-34,Male,True
CUST_05486,25-34,Female,True
CUST_05487,45-54,Male,True
CUST_05488,25-34,Male,True
CUST_05489,25-34,Female,True
CUST_05490,35-44,Non-binary,True
CUST_05491,35-44,Female,True
CUST_05492,35-44,Female,True
CUST_05493,18-24,Male,True
CUST_05494,45-54,Male,True
CUST_05495,45-54,Female,True
CUST_05496,45-54,Female,True
CUST_05497,25-34,Male,True
CUST_05498,18-24,Female,True
CUST_05499,35-44,Female,True
CUST_05500,25-34,Female,True
CUST_05501,45-54,Male,True
CUST_05502,25-34,Female,True
CUST_05503,35-44,Female,True
CUST_05504,55+,Female,True
CUST_05505,18-24,Male,True
CUST_05506,25-34,Male,True
CUST_05507,25-34,Female,True
CUST_05508,25-34,Male,True
CUST_05509,25-34,Female,True
CUST_05510,18-24,"Prefer not to say",True
CUST_05511,25-34,Male,True
CUST_05512,35-44,Female,True
CUST_05513,25-34,Male,True
CUST_05514,35-44,Male,True
CUST_05515,45-54,Female,True
CUST_05516,18-24,Male,True
CUST_05517,35-44,Male,True
CUST_05518,25-34,Female,True
CUST_05519,55+,Male,True
CUST_05520,45-54,Male,True
CUST_05521,25-34,Female,True
CUST_05522,35-44,Female,True
CUST_05523,25-34,Male,True
CUST_05524,25-34,Male,True
CUST_05525,35-44,Male,True
CUST_05526,45-54,"Prefer not to say",True
CUST_05527,35-44,Male,True
CUST_05528,35-44,Male,True
CUST_05529,25-34,Non-binary,True
CUST_05530,35-44,Male,True
CUST_05531,45-54,Female,True
CUST_05532,25-34,Male,True
CUST_05533,25-34,Male,True
CUST_05534,25-34,Male,True
CUST_05535,45-54,Female,True
CUST_05536,25-34,Male,True
CUST_05537,25-34,Female,True
CUST_05538,35-44,Male,True
CUST_05539,25-34,Male,True
CUST_05540,25-34,Female,True
CUST_05541,35-44,Male,False
CUST_05542,18-24,Female,True
CUST_05543,25-34,Male,True
CUST_05544,18-24,Female,True
CUST_05545,35-44,Male,True
CUST_05546,25-34,"Prefer not to say",True
CUST_05547,35-44,Male,True
CUST_05548,45-54,Female,True
CUST_05549,35-44,Female,True
CUST_05550,25-34,Male,True
CUST_05551,25-34,Male,True
CUST_05552,55+,Female,True
CUST_05553,45-54,Male,True
CUST_05554,55+,Male,True
CUST_05555,55+,Female,True
CUST_05556,25-34,Male,True
CUST_05557,55+,Male,False
CUST_05558,35-44,Female,True
CUST_05559,45-54,Male,True
CUST_05560,18-24,Male,False
CUST_05561,25-34,Male,False
CUST_05562,35-44,Female,True
CUST_05563,25-34,Female,True
CUST_05564,25-34,Female,True
CUST_05565,45-54,Male,True
CUST_05566,35-44,Female,True
CUST_05567,25-34,Female,True
CUST_05568,35-44,Non-binary,True
CUST_05569,35-44,Male,True
CUST_05570,25-34,Male,True
CUST_05571,25-34,Male,True
CUST_05572,25-34,Female,True
CUST_05573,55+,Male,True
CUST_05574,25-34,Male,True
CUST_05575,25-34,Male,True
CUST_05576,25-34,Female,True
CUST_05577,45-54,Female,True
CUST_05578,35-44,Male,True
CUST_05579,25-34,Non-binary,False
CUST_05580,18-24,Male,True
CUST_05581,25-34,Male,True
CUST_05582,25-34,Female,True
CUST_05583,25-34,Female,False
CUST_05584,35-44,Male,True
CUST_05585,18-24,Female,True
CUST_05586,55+,Female,False
CUST_05587,35-44,Male,True
CUST_05588,25-34,"Prefer not to say",True
CUST_05589,25-34,Male,True
CUST_05590,25-34,Female,True
CUST_05591,18-24,Female,True
CUST_05592,18-24,Male,True
CUST_05593,25-34,"Prefer not to say",True
CUST_05594,18-24,"Prefer not to say",True
CUST_05595,35-44,Female,True
CUST_05596,25-34,Non-binary,True
CUST_05597,18-24,Female,True
CUST_05598,45-54,Male,True
CUST_05599,25-34,"Prefer not to say",True
CUST_05600,35-44,Male,True
CUST_05601,18-24,Female,True
CUST_05602,35-44,Male,True
CUST_05603,25-34,Female,True
CUST_05604,25-34,Female,True
CUST_05605,25-34,Male,True
CUST_05606,18-24,Female,True
CUST_05607,55+,Female,True
CUST_05608,25-34,Female,True
CUST_05609,25-34,Female,True
CUST_05610,25-34,Female,True
CUST_05611,45-54,Male,True
CUST_05612,55+,Male,True
CUST_05613,25-34,Female,True
CUST_05614,25-34,Female,True
CUST_05615,18-24,Non-binary,True
CUST_05616,25-34,Female,True
CUST_05617,55+,Male,True
CUST_05618,35-44,Female,True
CUST_05619,18-24,Female,True
CUST_05620,55+,Female,True
CUST_05621,35-44,Non-binary,True
CUST_05622,25-34,Male,True
CUST_05623,35-44,Female,True
CUST_05624,18-24,Male,False
CUST_05625,35-44,Female,True
CUST_05626,35-44,Female,True
CUST_05627,45-54,Female,True
CUST_05628,18-24,Male,True
CUST_05629,45-54,Male,True
CUST_05630,55+,Non-binary,True
CUST_05631,25-34,Male,True
CUST_05632,45-54,Male,True
CUST_05633,25-34,Male,True
CUST_05634,35-44,"Prefer not to say",True
CUST_05635,45-54,"Prefer not to say",False
CUST_05636,35-44,Male,True
CUST_05637,35-44,Male,True
CUST_05638,55+,Male,True
CUST_05639,25-34,"Prefer not to say",True
CUST_05640,18-24,Male,True
CUST_05641,35-44,Female,True
CUST_05642,55+,Female,True
CUST_05643,18-24,Male,True
CUST_05644,25-34,Female,True
CUST_05645,18-24,Female,True
CUST_05646,35-44,Female,True
CUST_05647,18-24,Female,True
CUST_05648,35-44,Male,True
CUST_05649,25-34,Female,True
CUST_05650,45-54,Male,True
CUST_05651,35-44,Female,False
CUST_05652,35-44,Male,True
CUST_05653,18-24,Male,True
CUST_05654,25-34,Female,True
CUST_05655,45-54,Male,True
CUST_05656,18-24,Male,True
CUST_05657,25-34,Non-binary,True
CUST_05658,45-54,Male,True
CUST_05659,18-24,Female,True
CUST_05660,18-24,Female,True
CUST_05661,25-34,Male,True
CUST_05662,25-34,Male,True
CUST_05663,25-34,Female,True
CUST_05664,35-44,Female,False
CUST_05665,35-44,Female,True
CUST_05666,18-24,Male,True
CUST_05667,25-34,Male,True
CUST_05668,25-34,Male,True
CUST_05669,55+,Male,True
CUST_05670,35-44,Female,True
CUST_05671,25-34,Male,True
CUST_05672,35-44,Female,True
CUST_05673,18-24,Male,True
CUST_05674,25-34,Female,True
CUST_05675,18-24,Male,True
CUST_05676,25-34,Female,True
CUST_05677,25-34,Female,True
CUST_05678,35-44,"Prefer not to say",True
CUST_05679,25-34,Female,True
CUST_05680,18-24,Male,True
CUST_05681,18-24,Female,True
CUST_05682,25-34,Male,True
CUST_05683,45-54,Female,True
CUST_05684,18-24,Female,True
CUST_05685,18-24,Female,True
CUST_05686,18-24,Non-binary,True
CUST_05687,25-34,Male,True
CUST_05688,25-34,Male,False
CUST_05689,45-54,Female,True
CUST_05690,35-44,Male,True
CUST_05691,25-34,Non-binary,True
CUST_05692,55+,Female,True
CUST_05693,45-54,Female,True
CUST_05694,35-44,Male,True
CUST_05695,25-34,Female,True
CUST_05696,25-34,Male,True
CUST_05697,25-34,Male,True
CUST_05698,35-44,Female,False
CUST_05699,35-44,Female,False
CUST_05700,55+,Male,True
CUST_05701,35-44,Male,True
CUST_05702,25-34,Female,True
CUST_05703,35-44,Female,True
CUST_05704,25-34,Female,True
CUST_05705,25-34,Male,True
CUST_05706,35-44,Female,True
CUST_05707,18-24,Male,True
CUST_05708,45-54,Male,True
CUST_05709,55+,Female,True
CUST_05710,18-24,Male,True
CUST_05711,35-44,Female,True
CUST_05712,25-34,Female,True
CUST_05713,45-54,Male,True
CUST_05714,35-44,Male,True
CUST_05715,18-24,Male,True
CUST_05716,18-24,Female,True
CUST_05717,25-34,Female,True
CUST_05718,35-44,Female,True
CUST_05719,45-54,Male,True
CUST_05720,45-54,Female,True
CUST_05721,18-24,Female,True
CUST_05722,35-44,Female,True
CUST_05723,18-24,Female,True
CUST_05724,35-44,Female,True
CUST_05725,18-24,Female,True
CUST_05726,35-44,"Prefer not to say",True
CUST_05727,25-34,Female,True
CUST_05728,25-34,Male,True
CUST_05729,35-44,Male,True
CUST_05730,25-34,"Prefer not to say",True
CUST_05731,55+,Female,True
CUST_05732,25-34,"Prefer not to say",True
CUST_05733,25-34,Male,True
CUST_05734,18-24,Male,True
CUST_05735,25-34,Non-binary,True
CUST_05736,25-34,Female,True
CUST_05737,35-44,Male,True
CUST_05738,45-54,Female,True
CUST_05739,25-34,Female,True
CUST_05740,25-34,Female,True
CUST_05741,18-24,Male,True
CUST_05742,35-44,Female,True
CUST_05743,18-24,Male,True
CUST_05744,45-54,Female,True
CUST_05745,45-54,Female,True
CUST_05746,18-24,"Prefer not to say",True
CUST_05747,55+,Female,True
CUST_05748,45-54,Female,True
CUST_05749,25-34,Non-binary,True
CUST_05750,25-34,Female,True
CUST_05751,25-34,Male,True
CUST_05752,25-34,Male,True
CUST_05753,35-44,Male,False
CUST_05754,25-34,Male,True
CUST_05755,25-34,Female,True
CUST_05756,25-34,"Prefer not to say",False
CUST_05757,25-34,Female,True
CUST_05758,55+,Female,True
CUST_05759,18-24,Female,True
CUST_05760,25-34,Female,True
CUST_05761,25-34,Male,True
CUST_05762,25-34,Female,True
CUST_05763,25-34,Female,True
CUST_05764,18-24,Male,True
CUST_05765,35-44,Female,True
CUST_05766,18-24,Male,True
CUST_05767,25-34,Female,True
CUST_05768,35-44,Female,True
CUST_05769,55+,Male,True
CUST_05770,35-44,Female,True
CUST_05771,55+,Female,False
CUST_05772,25-34,Female,True
CUST_05773,25-34,Male,True
CUST_05774,35-44,Male,True
CUST_05775,25-34,Non-binary,True
CUST_05776,18-24,Male,True
CUST_05777,35-44,Male,True
CUST_05778,45-54,Male,True
CUST_05779,18-24,Male,True
CUST_05780,25-34,Male,False
CUST_05781,18-24,Male,False
CUST_05782,35-44,Female,True
CUST_05783,25-34,Female,True
CUST_05784,25-34,Male,True
CUST_05785,45-54,Male,True
CUST_05786,45-54,Female,False
CUST_05787,25-34,Female,True
CUST_05788,55+,Male,True
CUST_05789,45-54,Male,True
CUST_05790,25-34,Female,True
CUST_05791,25-34,Female,True
CUST_05792,35-44,Male,True
CUST_05793,35-44,Male,True
CUST_05794,18-24,Male,True
CUST_05795,25-34,Female,False
CUST_05796,18-24,Female,True
CUST_05797,55+,Female,True
CUST_05798,18-24,Male,True
CUST_05799,18-24,Female,True
CUST_05800,45-54,Female,False
CUST_05801,25-34,Female,True
CUST_05802,35-44,Female,True
CUST_05803,35-44,"Prefer not to say",True
CUST_05804,45-54,Female,True
CUST_05805,45-54,Female,True
CUST_05806,18-24,Non-binary,True
CUST_05807,35-44,"Prefer not to say",True
CUST_05808,45-54,Female,True
CUST_05809,25-34,Male,True
CUST_05810,25-34,Female,True
CUST_05811,35-44,Female,True
CUST_05812,18-24,Female,True
CUST_05813,25-34,Female,True
CUST_05814,35-44,Female,True
CUST_05815,25-34,Male,True
CUST_05816,35-44,Male,True
CUST_05817,45-54,Male,True
CUST_05818,25-34,Male,True
CUST_05819,25-34,Male,True
CUST_05820,35-44,Male,True
CUST_05821,25-34,Female,True
CUST_05822,45-54,Female,False
CUST_05823,25-34,Female,True
CUST_05824,45-54,Male,True
CUST_05825,45-54,Male,True
CUST_05826,18-24,Male,True
CUST_05827,35-44,Female,True
CUST_05828,45-54,Female,True
CUST_05829,55+,Male,False
CUST_05830,25-34,Male,True
CUST_05831,25-34,Male,True
CUST_05832,25-34,Male,True
CUST_05833,55+,Male,True
CUST_05834,25-34,Male,True
CUST_05835,45-54,Male,True
CUST_05836,45-54,Male,True
CUST_05837,25-34,Female,True
CUST_05838,35-44,Male,True
CUST_05839,25-34,Male,True
CUST_05840,25-34,Male,True
CUST_05841,45-54,Male,True
CUST_05842,18-24,Non-binary,False
CUST_05843,35-44,Male,True
CUST_05844,45-54,Male,True
CUST_05845,25-34,Female,True
CUST_05846,35-44,Male,True
CUST_05847,18-24,"Prefer not to say",True
CUST_05848,45-54,Male,True
CUST_05849,25-34,Male,True
CUST_05850,25-34,Male,True
CUST_05851,45-54,Male,True
CUST_05852,45-54,Male,True
CUST_05853,55+,Female,True
CUST_05854,25-34,Female,True
CUST_05855,25-34,"Prefer not to say",True
CUST_05856,18-24,Female,True
CUST_05857,25-34,Female,True
CUST_05858,55+,Male,True
CUST_05859,35-44,Male,True
CUST_05860,18-24,Male,True
CUST_05861,35-44,Male,True
CUST_05862,18-24,Female,True
CUST_05863,45-54,Male,True
CUST_05864,45-54,Female,True
CUST_05865,35-44,Male,True
CUST_05866,25-34,Male,True
CUST_05867,18-24,Non-binary,True
CUST_05868,55+,Female,True
CUST_05869,45-54,Male,True
CUST_05870,45-54,Male,True
CUST_05871,18-24,Female,True
CUST_05872,25-34,Female,True
CUST_05873,55+,Male,True
CUST_05874,25-34,Female,True
CUST_05875,25-34,Female,True
CUST_05876,18-24,Female,True
CUST_05877,55+,Male,True
CUST_05878,25-34,Female,True
CUST_05879,35-44,Male,True
CUST_05880,18-24,Female,True
CUST_05881,18-24,"Prefer not to say",True
CUST_05882,18-24,Female,True
CUST_05883,55+,Female,True
CUST_05884,35-44,Male,True
CUST_05885,35-44,Female,True
CUST_05886,25-34,Female,True
CUST_05887,55+,Male,False
CUST_05888,35-44,Male,True
CUST_05889,35-44,Female,True
CUST_05890,25-34,Female,True
CUST_05891,45-54,Male,True
CUST_05892,25-34,Male,True
CUST_05893,55+,Male,True
CUST_05894,18-24,Male,True
CUST_05895,25-34,Female,True
CUST_05896,18-24,Male,True
CUST_05897,18-24,Female,True
CUST_05898,25-34,"Prefer not to say",True
CUST_05899,35-44,Female,True
CUST_05900,35-44,Female,True
CUST_05901,45-54,Male,True
CUST_05902,25-34,Female,True
CUST_05903,35-44,Non-binary,True
CUST_05904,18-24,Non-binary,True
CUST_05905,25-34,Male,True
CUST_05906,18-24,Male,True
CUST_05907,18-24,Male,True
CUST_05908,45-54,Male,True
CUST_05909,25-34,Female,True
CUST_05910,25-34,Male,True
CUST_05911,35-44,Female,True
CUST_05912,35-44,Female,True
CUST_05913,25-34,Female,True
CUST_05914,35-44,Male,True
CUST_05915,25-34,Female,True
CUST_05916,55+,Male,True
CUST_05917,45-54,Male,True
CUST_05918,45-54,Female,True
CUST_05919,35-44,Female,True
CUST_05920,35-44,Male,True
CUST_05921,35-44,Male,True
CUST_05922,25-34,Female,True
CUST_05923,55+,Male,True
CUST_05924,25-34,Female,True
CUST_05925,18-24,Female,True
CUST_05926,25-34,Female,True
CUST_05927,25-34,Male,True
CUST_05928,55+,Male,True
CUST_05929,45-54,Female,True
CUST_05930,25-34,Non-binary,True
CUST_05931,55+,Male,False
CUST_05932,45-54,Male,True
CUST_05933,18-24,Female,True
CUST_05934,25-34,Female,True
CUST_05935,18-24,Female,True
CUST_05936,35-44,Female,True
CUST_05937,25-34,Male,True
CUST_05938,55+,Female,True
CUST_05939,25-34,Male,True
CUST_05940,18-24,Female,True
CUST_05941,35-44,Female,True
CUST_05942,45-54,Male,True
CUST_05943,55+,Female,True
CUST_05944,45-54,Male,True
CUST_05945,55+,Non-binary,True
CUST_05946,25-34,Non-binary,True
CUST_05947,55+,Female,True
CUST_05948,25-34,Male,True
CUST_05949,55+,Male,True
CUST_05950,25-34,Female,True
CUST_05951,25-34,Non-binary,True
CUST_05952,35-44,"Prefer not to say",True
CUST_05953,18-24,Male,True
CUST_05954,18-24,Female,True
CUST_05955,45-54,Female,True
CUST_05956,55+,Male,True
CUST_05957,45-54,Female,True
CUST_05958,25-34,Male,True
CUST_05959,45-54,Male,True
CUST_05960,55+,Male,True
CUST_05961,45-54,Male,True
CUST_05962,35-44,Non-binary,True
CUST_05963,18-24,Male,False
CUST_05964,35-44,Female,True
CUST_05965,18-24,Male,True
CUST_05966,25-34,Male,True
CUST_05967,35-44,Female,True
CUST_05968,35-44,Male,True
CUST_05969,18-24,Female,True
CUST_05970,25-34,Male,True
CUST_05971,55+,Non-binary,True
CUST_05972,25-34,Male,True
CUST_05973,55+,Male,True
CUST_05974,45-54,Male,True
CUST_05975,25-34,Female,True
CUST_05976,45-54,Female,True
CUST_05977,45-54,Female,True
CUST_05978,25-34,Male,True
CUST_05979,55+,Female,True
CUST_05980,35-44,Male,True
CUST_05981,45-54,Female,True
CUST_05982,45-54,"Prefer not to say",True
CUST_05983,25-34,Female,True
CUST_05984,45-54,Male,True
CUST_05985,35-44,Male,True
CUST_05986,25-34,Female,True
CUST_05987,25-34,Female,True
CUST_05988,55+,Male,True
CUST_05989,18-24,Female,True
CUST_05990,25-34,Female,True
CUST_05991,35-44,Female,True
CUST_05992,18-24,Female,True
CUST_05993,35-44,Female,True
CUST_05994,45-54,Male,True
CUST_05995,35-44,Non-binary,True
CUST_05996,25-34,Female,True
CUST_05997,35-44,Female,True
CUST_05998,55+,Female,True
CUST_05999,18-24,Female,True
CUST_06000,25-34,Female,True
CUST_06001,55+,Male,False
CUST_06002,25-34,Female,True
CUST_06003,25-34,Female,True
CUST_06004,45-54,Female,True
CUST_06005,35-44,Non-binary,True
CUST_06006,45-54,Female,True
CUST_06007,45-54,Female,True
CUST_06008,18-24,Female,True
CUST_06009,18-24,Non-binary,True
CUST_06010,18-24,Non-binary,True
CUST_06011,45-54,Female,True
CUST_06012,45-54,Male,True
CUST_06013,45-54,Male,False
CUST_06014,55+,Male,True
CUST_06015,25-34,Male,True
CUST_06016,25-34,"Prefer not to say",True
CUST_06017,25-34,Female,True
CUST_06018,25-34,Female,True
CUST_06019,35-44,Male,True
CUST_06020,25-34,Male,True
CUST_06021,45-54,Female,True
CUST_06022,45-54,Male,True
CUST_06023,35-44,Female,True
CUST_06024,45-54,Male,True
CUST_06025,45-54,Male,True
CUST_06026,35-44,Female,True
CUST_06027,25-34,Female,True
CUST_06028,18-24,Male,True
CUST_06029,25-34,Female,True
CUST_06030,25-34,Female,True
CUST_06031,45-54,Female,True
CUST_06032,55+,Male,True
CUST_06033,18-24,Female,True
CUST_06034,55+,Female,True
CUST_06035,35-44,Female,True
CUST_06036,35-44,Male,True
CUST_06037,35-44,Male,False
CUST_06038,18-24,Female,True
CUST_06039,45-54,Male,True
CUST_06040,25-34,Female,True
CUST_06041,35-44,Male,True
CUST_06042,55+,Male,True
CUST_06043,55+,Female,True
CUST_06044,45-54,Male,True
CUST_06045,35-44,Male,True
CUST_06046,55+,Male,True
CUST_06047,18-24,Female,True
CUST_06048,35-44,Male,True
CUST_06049,25-34,Female,True
CUST_06050,55+,Male,True
CUST_06051,25-34,Female,True
CUST_06052,25-34,Male,True
CUST_06053,25-34,Male,True
CUST_06054,35-44,Female,True
CUST_06055,25-34,Female,True
CUST_06056,35-44,Male,True
CUST_06057,45-54,Female,True
CUST_06058,35-44,Female,True
CUST_06059,55+,Female,True
CUST_06060,35-44,"Prefer not to say",True
CUST_06061,45-54,Male,True
CUST_06062,25-34,Non-binary,True
CUST_06063,55+,Male,True
CUST_06064,25-34,"Prefer not to say",True
CUST_06065,18-24,Female,True
CUST_06066,55+,Male,True
CUST_06067,35-44,Male,True
CUST_06068,55+,Female,True
CUST_06069,35-44,Female,True
CUST_06070,25-34,Female,True
CUST_06071,35-44,Female,True
CUST_06072,35-44,Female,True
CUST_06073,35-44,"Prefer not to say",True
CUST_06074,25-34,Female,True
CUST_06075,18-24,Female,True
CUST_06076,25-34,Male,True
CUST_06077,55+,Male,True
CUST_06078,35-44,Female,True
CUST_06079,18-24,Male,True
CUST_06080,45-54,Male,True
CUST_06081,35-44,Male,True
CUST_06082,35-44,Female,False
CUST_06083,55+,Female,True
CUST_06084,35-44,Female,True
CUST_06085,35-44,Non-binary,True
CUST_06086,55+,Male,True
CUST_06087,25-34,Female,True
CUST_06088,35-44,Male,True
CUST_06089,35-44,Female,True
CUST_06090,55+,Male,True
CUST_06091,35-44,Female,True
CUST_06092,25-34,Male,True
CUST_06093,35-44,Female,True
CUST_06094,25-34,Male,True
CUST_06095,55+,Female,True
CUST_06096,35-44,Female,False
CUST_06097,35-44,Male,True
CUST_06098,35-44,Female,True
CUST_06099,18-24,Male,True
CUST_06100,35-44,Female,True
CUST_06101,18-24,Male,True
CUST_06102,55+,Female,True
CUST_06103,55+,Male,True
CUST_06104,25-34,Female,True
CUST_06105,18-24,Male,True
CUST_06106,18-24,Male,True
CUST_06107,35-44,Female,True
CUST_06108,25-34,Male,True
CUST_06109,25-34,Male,True
CUST_06110,55+,Female,True
CUST_06111,25-34,Female,True
CUST_06112,35-44,Male,True
CUST_06113,35-44,"Prefer not to say",True
CUST_06114,18-24,Male,True
CUST_06115,18-24,"Prefer not to say",True
CUST_06116,35-44,Male,True
CUST_06117,25-34,Male,True
CUST_06118,55+,Female,True
CUST_06119,45-54,"Prefer not to say",True
CUST_06120,18-24,Female,True
CUST_06121,18-24,Male,True
CUST_06122,25-34,Female,True
CUST_06123,55+,Female,True
CUST_06124,35-44,Female,True
CUST_06125,35-44,Female,True
CUST_06126,18-24,Male,True
CUST_06127,45-54,Male,True
CUST_06128,18-24,Female,True
CUST_06129,55+,Non-binary,True
CUST_06130,45-54,Male,True
CUST_06131,25-34,Male,True
CUST_06132,18-24,Female,True
CUST_06133,55+,Female,True
CUST_06134,35-44,"Prefer not to say",True
CUST_06135,55+,Non-binary,True
CUST_06136,55+,Female,False
CUST_06137,25-34,Male,True
CUST_06138,18-24,Female,True
CUST_06139,25-34,Male,True
CUST_06140,25-34,Female,True
CUST_06141,18-24,Male,True
CUST_06142,25-34,Non-binary,True
CUST_06143,55+,Female,True
CUST_06144,55+,Female,True
CUST_06145,45-54,Male,True
CUST_06146,35-44,Female,True
CUST_06147,25-34,Female,True
CUST_06148,35-44,Female,True
CUST_06149,25-34,Female,True
CUST_06150,25-34,Male,True
CUST_06151,25-34,Male,True
CUST_06152,55+,Male,True
CUST_06153,25-34,Male,True
CUST_06154,18-24,Male,True
CUST_06155,35-44,Female,False
CUST_06156,25-34,"Prefer not to say",True
CUST_06157,45-54,Female,True
CUST_06158,35-44,Female,True
CUST_06159,18-24,Non-binary,True
CUST_06160,25-34,Female,True
CUST_06161,55+,Female,True
CUST_06162,35-44,Female,True
CUST_06163,35-44,Male,True
CUST_06164,25-34,Male,True
CUST_06165,55+,Male,True
CUST_06166,45-54,Female,True
CUST_06167,35-44,Female,True
CUST_06168,18-24,Male,True
CUST_06169,35-44,Non-binary,True
CUST_06170,18-24,Non-binary,True
CUST_06171,45-54,Female,True
CUST_06172,18-24,Male,True
CUST_06173,25-34,Female,True
CUST_06174,18-24,Non-binary,True
CUST_06175,25-34,Female,True
CUST_06176,55+,Male,True
CUST_06177,25-34,Female,True
CUST_06178,45-54,"Prefer not to say",True
CUST_06179,55+,Female,True
CUST_06180,25-34,Female,True
CUST_06181,18-24,Male,True
CUST_06182,25-34,Female,True
CUST_06183,45-54,Male,True
CUST_06184,35-44,Female,True
CUST_06185,35-44,Male,True
CUST_06186,45-54,Female,True
CUST_06187,25-34,Female,True
CUST_06188,25-34,Male,True
CUST_06189,25-34,Non-binary,True
CUST_06190,45-54,Female,True
CUST_06191,35-44,Female,True
CUST_06192,25-34,Female,True
CUST_06193,25-34,Female,True
CUST_06194,25-34,Female,True
CUST_06195,18-24,Non-binary,True
CUST_06196,25-34,Male,True
CUST_06197,25-34,Non-binary,True
CUST_06198,25-34,Female,True
CUST_06199,55+,Male,True
CUST_06200,35-44,Male,True
CUST_06201,35-44,Male,True
CUST_06202,18-24,Female,True
CUST_06203,45-54,"Prefer not to say",False
CUST_06204,35-44,Female,True
CUST_06205,18-24,"Prefer not to say",True
CUST_06206,25-34,Male,True
CUST_06207,25-34,Female,True
CUST_06208,18-24,Female,True
CUST_06209,45-54,Male,True
CUST_06210,35-44,Male,True
CUST_06211,18-24,Female,True
CUST_06212,18-24,Non-binary,True
CUST_06213,45-54,Male,True
CUST_06214,25-34,Male,True
CUST_06215,35-44,Non-binary,True
CUST_06216,25-34,"Prefer not to say",True
CUST_06217,55+,Male,True
CUST_06218,25-34,Female,True
CUST_06219,25-34,Male,True
CUST_06220,25-34,Male,True
CUST_06221,18-24,Male,True
CUST_06222,35-44,Male,True
CUST_06223,45-54,Male,True
CUST_06224,25-34,Female,True
CUST_06225,35-44,Male,True
CUST_06226,55+,Male,True
CUST_06227,35-44,Male,True
CUST_06228,35-44,Female,True
CUST_06229,18-24,Non-binary,True
CUST_06230,25-34,Male,True
CUST_06231,18-24,Male,True
CUST_06232,25-34,Female,True
CUST_06233,45-54,Female,True
CUST_06234,18-24,Male,True
CUST_06235,35-44,Female,True
CUST_06236,18-24,Female,True
CUST_06237,55+,Non-binary,True
CUST_06238,35-44,Male,True
CUST_06239,35-44,Male,True
CUST_06240,35-44,Female,True
CUST_06241,35-44,Male,True
CUST_06242,55+,Female,True
CUST_06243,55+,Male,True
CUST_06244,35-44,Male,True
CUST_06245,18-24,Female,True
CUST_06246,18-24,"Prefer not to say",True
CUST_06247,55+,Female,True
CUST_06248,25-34,Male,True
CUST_06249,45-54,Male,True
CUST_06250,25-34,Female,True
CUST_06251,35-44,Male,True
CUST_06252,25-34,Female,True
CUST_06253,25-34,Non-binary,True
CUST_06254,25-34,Male,True
CUST_06255,35-44,Male,True
CUST_06256,25-34,Male,True
CUST_06257,25-34,Male,True
CUST_06258,35-44,Male,False
CUST_06259,25-34,Male,True
CUST_06260,18-24,Female,True
CUST_06261,35-44,Female,True
CUST_06262,55+,Female,True
CUST_06263,45-54,Male,False
CUST_06264,35-44,Male,True
CUST_06265,18-24,Male,True
CUST_06266,35-44,Male,True
CUST_06267,45-54,Female,True
CUST_06268,35-44,Male,True
CUST_06269,25-34,Female,True
CUST_06270,18-24,Male,True
CUST_06271,35-44,Male,True
CUST_06272,25-34,Female,False
CUST_06273,25-34,Female,True
CUST_06274,25-34,Female,True
CUST_06275,35-44,Male,True
CUST_06276,25-34,Female,True
CUST_06277,18-24,Male,True
CUST_06278,25-34,Female,True
CUST_06279,18-24,Non-binary,True
CUST_06280,25-34,Non-binary,True
CUST_06281,35-44,Female,True
CUST_06282,45-54,Female,True
CUST_06283,45-54,Male,True
CUST_06284,18-24,Female,True
CUST_06285,18-24,Female,True
CUST_06286,25-34,Non-binary,True
CUST_06287,25-34,Male,True
CUST_06288,25-34,Female,True
CUST_06289,25-34,Non-binary,True
CUST_06290,35-44,Female,True
CUST_06291,25-34,Female,True
CUST_06292,25-34,Male,True
CUST_06293,35-44,Non-binary,True
CUST_06294,18-24,Male,False
CUST_06295,35-44,Female,True
CUST_06296,18-24,Female,True
CUST_06297,25-34,"Prefer not to say",True
CUST_06298,35-44,Non-binary,True
CUST_06299,55+,Female,True
CUST_06300,18-24,Male,True
CUST_06301,45-54,Male,True
CUST_06302,25-34,Male,True
CUST_06303,18-24,Male,True
CUST_06304,35-44,Female,True
CUST_06305,55+,Female,True
CUST_06306,18-24,Female,True
CUST_06307,55+,Non-binary,True
CUST_06308,35-44,Female,True
CUST_06309,55+,Female,True
CUST_06310,18-24,Male,True
CUST_06311,25-34,Male,True
CUST_06312,18-24,"Prefer not to say",True
CUST_06313,45-54,Female,True
CUST_06314,55+,Male,True
CUST_06315,35-44,Non-binary,True
CUST_06316,18-24,Female,True
CUST_06317,45-54,Male,True
CUST_06318,45-54,Male,True
CUST_06319,18-24,Female,True
CUST_06320,18-24,Male,True
CUST_06321,35-44,Non-binary,True
CUST_06322,25-34,Non-binary,True
CUST_06323,18-24,Male,True
CUST_06324,25-34,Male,True
CUST_06325,25-34,Male,True
CUST_06326,35-44,Female,True
CUST_06327,25-34,Male,True
CUST_06328,35-44,Male,True
CUST_06329,55+,Female,True
CUST_06330,35-44,Male,True
CUST_06331,25-34,Non-binary,True
CUST_06332,25-34,Male,True
CUST_06333,35-44,Female,True
CUST_06334,25-34,Female,True
CUST_06335,45-54,Female,True
CUST_06336,25-34,Male,True
CUST_06337,55+,Female,True
CUST_06338,35-44,Female,True
CUST_06339,25-34,Non-binary,True
CUST_06340,55+,Male,True
CUST_06341,35-44,Male,True
CUST_06342,35-44,Male,True
CUST_06343,45-54,Female,True
CUST_06344,18-24,Male,True
CUST_06345,25-34,Male,True
CUST_06346,45-54,Female,True
CUST_06347,45-54,Male,True
CUST_06348,18-24,Female,True
CUST_06349,45-54,Female,True
CUST_06350,18-24,Female,True
CUST_06351,45-54,Female,True
CUST_06352,45-54,Female,True
CUST_06353,18-24,Male,True
CUST_06354,35-44,Male,True
CUST_06355,35-44,Male,True
CUST_06356,18-24,"Prefer not to say",True
CUST_06357,18-24,Female,True
CUST_06358,25-34,Male,True
CUST_06359,18-24,Male,False
CUST_06360,35-44,Female,True
CUST_06361,18-24,"Prefer not to say",True
CUST_06362,35-44,Male,True
CUST_06363,25-34,Female,True
CUST_06364,45-54,Male,True
CUST_06365,18-24,Male,True
CUST_06366,18-24,Male,True
CUST_06367,18-24,Female,True
CUST_06368,55+,Female,True
CUST_06369,35-44,Male,True
CUST_06370,18-24,Male,True
CUST_06371,55+,Male,True
CUST_06372,35-44,Female,True
CUST_06373,35-44,Female,True
CUST_06374,25-34,Male,False
CUST_06375,45-54,Female,True
CUST_06376,35-44,Female,True
CUST_06377,55+,Male,True
CUST_06378,45-54,Male,True
CUST_06379,18-24,Male,True
CUST_06380,35-44,Female,True
CUST_06381,45-54,Male,False
CUST_06382,45-54,Female,True
CUST_06383,18-24,Female,True
CUST_06384,18-24,Female,True
CUST_06385,55+,Male,True
CUST_06386,35-44,Female,True
CUST_06387,18-24,Male,True
CUST_06388,45-54,Female,True
CUST_06389,35-44,Female,False
CUST_06390,25-34,Female,False
CUST_06391,25-34,"Prefer not to say",True
CUST_06392,18-24,Female,True
CUST_06393,18-24,Male,True
CUST_06394,25-34,Female,True
CUST_06395,55+,Female,True
CUST_06396,55+,Female,True
CUST_06397,45-54,Female,True
CUST_06398,18-24,Female,True
CUST_06399,25-34,Male,True
CUST_06400,18-24,Male,True
CUST_06401,55+,Female,True
CUST_06402,25-34,Male,True
CUST_06403,45-54,Female,True
CUST_06404,18-24,Female,True
CUST_06405,18-24,Male,True
CUST_06406,25-34,Male,True
CUST_06407,25-34,Male,True
CUST_06408,25-34,Male,True
CUST_06409,55+,Female,True
CUST_06410,25-34,Female,True
CUST_06411,35-44,Male,True
CUST_06412,55+,Male,True
CUST_06413,55+,Male,True
CUST_06414,55+,Male,True
CUST_06415,25-34,Female,True
CUST_06416,25-34,Male,True
CUST_06417,55+,Female,True
CUST_06418,25-34,Male,True
CUST_06419,25-34,Male,True
CUST_06420,35-44,Female,True
CUST_06421,25-34,Male,True
CUST_06422,18-24,Male,True
CUST_06423,35-44,Female,True
CUST_06424,45-54,Male,True
CUST_06425,55+,Male,True
CUST_06426,25-34,Male,True
CUST_06427,25-34,Male,True
CUST_06428,25-34,Female,True
CUST_06429,25-34,Non-binary,True
CUST_06430,55+,Female,False
CUST_06431,35-44,Female,True
CUST_06432,25-34,Male,True
CUST_06433,18-24,Male,True
CUST_06434,35-44,"Prefer not to say",False
CUST_06435,25-34,Female,True
CUST_06436,25-34,Female,True
CUST_06437,25-34,Female,True
CUST_06438,18-24,Female,True
CUST_06439,18-24,Female,True
CUST_06440,35-44,Male,True
CUST_06441,25-34,Female,True
CUST_06442,45-54,"Prefer not to say",True
CUST_06443,25-34,Male,True
CUST_06444,45-54,Female,True
CUST_06445,25-34,Male,True
CUST_06446,45-54,Male,True
CUST_06447,25-34,Female,False
CUST_06448,25-34,Female,True
CUST_06449,25-34,Male,True
CUST_06450,25-34,Male,True
CUST_06451,55+,Female,True
CUST_06452,35-44,Female,True
CUST_06453,35-44,"Prefer not to say",True
CUST_06454,35-44,Male,True
CUST_06455,35-44,Female,True
CUST_06456,18-24,Female,True
CUST_06457,25-34,Female,True
CUST_06458,25-34,Female,True
CUST_06459,18-24,Male,True
CUST_06460,18-24,Male,True
CUST_06461,35-44,Female,True
CUST_06462,18-24,Female,True
CUST_06463,55+,Male,True
CUST_06464,35-44,Female,True
CUST_06465,35-44,Female,True
CUST_06466,18-24,Male,True
CUST_06467,25-34,Female,True
CUST_06468,25-34,Male,True
CUST_06469,18-24,"Prefer not to say",True
CUST_06470,18-24,Female,True
CUST_06471,35-44,Male,True
CUST_06472,25-34,Female,True
CUST_06473,35-44,Female,True
CUST_06474,35-44,Male,True
CUST_06475,25-34,Female,True
CUST_06476,18-24,Male,True
CUST_06477,35-44,Female,False
CUST_06478,45-54,Male,True
CUST_06479,35-44,Male,True
CUST_06480,18-24,Male,True
CUST_06481,18-24,Female,True
CUST_06482,55+,Male,False
CUST_06483,45-54,"Prefer not to say",True
CUST_06484,25-34,Male,True
CUST_06485,45-54,Female,True
CUST_06486,35-44,Female,False
CUST_06487,35-44,Male,True
CUST_06488,18-24,Female,True
CUST_06489,45-54,Male,True
CUST_06490,18-24,Non-binary,True
CUST_06491,25-34,Male,True
CUST_06492,35-44,Female,True
CUST_06493,18-24,Female,True
CUST_06494,25-34,Male,True
CUST_06495,25-34,Male,True
CUST_06496,18-24,Female,True
CUST_06497,35-44,Male,True
CUST_06498,45-54,Female,True
CUST_06499,18-24,Female,True
CUST_06500,25-34,Female,True
CUST_06501,35-44,Female,True
CUST_06502,18-24,Female,True
CUST_06503,25-34,Female,True
CUST_06504,18-24,Female,True
CUST_06505,35-44,Male,True
CUST_06506,45-54,Male,True
CUST_06507,25-34,Female,True
CUST_06508,55+,Female,True
CUST_06509,25-34,Female,True
CUST_06510,35-44,Male,True
CUST_06511,25-34,Female,True
CUST_06512,25-34,Male,True
CUST_06513,25-34,Male,True
CUST_06514,25-34,Male,False
CUST_06515,35-44,Female,True
CUST_06516,35-44,Male,True
CUST_06517,18-24,Male,True
CUST_06518,45-54,Female,True
CUST_06519,45-54,Male,True
CUST_06520,35-44,Female,True
CUST_06521,45-54,Female,True
CUST_06522,45-54,Female,True
CUST_06523,25-34,Male,True
CUST_06524,35-44,Female,True
CUST_06525,45-54,Male,True
CUST_06526,35-44,Male,True
CUST_06527,25-34,Male,True
CUST_06528,25-34,Female,True
CUST_06529,35-44,Female,True
CUST_06530,25-34,Male,True
CUST_06532,25-34,Female,True
CUST_06533,45-54,Female,True
CUST_06534,55+,Male,True
CUST_06535,18-24,Male,True
CUST_06536,18-24,Male,True
CUST_06537,18-24,Male,True
CUST_06538,18-24,Male,True
CUST_06539,35-44,"Prefer not to say",True
CUST_06540,18-24,Male,True
CUST_06541,35-44,"Prefer not to say",True
CUST_06542,35-44,Male,False
CUST_06543,25-34,Female,True
CUST_06544,25-34,Male,False
CUST_06545,18-24,Male,True
CUST_06546,25-34,Non-binary,True
CUST_06547,55+,Non-binary,True
CUST_06548,18-24,Female,True
CUST_06549,55+,Female,True
CUST_06550,45-54,Non-binary,True
CUST_06551,18-24,Male,True
CUST_06552,35-44,Female,False
CUST_06553,45-54,Female,True
CUST_06554,25-34,Male,True
CUST_06555,35-44,Male,True
CUST_06556,35-44,Male,True
CUST_06557,25-34,Male,True
CUST_06558,18-24,Male,True
CUST_06559,25-34,Male,True
CUST_06560,18-24,Female,True
CUST_06561,35-44,"Prefer not to say",True
CUST_06562,45-54,Female,True
CUST_06563,35-44,Male,True
CUST_06564,25-34,Female,True
CUST_06565,55+,Male,False
CUST_06566,35-44,Female,False
CUST_06567,55+,Male,False
CUST_06568,35-44,Female,True
CUST_06569,35-44,Female,True
CUST_06570,45-54,Female,True
CUST_06571,35-44,Male,True
CUST_06572,18-24,Male,False
CUST_06573,45-54,Female,True
CUST_06574,25-34,Non-binary,True
CUST_06575,35-44,Female,True
CUST_06576,25-34,Female,True
CUST_06577,25-34,Female,True
CUST_06578,25-34,"Prefer not to say",True
CUST_06579,45-54,Male,True
CUST_06580,35-44,Female,True
CUST_06581,35-44,Male,True
CUST_06582,55+,Male,True
CUST_06583,25-34,Male,True
CUST_06584,55+,Female,True
CUST_06585,25-34,Female,True
CUST_06586,35-44,Female,True
CUST_06587,25-34,Non-binary,True
CUST_06588,55+,Male,True
CUST_06589,25-34,Female,True
CUST_06590,35-44,Female,True
CUST_06591,35-44,"Prefer not to say",True
CUST_06592,45-54,Female,True
CUST_06593,25-34,Female,True
CUST_06594,45-54,"Prefer not to say",True
CUST_06595,35-44,Female,True
CUST_06596,35-44,Male,True
CUST_06597,35-44,Non-binary,True
CUST_06598,35-44,Female,True
CUST_06599,45-54,Female,True
CUST_06600,25-34,Female,True
CUST_06601,25-34,Non-binary,True
CUST_06602,35-44,Female,True
CUST_06603,25-34,Male,True
CUST_06604,25-34,Female,True
CUST_06605,18-24,Female,True
CUST_06606,25-34,Female,True
CUST_06607,45-54,Male,True
CUST_06608,18-24,Female,False
CUST_06609,35-44,Male,True
CUST_06610,18-24,Male,True
CUST_06611,55+,Male,True
CUST_06612,25-34,Female,True
CUST_06613,35-44,Male,True
CUST_06614,45-54,Male,True
CUST_06615,18-24,Male,True
CUST_06616,18-24,Female,True
CUST_06617,18-24,Male,True
CUST_06618,55+,Male,True
CUST_06619,25-34,Male,True
CUST_06620,35-44,Male,True
CUST_06621,25-34,Male,True
CUST_06622,25-34,Female,True
CUST_06623,25-34,Female,True
CUST_06624,18-24,Female,True
CUST_06625,18-24,Male,True
CUST_06626,18-24,Female,True
CUST_06627,45-54,Male,True
CUST_06628,35-44,Male,True
CUST_06629,35-44,Female,True
CUST_06630,25-34,"Prefer not to say",True
CUST_06631,25-34,Male,True
CUST_06632,18-24,Female,False
CUST_06633,55+,Female,True
CUST_06634,35-44,Male,True
CUST_06635,35-44,Female,True
CUST_06636,55+,Female,True
CUST_06637,35-44,Male,True
CUST_06638,55+,Male,True
CUST_06639,25-34,Female,True
CUST_06640,45-54,Male,True
CUST_06641,25-34,Male,True
CUST_06642,18-24,Female,True
CUST_06643,45-54,Non-binary,True
CUST_06644,25-34,Female,True
CUST_06645,25-34,Female,True
CUST_06646,25-34,Non-binary,True
CUST_06647,35-44,Male,True
CUST_06648,35-44,Female,True
CUST_06649,25-34,Non-binary,True
CUST_06650,25-34,Male,False
CUST_06651,25-34,Male,True
CUST_06652,18-24,Male,True
CUST_06653,45-54,Male,True
CUST_06654,25-34,Male,True
CUST_06655,45-54,Female,True
CUST_06656,55+,Female,True
CUST_06657,18-24,Male,True
CUST_06658,25-34,Female,True
CUST_06659,45-54,Male,True
CUST_06660,25-34,Female,True
CUST_06661,55+,Male,True
CUST_06662,18-24,Female,True
CUST_06663,55+,Female,True
CUST_06664,25-34,Male,True
CUST_06666,35-44,Female,True
CUST_06667,35-44,Male,False
CUST_06668,25-34,Male,True
CUST_06669,35-44,Male,True
CUST_06670,18-24,Male,True
CUST_06671,55+,Male,True
CUST_06672,25-34,Non-binary,True
CUST_06673,55+,Female,True
CUST_06674,18-24,Male,True
CUST_06675,35-44,Female,True
CUST_06676,25-34,"Prefer not to say",True
CUST_06677,25-34,Male,True
CUST_06678,18-24,Female,True
CUST_06679,18-24,Male,True
CUST_06680,35-44,Male,False
CUST_06681,18-24,Male,True
CUST_06682,35-44,Male,True
CUST_06683,18-24,Female,True
CUST_06684,18-24,Female,True
CUST_06685,35-44,Male,True
CUST_06686,45-54,Male,True
CUST_06687,55+,Female,True
CUST_06688,45-54,Male,True
CUST_06689,25-34,Female,True
CUST_06690,18-24,Male,False
CUST_06691,35-44,Female,True
CUST_06692,45-54,Male,True
CUST_06693,18-24,Female,True
CUST_06694,45-54,Male,True
CUST_06695,35-44,"Prefer not to say",True
CUST_06696,35-44,Male,True
CUST_06697,45-54,Female,True
CUST_06698,25-34,Male,True
CUST_06699,25-34,Male,True
CUST_06700,25-34,Female,True
CUST_06701,45-54,Male,True
CUST_06702,35-44,Non-binary,True
CUST_06703,25-34,Female,True
CUST_06704,45-54,Female,True
CUST_06705,18-24,Female,True
CUST_06706,45-54,Female,True
CUST_06707,35-44,Female,True
CUST_06708,18-24,Female,True
CUST_06709,25-34,Female,False
CUST_06710,25-34,Male,True
CUST_06711,18-24,Male,True
CUST_06712,45-54,Male,True
CUST_06713,35-44,Male,True
CUST_06714,25-34,Female,True
CUST_06715,45-54,Non-binary,True
CUST_06716,25-34,Female,True
CUST_06717,25-34,Male,True
CUST_06718,55+,Female,True
CUST_06719,25-34,Female,True
CUST_06720,35-44,Female,False
CUST_06721,55+,Female,True
CUST_06722,35-44,Female,True
CUST_06723,25-34,Male,True
CUST_06724,25-34,Male,True
CUST_06725,35-44,Female,True
CUST_06726,25-34,Male,True
CUST_06727,25-34,Male,True
CUST_06728,35-44,Male,True
CUST_06729,55+,Non-binary,True
CUST_06730,35-44,Male,False
CUST_06731,25-34,Female,True
CUST_06732,35-44,Male,True
CUST_06733,25-34,Male,True
CUST_06734,35-44,Female,True
CUST_06735,45-54,Male,False
CUST_06736,45-54,Male,True
CUST_06737,35-44,Male,True
CUST_06738,35-44,Male,True
CUST_06739,45-54,Female,True
CUST_06740,18-24,Female,True
CUST_06741,45-54,Female,True
CUST_06742,25-34,Female,True
CUST_06743,45-54,Male,True
CUST_06744,35-44,Female,True
CUST_06745,25-34,Female,True
CUST_06746,25-34,Female,True
CUST_06747,35-44,Male,True
CUST_06748,35-44,Male,True
CUST_06749,55+,Female,True
CUST_06750,55+,Male,True
CUST_06751,18-24,Non-binary,True
CUST_06752,55+,Female,True
CUST_06753,55+,Female,True
CUST_06754,25-34,Female,True
CUST_06755,18-24,Male,True
CUST_06756,25-34,"Prefer not to say",True
CUST_06757,35-44,Female,True
CUST_06758,25-34,Male,False
CUST_06759,18-24,Male,True
CUST_06760,45-54,Male,True
CUST_06761,45-54,Male,True
CUST_06762,35-44,Male,True
CUST_06763,45-54,Non-binary,True
CUST_06764,35-44,Male,True
CUST_06765,45-54,Female,True
CUST_06766,18-24,Male,False
CUST_06767,35-44,Male,True
CUST_06768,25-34,Male,True
CUST_06769,35-44,Female,True
CUST_06770,25-34,Female,True
CUST_06771,45-54,Male,True
CUST_06772,35-44,Male,True
CUST_06773,25-34,Female,True
CUST_06774,45-54,Male,True
CUST_06775,35-44,"Prefer not to say",True
CUST_06776,18-24,Female,True
CUST_06777,55+,Male,True
CUST_06778,25-34,Male,True
CUST_06779,45-54,Male,True
CUST_06780,25-34,Male,True
CUST_06781,18-24,Male,True
CUST_06782,18-24,Male,True
CUST_06783,25-34,Female,True
CUST_06784,35-44,Male,True
CUST_06785,25-34,Male,True
CUST_06786,18-24,Female,True
CUST_06787,25-34,Female,True
CUST_06788,25-34,Female,True
CUST_06789,25-34,Female,True
CUST_06790,25-34,Female,True
CUST_06791,25-34,Female,False
CUST_06792,35-44,Male,True
CUST_06793,25-34,Female,False
CUST_06794,45-54,Female,True
CUST_06795,25-34,Female,True
CUST_06796,35-44,Female,True
CUST_06797,25-34,Female,True
CUST_06798,25-34,Male,True
CUST_06799,25-34,Male,True
CUST_06800,25-34,Male,True
CUST_06801,35-44,Female,True
CUST_06802,18-24,Non-binary,True
CUST_06803,25-34,Female,True
CUST_06804,25-34,Female,True
CUST_06805,25-34,Male,True
CUST_06806,25-34,Female,True
CUST_06807,35-44,Non-binary,True
CUST_06808,18-24,Male,False
CUST_06809,25-34,Male,True
CUST_06810,55+,Female,True
CUST_06811,18-24,Female,True
CUST_06812,35-44,Female,True
CUST_06813,45-54,Female,True
CUST_06814,55+,Male,True
CUST_06815,45-54,Male,True
CUST_06816,55+,Male,True
CUST_06817,35-44,Male,True
CUST_06818,18-24,Non-binary,True
CUST_06819,25-34,Male,True
CUST_06820,45-54,Male,False
CUST_06821,55+,Male,False
CUST_06822,25-34,Female,True
CUST_06823,25-34,Male,True
CUST_06824,18-24,Female,True
CUST_06825,45-54,"Prefer not to say",True
CUST_06826,55+,Male,True
CUST_06827,35-44,Non-binary,True
CUST_06828,45-54,Male,True
CUST_06829,45-54,Male,True
CUST_06830,35-44,Male,True
CUST_06831,18-24,Female,True
CUST_06832,18-24,Male,True
CUST_06833,25-34,Female,True
CUST_06834,35-44,Male,True
CUST_06835,55+,Male,True
CUST_06836,18-24,Female,True
CUST_06837,45-54,Female,True
CUST_06838,18-24,Female,True
CUST_06839,18-24,Male,True
CUST_06840,18-24,Male,True
CUST_06841,18-24,Female,True
CUST_06842,45-54,Female,True
CUST_06843,25-34,Male,True
CUST_06844,18-24,Male,True
CUST_06845,25-34,Female,True
CUST_06846,45-54,Male,True
CUST_06847,25-34,Male,True
CUST_06848,25-34,Female,True
CUST_06849,35-44,Male,True
CUST_06850,35-44,Male,True
CUST_06851,35-44,"Prefer not to say",True
CUST_06852,55+,Male,True
CUST_06853,35-44,Female,True
CUST_06854,35-44,Female,True
CUST_06855,35-44,Male,True
CUST_06856,35-44,Female,True
CUST_06857,45-54,Male,True
CUST_06858,35-44,Male,True
CUST_06859,25-34,Female,True
CUST_06860,25-34,Male,True
CUST_06861,25-34,Male,True
CUST_06862,18-24,Male,True
CUST_06863,25-34,Female,True
CUST_06864,18-24,Female,True
CUST_06865,45-54,Female,True
CUST_06866,35-44,Male,True
CUST_06867,25-34,Male,True
CUST_06868,25-34,Male,True
CUST_06869,25-34,Female,True
CUST_06870,25-34,Female,True
CUST_06871,25-34,Male,True
CUST_06872,18-24,Non-binary,True
CUST_06873,45-54,Non-binary,False
CUST_06874,25-34,Male,True
CUST_06875,25-34,Male,True
CUST_06876,35-44,Male,True
CUST_06877,35-44,Male,True
CUST_06878,35-44,Female,True
CUST_06879,55+,Female,True
CUST_06880,25-34,Male,True
CUST_06881,18-24,Non-binary,True
CUST_06882,18-24,"Prefer not to say",True
CUST_06883,18-24,Female,True
CUST_06884,25-34,Male,True
CUST_06885,25-34,Female,False
CUST_06886,18-24,Male,True
CUST_06887,45-54,Female,True
CUST_06888,35-44,Male,True
CUST_06889,18-24,Female,True
CUST_06890,18-24,Male,True
CUST_06891,25-34,Female,True
CUST_06892,18-24,Female,True
CUST_06893,35-44,Female,True
CUST_06894,18-24,"Prefer not to say",True
CUST_06895,55+,Male,True
CUST_06896,35-44,Male,False
CUST_06897,35-44,Male,True
CUST_06898,18-24,Non-binary,True
CUST_06899,18-24,Male,True
CUST_06900,25-34,Male,True
CUST_06901,25-34,"Prefer not to say",True
CUST_06902,18-24,Female,True
CUST_06903,25-34,Female,True
CUST_06904,18-24,Female,True
CUST_06905,25-34,Non-binary,True
CUST_06906,18-24,Male,True
CUST_06907,45-54,Male,True
CUST_06908,25-34,Male,True
CUST_06909,25-34,"Prefer not to say",True
CUST_06910,55+,Female,True
CUST_06911,18-24,Female,True
CUST_06912,45-54,Female,True
CUST_06913,55+,Female,True
CUST_06914,55+,Male,True
CUST_06915,35-44,Female,True
CUST_06916,45-54,Male,True
CUST_06917,35-44,Female,True
CUST_06918,35-44,Female,True
CUST_06919,35-44,Female,True
CUST_06920,45-54,Female,True
CUST_06921,25-34,Female,True
CUST_06922,25-34,Male,True
CUST_06923,55+,Male,True
CUST_06924,55+,"Prefer not to say",True
CUST_06925,18-24,Female,True
CUST_06926,45-54,Male,True
CUST_06927,45-54,Female,True
CUST_06928,45-54,Male,True
CUST_06929,55+,Female,True
CUST_06930,18-24,Male,True
CUST_06931,35-44,Male,True
CUST_06932,35-44,Male,True
CUST_06933,25-34,Male,True
CUST_06934,18-24,Female,True
CUST_06935,55+,Male,False
CUST_06936,25-34,Female,True
CUST_06937,25-34,Female,True
CUST_06938,18-24,Female,True
CUST_06939,18-24,Non-binary,True
CUST_06940,18-24,Male,True
CUST_06941,45-54,Female,True
CUST_06942,55+,Female,True
CUST_06943,25-34,Female,True
CUST_06944,25-34,Female,True
CUST_06945,18-24,Male,True
CUST_06946,25-34,Male,True
CUST_06947,18-24,Male,True
CUST_06948,45-54,Male,True
CUST_06949,35-44,Female,True
CUST_06950,18-24,"Prefer not to say",True
CUST_06951,45-54,Female,True
CUST_06952,55+,Male,True
CUST_06953,18-24,Male,True
CUST_06954,55+,Male,True
CUST_06955,35-44,Female,True
CUST_06956,25-34,Female,True
CUST_06957,18-24,Female,True
CUST_06958,25-34,Male,True
CUST_06959,35-44,"Prefer not to say",True
CUST_06960,35-44,Female,True
CUST_06961,18-24,Male,True
CUST_06962,25-34,"Prefer not to say",True
CUST_06963,18-24,Female,False
CUST_06964,35-44,Female,True
CUST_06965,45-54,Male,True
CUST_06966,18-24,Female,False
CUST_06967,25-34,Female,True
CUST_06968,35-44,Male,True
CUST_06969,35-44,Female,True
CUST_06970,18-24,Female,True
CUST_06971,35-44,Female,True
CUST_06972,45-54,Male,True
CUST_06973,35-44,Male,True
CUST_06974,35-44,Male,True
CUST_06975,45-54,Male,True
CUST_06976,55+,Male,False
CUST_06977,25-34,Male,True
CUST_06978,18-24,Male,True
CUST_06979,18-24,Female,True
CUST_06980,18-24,Male,True
CUST_06981,25-34,Male,True
CUST_06982,18-24,Female,True
CUST_06983,35-44,Female,True
CUST_06984,35-44,Male,True
CUST_06985,18-24,Female,True
CUST_06986,55+,Female,True
CUST_06987,35-44,Non-binary,True
CUST_06988,25-34,Female,True
CUST_06989,18-24,Male,True
CUST_06990,18-24,Male,True
CUST_06991,18-24,Female,True
CUST_06992,25-34,Male,True
CUST_06993,25-34,Female,False
CUST_06994,25-34,Female,True
CUST_06995,25-34,Male,False
CUST_06996,25-34,"Prefer not to say",True
CUST_06997,25-34,Male,True
CUST_06998,55+,Female,False
CUST_06999,35-44,Male,True
CUST_07000,45-54,"Prefer not to say",True
CUST_07001,25-34,Female,True
CUST_07002,55+,Male,True
CUST_07003,45-54,Male,True
CUST_07004,35-44,"Prefer not to say",True
CUST_07005,55+,Female,True
CUST_07006,25-34,Female,True
CUST_07007,35-44,Female,True
CUST_07008,45-54,Male,True
CUST_07009,18-24,Female,True
CUST_07010,45-54,Female,True
CUST_07011,25-34,Male,True
CUST_07012,35-44,Female,True
CUST_07013,35-44,Female,True
CUST_07014,45-54,"Prefer not to say",True
CUST_07015,35-44,Female,True
CUST_07016,25-34,Non-binary,True
CUST_07017,45-54,Female,True
CUST_07018,35-44,Female,False
CUST_07019,35-44,Female,True
CUST_07020,18-24,Male,True
CUST_07021,25-34,Female,True
CUST_07022,45-54,Female,True
CUST_07023,45-54,Non-binary,True
CUST_07024,55+,Female,True
CUST_07025,25-34,Male,True
CUST_07026,35-44,Male,True
CUST_07027,25-34,Female,True
CUST_07028,18-24,Male,True
CUST_07029,55+,Male,True
CUST_07030,25-34,Female,True
CUST_07031,18-24,"Prefer not to say",True
CUST_07032,25-34,Male,True
CUST_07033,25-34,"Prefer not to say",True
CUST_07034,45-54,Male,True
CUST_07035,45-54,Female,True
CUST_07036,25-34,Female,True
CUST_07037,55+,Female,True
CUST_07038,35-44,Male,True
CUST_07039,35-44,Male,True
CUST_07040,55+,Male,True
CUST_07041,35-44,Male,True
CUST_07042,18-24,Male,True
CUST_07043,55+,Female,True
CUST_07044,25-34,Female,True
CUST_07045,25-34,Female,True
CUST_07046,18-24,Female,True
CUST_07047,55+,Male,True
CUST_07048,18-24,Female,True
CUST_07049,25-34,Female,True
CUST_07050,35-44,Male,True
CUST_07051,55+,Male,False
CUST_07052,18-24,Male,True
CUST_07053,55+,Male,True
CUST_07054,35-44,Female,True
CUST_07055,18-24,"Prefer not to say",True
CUST_07056,45-54,Female,True
CUST_07057,18-24,Male,True
CUST_07058,45-54,Female,True
CUST_07059,55+,"Prefer not to say",True
CUST_07060,18-24,Female,True
CUST_07061,18-24,Female,True
CUST_07062,45-54,Female,True
CUST_07063,18-24,Female,True
CUST_07064,25-34,Male,True
CUST_07065,45-54,Male,True
CUST_07066,25-34,Male,True
CUST_07067,55+,Female,True
CUST_07069,55+,Female,True
CUST_07070,55+,Male,True
CUST_07071,25-34,Female,True
CUST_07072,35-44,Male,False
CUST_07073,55+,Female,True
CUST_07074,25-34,Male,True
CUST_07075,25-34,Female,True
CUST_07076,18-24,Female,True
CUST_07077,45-54,Male,True
CUST_07078,18-24,Female,True
CUST_07079,45-54,Female,True
CUST_07080,18-24,"Prefer not to say",True
CUST_07081,25-34,Female,True
CUST_07082,55+,Female,False
CUST_07083,45-54,Male,True
CUST_07084,35-44,Male,True
CUST_07085,18-24,Female,True
CUST_07086,18-24,Male,True
CUST_07087,55+,Non-binary,True
CUST_07088,35-44,Male,True
CUST_07089,45-54,"Prefer not to say",True
CUST_07090,45-54,Male,True
CUST_07091,45-54,Female,True
CUST_07092,35-44,Male,True
CUST_07093,18-24,Female,True
CUST_07094,55+,Female,True
CUST_07095,25-34,Female,True
CUST_07096,18-24,Female,True
CUST_07097,25-34,Male,True
CUST_07098,45-54,Male,True
CUST_07099,45-54,Male,True
CUST_07100,25-34,"Prefer not to say",True
CUST_07101,18-24,Male,True
CUST_07102,25-34,Male,True
CUST_07103,25-34,Male,True
CUST_07104,18-24,Female,True
CUST_07105,18-24,Male,True
CUST_07106,25-34,Male,True
CUST_07107,55+,Male,True
CUST_07108,35-44,Female,True
CUST_07109,55+,Female,True
CUST_07110,45-54,Male,True
CUST_07111,18-24,Male,True
CUST_07112,25-34,Female,True
CUST_07113,18-24,Male,True
CUST_07114,45-54,Male,True
CUST_07115,25-34,Female,True
CUST_07116,35-44,Female,True
CUST_07117,45-54,Female,True
CUST_07118,35-44,Female,True
CUST_07119,35-44,Male,True
CUST_07120,35-44,Male,True
CUST_07121,45-54,Female,True
CUST_07122,18-24,Non-binary,True
CUST_07123,25-34,Female,True
CUST_07124,25-34,Male,True
CUST_07125,18-24,Non-binary,True
CUST_07126,35-44,Male,False
CUST_07127,25-34,Female,True
CUST_07128,25-34,Female,True
CUST_07129,25-34,Female,True
CUST_07130,35-44,Female,True
CUST_07131,18-24,Male,True
CUST_07132,35-44,Female,True
CUST_07133,45-54,Female,True
CUST_07134,18-24,Male,True
CUST_07135,35-44,Male,True
CUST_07136,55+,Female,True
CUST_07137,35-44,"Prefer not to say",True
CUST_07138,18-24,Female,True
CUST_07139,25-34,Female,True
CUST_07140,45-54,Male,True
CUST_07141,35-44,Male,True
CUST_07142,25-34,Female,True
CUST_07143,18-24,Female,True
CUST_07144,25-34,Male,True
CUST_07145,35-44,Non-binary,True
CUST_07146,25-34,Male,True
CUST_07147,45-54,Male,True
CUST_07148,25-34,Female,True
CUST_07149,25-34,"Prefer not to say",True
CUST_07150,25-34,Male,True
CUST_07151,25-34,Male,True
CUST_07152,18-24,Female,True
CUST_07153,18-24,Female,True
CUST_07154,18-24,Male,True
CUST_07155,55+,Female,True
CUST_07156,35-44,Female,True
CUST_07157,18-24,Male,True
CUST_07158,55+,Female,True
CUST_07159,35-44,Female,False
CUST_07160,45-54,Male,True
CUST_07161,18-24,Male,True
CUST_07162,18-24,Female,True
CUST_07163,45-54,Female,True
CUST_07164,25-34,Male,True
CUST_07165,35-44,Female,False
CUST_07166,25-34,Male,True
CUST_07167,35-44,Male,True
CUST_07168,25-34,Female,True
CUST_07169,45-54,Female,True
CUST_07170,25-34,Non-binary,True
CUST_07171,25-34,Male,True
CUST_07172,25-34,Male,True
CUST_07173,45-54,Female,True
CUST_07174,35-44,Female,True
CUST_07175,25-34,Male,True
CUST_07176,25-34,Male,True
CUST_07177,18-24,Female,True
CUST_07178,25-34,Female,True
CUST_07179,18-24,Female,True
CUST_07180,25-34,Male,True
CUST_07181,25-34,Female,True
CUST_07182,45-54,"Prefer not to say",True
CUST_07183,25-34,Female,True
CUST_07184,25-34,Male,True
CUST_07185,45-54,Female,True
CUST_07186,25-34,"Prefer not to say",True
CUST_07187,35-44,Female,True
CUST_07188,18-24,Male,True
CUST_07189,25-34,Male,True
CUST_07190,18-24,Female,True
CUST_07191,35-44,Male,True
CUST_07192,25-34,Male,True
CUST_07193,55+,Male,False
CUST_07194,45-54,Male,True
CUST_07195,25-34,"Prefer not to say",True
CUST_07196,55+,Female,True
CUST_07197,35-44,Non-binary,True
CUST_07198,55+,Female,True
CUST_07199,55+,Male,True
CUST_07200,55+,Male,True
CUST_07201,35-44,Female,True
CUST_07202,35-44,Male,False
CUST_07203,18-24,Male,True
CUST_07204,25-34,Female,True
CUST_07205,25-34,Female,True
CUST_07206,35-44,Female,True
CUST_07207,35-44,"Prefer not to say",True
CUST_07208,35-44,Male,True
CUST_07209,25-34,Female,True
CUST_07210,45-54,Male,True
CUST_07211,45-54,Male,True
CUST_07212,45-54,Female,True
CUST_07213,25-34,Male,True
CUST_07214,35-44,Female,True
CUST_07215,18-24,Female,True
CUST_07216,25-34,Female,True
CUST_07217,25-34,Male,True
CUST_07218,55+,Male,True
CUST_07219,35-44,"Prefer not to say",True
CUST_07220,25-34,Male,True
CUST_07221,35-44,Male,True
CUST_07222,18-24,Male,True
CUST_07223,55+,Male,True
CUST_07224,55+,Female,True
CUST_07225,45-54,Female,True
CUST_07226,18-24,Non-binary,True
CUST_07227,35-44,Male,True
CUST_07228,25-34,Female,True
CUST_07229,35-44,Non-binary,True
CUST_07230,25-34,Female,True
CUST_07231,25-34,Male,False
CUST_07232,45-54,Female,True
CUST_07233,55+,Female,True
CUST_07234,55+,Female,True
CUST_07235,45-54,Male,True
CUST_07236,35-44,Male,True
CUST_07237,35-44,Male,True
CUST_07238,35-44,Non-binary,True
CUST_07239,45-54,Female,True
CUST_07240,18-24,Female,True
CUST_07241,55+,Female,True
CUST_07242,35-44,Male,True
CUST_07243,45-54,Male,True
CUST_07244,18-24,Male,True
CUST_07245,45-54,Male,True
CUST_07246,25-34,Male,True
CUST_07247,25-34,Female,True
CUST_07248,18-24,Female,True
CUST_07249,35-44,Male,True
CUST_07250,45-54,Female,True
CUST_07251,45-54,Male,True
CUST_07252,35-44,Female,True
CUST_07253,18-24,Male,False
CUST_07254,18-24,Male,True
CUST_07255,18-24,Female,True
CUST_07256,25-34,Male,True
CUST_07257,18-24,Male,True
CUST_07258,25-34,Male,True
CUST_07259,35-44,Male,True
CUST_07260,35-44,Female,True
CUST_07261,45-54,Female,True
CUST_07262,55+,Female,True
CUST_07263,55+,Female,True
CUST_07264,25-34,Female,True
CUST_07265,45-54,Female,True
CUST_07266,35-44,Male,True
CUST_07267,25-34,Male,True
CUST_07268,45-54,Male,True
CUST_07269,25-34,Female,True
CUST_07270,55+,Female,True
CUST_07271,45-54,Male,True
CUST_07272,25-34,Female,True
CUST_07273,25-34,Male,True
CUST_07274,35-44,Female,True
CUST_07275,18-24,Male,True
CUST_07276,35-44,Female,True
CUST_07277,45-54,Female,True
CUST_07278,25-34,Female,True
CUST_07279,35-44,Female,True
CUST_07280,18-24,Male,False
CUST_07281,45-54,Female,True
CUST_07282,25-34,Male,True
CUST_07283,45-54,Female,True
CUST_07284,18-24,Female,True
CUST_07285,18-24,Female,True
CUST_07286,18-24,Male,True
CUST_07287,35-44,Female,True
CUST_07288,18-24,Female,True
CUST_07289,45-54,Male,True
CUST_07290,45-54,Female,True
CUST_07291,18-24,Male,True
CUST_07292,25-34,Male,True
CUST_07293,35-44,Male,True
CUST_07294,45-54,Female,True
CUST_07295,35-44,"Prefer not to say",True
CUST_07296,25-34,Male,True
CUST_07297,18-24,Male,True
CUST_07298,35-44,Male,True
CUST_07299,45-54,Male,True
CUST_07300,25-34,Female,True
CUST_07301,45-54,Female,True
CUST_07302,18-24,Male,True
CUST_07303,55+,Male,True
CUST_07304,45-54,Female,True
CUST_07305,25-34,Female,True
CUST_07306,35-44,Female,True
CUST_07307,35-44,"Prefer not to say",True
CUST_07308,25-34,Female,True
CUST_07309,45-54,Female,True
CUST_07310,25-34,Male,True
CUST_07311,18-24,Female,True
CUST_07312,18-24,Female,True
CUST_07313,35-44,Male,True
CUST_07314,35-44,Female,True
CUST_07315,18-24,Female,False
CUST_07316,25-34,Female,True
CUST_07317,18-24,Male,True
CUST_07318,18-24,Male,True
CUST_07319,18-24,Female,True
CUST_07320,18-24,Male,True
CUST_07321,25-34,Male,True
CUST_07322,25-34,Male,True
CUST_07323,35-44,Female,True
CUST_07324,25-34,Female,True
CUST_07325,25-34,Male,True
CUST_07326,25-34,Male,True
CUST_07327,25-34,Female,True
CUST_07328,25-34,Female,True
CUST_07329,45-54,Male,True
CUST_07330,18-24,Female,True
CUST_07331,35-44,Male,True
CUST_07332,25-34,Male,True
CUST_07333,45-54,Female,True
CUST_07334,35-44,Female,False
CUST_07335,18-24,Female,True
CUST_07336,35-44,Non-binary,True
CUST_07337,55+,Male,True
CUST_07338,18-24,Male,True
CUST_07339,18-24,Male,True
CUST_07340,25-34,Female,True
CUST_07341,18-24,Female,True
CUST_07342,35-44,Male,True
CUST_07343,35-44,Male,True
CUST_07344,45-54,Male,True
CUST_07345,55+,Female,True
CUST_07346,55+,Female,True
CUST_07347,25-34,Female,True
CUST_07348,35-44,Male,True
CUST_07349,25-34,Male,True
CUST_07350,18-24,Female,True
CUST_07351,35-44,Male,True
CUST_07352,18-24,Female,True
CUST_07353,35-44,Female,True
CUST_07354,25-34,Male,True
CUST_07355,25-34,Male,True
CUST_07356,35-44,Male,True
CUST_07357,35-44,Female,True
CUST_07358,25-34,Male,True
CUST_07359,45-54,Male,True
CUST_07360,45-54,Female,True
CUST_07361,25-34,"Prefer not to say",True
CUST_07362,25-34,Male,True
CUST_07363,45-54,Female,True
CUST_07364,45-54,Male,True
CUST_07365,25-34,Male,True
CUST_07366,35-44,Male,True
CUST_07367,35-44,Male,True
CUST_07368,55+,Non-binary,True
CUST_07369,18-24,Male,True
CUST_07370,25-34,Male,True
CUST_07371,25-34,Male,True
CUST_07372,35-44,Female,True
CUST_07373,35-44,Non-binary,True
CUST_07374,45-54,Female,True
CUST_07375,25-34,Female,True
CUST_07376,35-44,Male,True
CUST_07377,55+,Male,True
CUST_07378,55+,Female,True
CUST_07379,45-54,Male,True
CUST_07380,35-44,Male,True
CUST_07381,35-44,Male,True
CUST_07382,45-54,Male,True
CUST_07383,55+,Male,True
CUST_07384,45-54,Male,False
CUST_07385,45-54,Male,True
CUST_07386,25-34,Female,True
CUST_07387,25-34,Male,True
CUST_07388,18-24,Male,True
CUST_07389,18-24,Female,True
CUST_07390,35-44,Female,True
CUST_07391,45-54,Female,True
CUST_07392,35-44,Male,True
CUST_07393,35-44,Female,True
CUST_07394,18-24,Male,True
CUST_07395,25-34,Male,True
CUST_07396,25-34,Female,True
CUST_07397,45-54,Female,True
CUST_07398,55+,Non-binary,True
CUST_07399,35-44,Female,False
CUST_07400,45-54,Male,True
CUST_07401,25-34,Female,False
CUST_07402,35-44,Male,True
CUST_07403,35-44,Female,True
CUST_07404,45-54,Male,True
CUST_07405,18-24,Female,True
CUST_07406,55+,Male,True
CUST_07407,18-24,Female,True
CUST_07408,18-24,Male,True
CUST_07409,35-44,Non-binary,True
CUST_07410,25-34,Male,True
CUST_07411,25-34,Female,True
CUST_07412,25-34,Male,True
CUST_07413,55+,Male,True
CUST_07414,35-44,Male,True
CUST_07415,18-24,Female,True
CUST_07416,25-34,Male,True
CUST_07417,45-54,Male,False
CUST_07418,18-24,Male,True
CUST_07419,18-24,Male,True
CUST_07420,35-44,Female,True
CUST_07421,25-34,Female,True
CUST_07422,25-34,Male,True
CUST_07423,25-34,Female,True
CUST_07424,35-44,Female,True
CUST_07425,25-34,Male,True
CUST_07426,35-44,Non-binary,True
CUST_07427,35-44,Female,True
CUST_07428,18-24,Female,True
CUST_07429,25-34,Male,True
CUST_07430,18-24,Non-binary,True
CUST_07431,35-44,Female,True
CUST_07432,25-34,Female,True
CUST_07433,25-34,Female,True
CUST_07434,45-54,Female,True
CUST_07435,45-54,Male,True
CUST_07436,25-34,Male,True
CUST_07437,25-34,Female,True
CUST_07438,18-24,Female,True
CUST_07439,18-24,Male,True
CUST_07440,45-54,Male,True
CUST_07441,18-24,Male,True
CUST_07442,55+,Female,True
CUST_07443,25-34,Male,True
CUST_07444,45-54,Male,True
CUST_07445,45-54,Male,True
CUST_07446,18-24,Female,True
CUST_07447,25-34,Female,True
CUST_07448,18-24,Male,True
CUST_07449,25-34,Female,True
CUST_07450,25-34,Female,True
CUST_07451,35-44,Male,True
CUST_07452,35-44,Female,True
CUST_07453,45-54,Male,True
CUST_07454,35-44,Non-binary,True
CUST_07455,35-44,"Prefer not to say",True
CUST_07456,45-54,Male,True
CUST_07457,55+,Male,True
CUST_07458,25-34,Female,True
CUST_07459,45-54,"Prefer not to say",True
CUST_07460,45-54,Male,True
CUST_07461,25-34,Female,True
CUST_07462,55+,Female,True
CUST_07463,35-44,Male,True
CUST_07464,25-34,Female,True
CUST_07465,35-44,Male,True
CUST_07466,18-24,Male,True
CUST_07467,35-44,Male,True
CUST_07468,45-54,Female,True
CUST_07469,55+,Female,True
CUST_07470,18-24,Male,True
CUST_07471,35-44,Non-binary,True
CUST_07472,35-44,Female,True
CUST_07473,25-34,Female,True
CUST_07474,25-34,Female,True
CUST_07475,35-44,Non-binary,True
CUST_07476,25-34,Female,True
CUST_07477,45-54,Female,True
CUST_07478,35-44,Female,True
CUST_07479,35-44,Female,False
CUST_07480,35-44,Female,True
CUST_07481,45-54,Female,True
CUST_07482,18-24,Female,True
CUST_07483,18-24,Female,True
CUST_07484,35-44,Female,True
CUST_07485,35-44,Male,True
CUST_07486,35-44,Male,True
CUST_07487,45-54,Female,True
CUST_07488,35-44,Female,True
CUST_07489,45-54,"Prefer not to say",True
CUST_07490,45-54,Male,True
CUST_07491,45-54,Female,True
CUST_07492,25-34,Female,True
CUST_07493,45-54,Male,True
CUST_07494,35-44,"Prefer not to say",True
CUST_07495,18-24,Female,True
CUST_07496,18-24,Female,True
CUST_07497,18-24,Female,True
CUST_07498,25-34,Male,True
CUST_07499,45-54,Female,True
CUST_07500,18-24,Male,True
CUST_07501,35-44,"Prefer not to say",True
CUST_07502,25-34,Female,True
CUST_07503,25-34,Female,True
CUST_07504,55+,Female,True
CUST_07505,45-54,Female,True
CUST_07506,35-44,Female,True
CUST_07507,18-24,Female,True
CUST_07508,25-34,Male,True
CUST_07509,25-34,Male,True
CUST_07510,35-44,"Prefer not to say",True
CUST_07511,55+,Female,True
CUST_07512,25-34,Male,True
CUST_07513,45-54,Female,True
CUST_07514,25-34,Female,True
CUST_07515,35-44,Male,True
CUST_07516,35-44,Male,True
CUST_07517,35-44,Female,False
CUST_07518,25-34,Female,True
CUST_07519,55+,Male,True
CUST_07520,35-44,Female,True
CUST_07521,18-24,Female,True
CUST_07522,45-54,Female,True
CUST_07523,45-54,Male,True
CUST_07524,25-34,Non-binary,True
CUST_07525,18-24,Female,True
CUST_07526,45-54,Male,True
CUST_07527,18-24,Female,True
CUST_07528,45-54,Female,True
CUST_07529,25-34,Female,True
CUST_07530,45-54,Female,True
CUST_07531,18-24,Female,True
CUST_07532,18-24,Female,True
CUST_07533,35-44,Female,False
CUST_07534,55+,Male,True
CUST_07535,55+,Male,True
CUST_07536,55+,Male,True
CUST_07537,25-34,Male,True
CUST_07538,18-24,Female,True
CUST_07539,45-54,Female,True
CUST_07540,18-24,Non-binary,True
CUST_07541,25-34,Male,True
CUST_07542,35-44,Male,True
CUST_07543,35-44,Male,True
CUST_07544,35-44,Male,True
CUST_07545,25-34,Male,True
CUST_07546,35-44,Male,True
CUST_07547,35-44,Male,True
CUST_07548,25-34,Male,True
CUST_07549,35-44,Male,False
CUST_07550,25-34,Male,True
CUST_07551,25-34,Male,True
CUST_07552,25-34,Male,True
CUST_07553,35-44,Male,True
CUST_07554,18-24,Male,True
CUST_07555,45-54,Female,False
CUST_07556,35-44,Male,True
CUST_07557,35-44,Male,True
CUST_07558,45-54,Female,True
CUST_07559,45-54,Non-binary,True
CUST_07560,55+,"Prefer not to say",True
CUST_07561,35-44,Non-binary,True
CUST_07562,18-24,Female,True
CUST_07563,18-24,Non-binary,True
CUST_07564,35-44,Male,True
CUST_07565,55+,Male,True
CUST_07566,25-34,Male,True
CUST_07567,18-24,Non-binary,True
CUST_07568,25-34,Non-binary,False
CUST_07569,25-34,Non-binary,True
CUST_07570,25-34,Female,True
CUST_07571,55+,Female,True
CUST_07572,25-34,"Prefer not to say",True
CUST_07573,55+,Female,True
CUST_07574,18-24,Male,True
CUST_07575,25-34,Male,True
CUST_07576,25-34,Female,True
CUST_07577,55+,Male,True
CUST_07578,25-34,Female,True
CUST_07579,55+,Male,True
CUST_07580,18-24,Male,True
CUST_07581,45-54,Female,False
CUST_07582,25-34,Female,True
CUST_07583,35-44,Male,True
CUST_07584,35-44,Male,True
CUST_07585,45-54,Male,True
CUST_07586,18-24,Female,True
CUST_07587,25-34,Male,True
CUST_07588,18-24,Female,True
CUST_07589,35-44,Female,True
CUST_07590,25-34,Female,True
CUST_07591,55+,Non-binary,True
CUST_07592,35-44,Female,True
CUST_07593,35-44,Non-binary,True
CUST_07594,18-24,Female,True
CUST_07595,35-44,Female,True
CUST_07596,45-54,Female,True
CUST_07597,45-54,Male,False
CUST_07598,18-24,Female,True
CUST_07599,55+,Male,True
CUST_07600,35-44,Female,True
CUST_07601,25-34,Female,False
CUST_07602,35-44,Male,True
CUST_07603,25-34,Female,True
CUST_07604,45-54,Female,True
CUST_07605,45-54,Female,True
CUST_07606,18-24,Female,True
CUST_07607,25-34,Male,True
CUST_07608,25-34,Female,True
CUST_07609,55+,Male,True
CUST_07610,45-54,Female,True
CUST_07611,35-44,Male,True
CUST_07612,35-44,"Prefer not to say",True
CUST_07613,25-34,Female,True
CUST_07614,25-34,Non-binary,True
CUST_07615,25-34,Male,True
CUST_07616,45-54,Male,True
CUST_07617,45-54,Male,True
CUST_07618,18-24,Female,True
CUST_07619,18-24,Female,True
CUST_07620,18-24,Female,True
CUST_07621,25-34,Male,True
CUST_07622,55+,Female,True
CUST_07623,35-44,Male,True
CUST_07624,25-34,"Prefer not to say",True
CUST_07625,55+,Female,True
CUST_07626,25-34,Male,True
CUST_07627,18-24,Female,True
CUST_07628,55+,Male,True
CUST_07629,35-44,Male,True
CUST_07630,25-34,Female,True
CUST_07631,35-44,Male,True
CUST_07632,35-44,Female,True
CUST_07633,25-34,Male,True
CUST_07634,35-44,Male,True
CUST_07635,35-44,Male,True
CUST_07636,18-24,Female,True
CUST_07637,18-24,Male,True
CUST_07638,18-24,Female,False
CUST_07639,35-44,Female,True
CUST_07640,35-44,"Prefer not to say",True
CUST_07641,35-44,Female,True
CUST_07642,35-44,Male,True
CUST_07643,18-24,Female,True
CUST_07644,25-34,Female,True
CUST_07645,35-44,Female,False
CUST_07646,35-44,Male,True
CUST_07647,25-34,Female,True
CUST_07648,25-34,Female,True
CUST_07649,55+,Female,True
CUST_07650,25-34,Male,True
CUST_07651,18-24,Female,True
CUST_07652,25-34,Male,True
CUST_07653,18-24,Female,True
CUST_07654,35-44,Male,True
CUST_07655,35-44,Male,True
CUST_07656,45-54,"Prefer not to say",True
CUST_07657,18-24,Female,True
CUST_07658,55+,Female,True
CUST_07659,35-44,Male,True
CUST_07660,18-24,Female,True
CUST_07661,55+,Female,True
CUST_07662,35-44,Male,True
CUST_07663,45-54,Male,True
CUST_07664,35-44,Female,True
CUST_07665,35-44,Female,True
CUST_07666,35-44,Female,True
CUST_07667,18-24,Female,True
CUST_07668,35-44,Female,True
CUST_07669,25-34,Female,True
CUST_07670,45-54,Female,True
CUST_07671,45-54,Female,True
CUST_07672,25-34,Female,True
CUST_07673,25-34,Female,True
CUST_07674,18-24,Female,True
CUST_07675,18-24,Female,True
CUST_07676,18-24,Female,False
CUST_07677,45-54,Male,True
CUST_07678,18-24,Female,True
CUST_07679,25-34,Male,True
CUST_07680,18-24,Female,True
CUST_07681,35-44,Male,True
CUST_07682,25-34,"Prefer not to say",True
CUST_07683,35-44,Female,True
CUST_07684,45-54,Female,True
CUST_07685,45-54,Male,True
CUST_07686,55+,Female,True
CUST_07687,55+,Female,True
CUST_07688,18-24,Male,True
CUST_07689,25-34,Female,True
CUST_07690,55+,Male,True
CUST_07691,45-54,Female,True
CUST_07692,55+,Male,True
CUST_07693,55+,Male,True
CUST_07694,55+,Male,True
CUST_07695,55+,Male,True
CUST_07696,35-44,Male,True
CUST_07697,35-44,Female,True
CUST_07698,18-24,Female,True
CUST_07699,55+,Male,True
CUST_07700,35-44,Male,True
CUST_07701,18-24,Female,True
CUST_07702,35-44,"Prefer not to say",True
CUST_07703,55+,Female,True
CUST_07704,18-24,Male,True
CUST_07705,25-34,Female,True
CUST_07706,45-54,Male,True
CUST_07707,18-24,Female,True
CUST_07708,18-24,Female,True
CUST_07709,35-44,Female,True
CUST_07710,55+,Male,True
CUST_07711,25-34,Female,True
CUST_07712,18-24,Female,True
CUST_07713,35-44,Female,True
CUST_07714,25-34,Male,True
CUST_07715,45-54,Male,True
CUST_07716,25-34,Male,True
CUST_07717,25-34,Male,True
CUST_07718,25-34,Male,True
CUST_07719,35-44,Male,True
CUST_07720,45-54,Female,True
CUST_07721,25-34,Female,True
CUST_07722,35-44,Male,True
CUST_07723,25-34,Female,True
CUST_07724,18-24,"Prefer not to say",True
CUST_07725,25-34,Female,True
CUST_07726,35-44,Female,True
CUST_07727,18-24,"Prefer not to say",True
CUST_07728,45-54,Male,True
CUST_07729,25-34,Female,True
CUST_07730,35-44,Non-binary,True
CUST_07731,18-24,Female,True
CUST_07732,25-34,Male,True
CUST_07733,35-44,Male,True
CUST_07734,25-34,Male,True
CUST_07735,18-24,Female,False
CUST_07736,35-44,Female,True
CUST_07737,25-34,Male,True
CUST_07738,18-24,Male,True
CUST_07739,45-54,Female,True
CUST_07740,25-34,Male,True
CUST_07741,25-34,Female,True
CUST_07742,35-44,Female,True
CUST_07743,25-34,Male,True
CUST_07744,25-34,Male,True
CUST_07745,25-34,Male,True
CUST_07746,25-34,Female,True
CUST_07747,35-44,Female,True
CUST_07748,25-34,Female,True
CUST_07749,55+,Female,True
CUST_07750,25-34,Female,True
CUST_07751,35-44,Male,True
CUST_07752,18-24,"Prefer not to say",True
CUST_07753,55+,"Prefer not to say",True
CUST_07754,45-54,Male,True
CUST_07755,25-34,Male,True
CUST_07756,45-54,Female,True
CUST_07757,18-24,Female,True
CUST_07758,25-34,Male,True
CUST_07759,35-44,Male,True
CUST_07760,55+,Male,True
CUST_07761,45-54,Female,True
CUST_07762,45-54,Female,True
CUST_07763,45-54,Male,True
CUST_07764,18-24,Male,True
CUST_07765,18-24,Male,True
CUST_07766,35-44,Female,True
CUST_07767,18-24,Male,True
CUST_07768,25-34,Female,True
CUST_07769,35-44,Male,True
CUST_07770,35-44,"Prefer not to say",True
CUST_07771,25-34,Female,True
CUST_07772,45-54,"Prefer not to say",True
CUST_07773,25-34,Male,True
CUST_07774,35-44,Male,True
CUST_07775,55+,Female,True
CUST_07776,18-24,Male,True
CUST_07777,25-34,Female,True
CUST_07778,35-44,Male,True
CUST_07779,25-34,Male,False
CUST_07780,55+,Female,True
CUST_07781,45-54,Male,True
CUST_07782,35-44,Female,True
CUST_07783,35-44,Male,True
CUST_07784,18-24,Male,True
CUST_07785,18-24,Female,True
CUST_07786,18-24,Male,True
CUST_07787,18-24,Male,True
CUST_07788,18-24,Male,True
CUST_07789,25-34,Male,True
CUST_07790,18-24,Female,True
CUST_07791,25-34,Male,True
CUST_07792,18-24,Female,True
CUST_07793,35-44,Male,True
CUST_07794,25-34,Female,True
CUST_07795,45-54,Female,True
CUST_07796,25-34,Female,True
CUST_07797,25-34,Female,True
CUST_07798,25-34,Male,True
CUST_07800,25-34,Female,True
CUST_07801,35-44,Female,True
CUST_07802,35-44,Female,True
CUST_07803,45-54,Female,True
CUST_07804,35-44,Male,True
CUST_07805,35-44,Male,True
CUST_07806,25-34,Male,True
CUST_07807,25-34,Male,True
CUST_07808,35-44,Male,True
CUST_07809,45-54,Female,True
CUST_07810,55+,Female,True
CUST_07811,55+,"Prefer not to say",True
CUST_07812,55+,Male,True
CUST_07813,18-24,Female,True
CUST_07814,35-44,Female,True
CUST_07815,35-44,Female,True
CUST_07816,55+,Female,True
CUST_07817,45-54,Female,False
CUST_07818,35-44,Female,False
CUST_07819,25-34,Female,True
CUST_07820,25-34,Male,True
CUST_07821,35-44,Female,True
CUST_07822,25-34,Female,True
CUST_07823,45-54,Male,True
CUST_07824,35-44,Male,True
CUST_07825,25-34,Female,True
CUST_07826,35-44,Female,True
CUST_07827,45-54,Male,True
CUST_07828,45-54,Male,True
CUST_07829,55+,Female,True
CUST_07830,25-34,Male,True
CUST_07831,45-54,Female,True
CUST_07832,35-44,Female,False
CUST_07833,18-24,Male,True
CUST_07834,45-54,Female,True
CUST_07835,25-34,Male,True
CUST_07836,18-24,Male,True
CUST_07837,18-24,Male,True
CUST_07838,55+,Female,True
CUST_07839,35-44,Female,True
CUST_07840,18-24,Female,True
CUST_07841,45-54,Male,True
CUST_07842,35-44,Female,True
CUST_07843,55+,Male,True
CUST_07844,18-24,Female,True
CUST_07845,45-54,Male,True
CUST_07846,45-54,Male,True
CUST_07847,45-54,Female,True
CUST_07848,35-44,Male,True
CUST_07849,45-54,Male,True
CUST_07850,35-44,Female,True
CUST_07851,55+,Female,True
CUST_07852,35-44,Female,True
CUST_07853,35-44,Male,True
CUST_07854,25-34,Female,True
CUST_07855,35-44,Male,False
CUST_07856,35-44,Male,True
CUST_07857,35-44,Male,True
CUST_07858,18-24,Female,True
CUST_07859,45-54,"Prefer not to say",True
CUST_07860,45-54,Male,True
CUST_07861,25-34,Male,True
CUST_07862,55+,Female,True
CUST_07863,45-54,Female,True
CUST_07864,35-44,Male,True
CUST_07865,18-24,Female,False
CUST_07866,18-24,Male,True
CUST_07867,35-44,Female,True
CUST_07868,45-54,Male,True
CUST_07869,18-24,Female,True
CUST_07870,45-54,Female,True
CUST_07871,35-44,Male,True
CUST_07872,18-24,Male,True
CUST_07873,25-34,Female,True
CUST_07874,35-44,Male,False
CUST_07875,35-44,Male,True
CUST_07876,18-24,Male,True
CUST_07877,25-34,Male,True
CUST_07878,35-44,Male,True
CUST_07879,55+,Male,True
CUST_07880,18-24,Male,True
CUST_07881,18-24,Male,True
CUST_07882,18-24,Female,True
CUST_07883,35-44,Female,True
CUST_07884,25-34,Female,True
CUST_07885,18-24,Female,True
CUST_07886,35-44,Male,False
CUST_07887,18-24,Male,True
CUST_07888,18-24,Male,True
CUST_07889,18-24,Female,True
CUST_07890,25-34,Female,True
CUST_07891,35-44,Non-binary,True
CUST_07892,45-54,Non-binary,True
CUST_07893,18-24,Female,True
CUST_07894,35-44,Male,True
CUST_07895,35-44,Male,True
CUST_07896,25-34,Female,True
CUST_07897,35-44,Female,False
CUST_07898,45-54,Female,True
CUST_07899,45-54,Male,True
CUST_07900,45-54,Male,True
CUST_07901,18-24,Male,True
CUST_07902,45-54,Female,False
CUST_07903,35-44,Male,True
CUST_07904,25-34,Male,True
CUST_07905,35-44,"Prefer not to say",True
CUST_07906,18-24,Male,True
CUST_07907,18-24,Female,True
CUST_07908,35-44,Female,True
CUST_07909,25-34,"Prefer not to say",True
CUST_07910,35-44,Female,True
CUST_07911,18-24,Female,True
CUST_07912,35-44,Female,True
CUST_07913,25-34,Female,True
CUST_07914,35-44,Male,True
CUST_07915,35-44,Female,True
CUST_07916,18-24,Male,True
CUST_07917,55+,Male,True
CUST_07918,25-34,Male,True
CUST_07919,25-34,Male,True
CUST_07920,25-34,Male,True
CUST_07921,55+,Male,True
CUST_07922,18-24,Non-binary,True
CUST_07923,45-54,Female,True
CUST_07924,18-24,"Prefer not to say",True
CUST_07925,55+,Male,True
CUST_07926,25-34,Male,True
CUST_07927,25-34,Female,True
CUST_07928,18-24,Female,True
CUST_07929,18-24,Female,True
CUST_07930,55+,Male,True
CUST_07931,45-54,Male,True
CUST_07932,25-34,Male,True
CUST_07933,25-34,Female,True
CUST_07934,55+,Male,True
CUST_07935,25-34,Female,True
CUST_07936,45-54,Female,True
CUST_07937,35-44,Male,True
CUST_07938,35-44,Male,True
CUST_07939,25-34,Male,True
CUST_07940,35-44,Non-binary,True
CUST_07941,25-34,Female,True
CUST_07942,55+,Female,True
CUST_07943,25-34,Female,True
CUST_07944,25-34,Male,True
CUST_07945,25-34,Female,True
CUST_07946,55+,Male,True
CUST_07947,25-34,Male,True
CUST_07948,25-34,Female,True
CUST_07949,18-24,Female,False
CUST_07950,25-34,Male,True
CUST_07951,18-24,Female,True
CUST_07952,45-54,Female,True
CUST_07953,35-44,Male,False
CUST_07954,18-24,Non-binary,True
CUST_07955,45-54,Female,True
CUST_07956,18-24,Male,True
CUST_07957,45-54,Male,True
CUST_07958,18-24,Female,True
CUST_07959,35-44,Female,True
CUST_07960,45-54,Female,True
CUST_07961,25-34,Male,True
CUST_07962,18-24,Female,True
CUST_07963,55+,Female,False
CUST_07964,25-34,Male,True
CUST_07965,18-24,Female,True
CUST_07966,25-34,Female,True
CUST_07967,25-34,Male,True
CUST_07968,18-24,Female,True
CUST_07969,25-34,Female,True
CUST_07970,25-34,Male,True
CUST_07971,45-54,Male,True
CUST_07972,35-44,Male,True
CUST_07973,35-44,Male,True
CUST_07974,35-44,Female,True
CUST_07975,25-34,Male,True
CUST_07976,25-34,Male,True
CUST_07977,18-24,Male,True
CUST_07978,18-24,Male,True
CUST_07979,35-44,Female,True
CUST_07980,25-34,Male,False
CUST_07981,45-54,Non-binary,True
CUST_07982,25-34,Male,True
CUST_07983,25-34,Male,True
CUST_07984,45-54,Male,True
CUST_07985,35-44,Female,True
CUST_07986,45-54,Female,True
CUST_07987,25-34,Male,True
CUST_07988,55+,Male,True
CUST_07989,25-34,Male,True
CUST_07990,25-34,Female,True
CUST_07991,45-54,Female,True
CUST_07992,18-24,Female,False
CUST_07993,35-44,Male,False
CUST_07994,25-34,Male,True
CUST_07995,35-44,Female,True
CUST_07996,35-44,Non-binary,True
CUST_07997,18-24,Female,True
CUST_07998,45-54,Female,True
CUST_07999,35-44,Male,True
CUST_08000,18-24,Male,True
CUST_08001,55+,Male,True
CUST_08002,45-54,Male,True
CUST_08003,35-44,Female,True
CUST_08004,45-54,Male,True
CUST_08005,45-54,Female,True
CUST_08006,55+,Male,True
CUST_08007,35-44,"Prefer not to say",True
CUST_08008,35-44,Female,True
CUST_08009,18-24,Female,True
CUST_08010,35-44,Female,True
CUST_08011,25-34,Female,True
CUST_08012,25-34,Male,True
CUST_08013,25-34,Male,True
CUST_08014,25-34,Male,True
CUST_08015,18-24,Female,True
CUST_08016,25-34,Male,True
CUST_08017,18-24,Male,True
CUST_08018,18-24,Female,True
CUST_08019,55+,Female,True
CUST_08020,35-44,Female,True
CUST_08021,55+,"Prefer not to say",True
CUST_08022,25-34,Male,True
CUST_08023,35-44,Non-binary,True
CUST_08024,18-24,Male,True
CUST_08025,55+,Female,True
CUST_08026,18-24,Female,False
CUST_08027,35-44,Female,True
CUST_08028,35-44,Male,True
CUST_08029,18-24,Male,True
CUST_08030,18-24,Female,True
CUST_08031,18-24,Female,True
CUST_08032,35-44,Male,True
CUST_08033,55+,Non-binary,True
CUST_08034,55+,Female,True
CUST_08035,25-34,Female,True
CUST_08036,45-54,Female,True
CUST_08037,35-44,Female,True
CUST_08038,45-54,Male,True
CUST_08039,18-24,Male,True
CUST_08040,55+,"Prefer not to say",True
CUST_08041,35-44,Female,True
CUST_08042,35-44,"Prefer not to say",True
CUST_08043,55+,Female,False
CUST_08044,45-54,Female,True
CUST_08045,55+,Non-binary,True
CUST_08046,45-54,Male,True
CUST_08047,18-24,Female,True
CUST_08048,25-34,Female,True
CUST_08049,25-34,Female,True
CUST_08050,55+,Female,True
CUST_08051,25-34,Female,True
CUST_08052,25-34,Male,True
CUST_08053,18-24,Female,True
CUST_08054,25-34,Male,True
CUST_08055,25-34,Female,True
CUST_08056,18-24,Female,True
CUST_08057,45-54,Male,True
CUST_08058,18-24,Female,True
CUST_08059,18-24,Female,True
CUST_08060,18-24,Male,True
CUST_08061,45-54,Female,True
CUST_08062,35-44,Female,True
CUST_08063,35-44,Male,True
CUST_08064,55+,Male,True
CUST_08065,35-44,Male,True
CUST_08066,55+,Female,True
CUST_08067,45-54,Female,True
CUST_08068,18-24,Male,True
CUST_08069,25-34,Female,True
CUST_08070,25-34,Female,True
CUST_08071,45-54,Male,True
CUST_08072,25-34,Male,True
CUST_08073,45-54,Female,True
CUST_08074,18-24,Male,True
CUST_08075,45-54,Female,True
CUST_08076,35-44,Male,True
CUST_08077,25-34,Male,True
CUST_08078,55+,Female,True
CUST_08079,45-54,Female,True
CUST_08080,35-44,Male,True
CUST_08081,35-44,Female,True
CUST_08082,55+,Female,True
CUST_08083,25-34,Female,True
CUST_08084,25-34,Male,True
CUST_08085,25-34,Female,True
CUST_08086,18-24,Female,True
CUST_08087,25-34,Male,True
CUST_08088,18-24,Female,True
CUST_08089,18-24,Male,True
CUST_08090,55+,Male,True
CUST_08091,45-54,Female,True
CUST_08092,25-34,Female,True
CUST_08093,18-24,Female,True
CUST_08094,35-44,Female,True
CUST_08095,25-34,Female,True
CUST_08096,35-44,Female,True
CUST_08097,35-44,Female,True
CUST_08098,18-24,Male,True
CUST_08099,25-34,"Prefer not to say",True
CUST_08100,45-54,Male,True
CUST_08101,35-44,Male,True
CUST_08102,35-44,Male,True
CUST_08103,25-34,Male,True
CUST_08104,45-54,Female,True
CUST_08105,45-54,Female,True
CUST_08106,25-34,Female,True
CUST_08107,35-44,Female,True
CUST_08108,55+,Female,True
CUST_08109,35-44,Male,True
CUST_08110,25-34,Female,True
CUST_08111,45-54,Male,True
CUST_08112,55+,Male,True
CUST_08113,25-34,Female,True
CUST_08114,18-24,Male,True
CUST_08115,45-54,Male,True
CUST_08116,18-24,Non-binary,True
CUST_08117,25-34,Male,True
CUST_08118,18-24,Male,True
CUST_08119,18-24,Male,True
CUST_08120,18-24,Male,True
CUST_08121,25-34,Male,True
CUST_08122,35-44,Male,True
CUST_08123,18-24,Female,True
CUST_08124,25-34,Non-binary,True
CUST_08125,35-44,Female,True
CUST_08126,18-24,Male,True
CUST_08127,35-44,Female,True
CUST_08128,35-44,Female,True
CUST_08129,55+,Female,True
CUST_08130,45-54,Female,True
CUST_08131,35-44,Male,True
CUST_08132,18-24,Male,True
CUST_08133,35-44,"Prefer not to say",True
CUST_08134,45-54,Female,True
CUST_08135,35-44,Non-binary,True
CUST_08136,35-44,Non-binary,True
CUST_08137,35-44,Female,True
CUST_08138,35-44,Female,True
CUST_08139,25-34,"Prefer not to say",True
CUST_08140,25-34,Female,True
CUST_08141,25-34,Non-binary,True
CUST_08142,25-34,Male,True
CUST_08143,45-54,Male,True
CUST_08144,25-34,Male,True
CUST_08145,25-34,Female,True
CUST_08146,18-24,Female,True
CUST_08147,35-44,Female,True
CUST_08148,18-24,Female,True
CUST_08149,25-34,Male,True
CUST_08150,35-44,Male,True
CUST_08151,35-44,Male,True
CUST_08152,18-24,Male,True
CUST_08153,35-44,Male,True
CUST_08154,45-54,Female,True
CUST_08155,45-54,Female,True
CUST_08156,25-34,Male,True
CUST_08157,25-34,Female,True
CUST_08158,18-24,Female,True
CUST_08159,25-34,Male,True
CUST_08160,18-24,Female,True
CUST_08161,18-24,Female,True
CUST_08162,35-44,Male,True
CUST_08163,18-24,Female,True
CUST_08164,35-44,Male,True
CUST_08165,25-34,Male,True
CUST_08166,25-34,Female,True
CUST_08167,45-54,Female,True
CUST_08168,35-44,Male,True
CUST_08169,25-34,Male,True
CUST_08170,45-54,Male,True
CUST_08171,18-24,Female,True
CUST_08172,25-34,Male,True
CUST_08173,25-34,Female,True
CUST_08174,25-34,Female,True
CUST_08175,35-44,Female,False
CUST_08176,25-34,Male,False
CUST_08177,25-34,Female,True
CUST_08178,45-54,Male,True
CUST_08179,18-24,Female,True
CUST_08180,25-34,Female,True
CUST_08181,45-54,Female,True
CUST_08182,45-54,Male,True
CUST_08183,25-34,Female,True
CUST_08184,18-24,Male,True
CUST_08185,25-34,Female,True
CUST_08186,25-34,Male,True
CUST_08187,35-44,Female,True
CUST_08188,18-24,Male,True
CUST_08189,18-24,Male,True
CUST_08190,55+,Female,True
CUST_08191,25-34,Female,True
CUST_08192,35-44,Female,True
CUST_08193,25-34,Female,True
CUST_08194,35-44,Male,True
CUST_08195,18-24,Male,True
CUST_08196,35-44,Male,True
CUST_08197,25-34,"Prefer not to say",True
CUST_08198,35-44,"Prefer not to say",False
CUST_08199,35-44,Female,True
CUST_08200,25-34,Male,True
CUST_08201,45-54,"Prefer not to say",True
CUST_08202,18-24,Female,True
CUST_08203,35-44,Male,True
CUST_08204,35-44,"Prefer not to say",True
CUST_08205,18-24,Female,True
CUST_08206,18-24,Female,True
CUST_08207,55+,Male,True
CUST_08208,45-54,Male,True
CUST_08209,45-54,Male,True
CUST_08210,55+,Male,True
CUST_08211,25-34,Male,True
CUST_08212,45-54,Male,True
CUST_08213,35-44,Non-binary,True
CUST_08214,18-24,Female,True
CUST_08215,25-34,Female,True
CUST_08216,25-34,Male,True
CUST_08217,25-34,Female,True
CUST_08218,25-34,Female,True
CUST_08219,18-24,Female,True
CUST_08220,55+,Female,True
CUST_08221,25-34,Male,True
CUST_08222,35-44,Male,True
CUST_08223,18-24,Female,True
CUST_08224,45-54,Female,False
CUST_08225,45-54,Male,True
CUST_08226,45-54,"Prefer not to say",True
CUST_08227,18-24,Female,True
CUST_08228,25-34,Male,True
CUST_08229,25-34,Female,False
CUST_08230,25-34,Male,True
CUST_08231,18-24,Female,True
CUST_08232,18-24,Non-binary,True
CUST_08233,18-24,Female,True
CUST_08234,25-34,Female,True
CUST_08235,35-44,Female,True
CUST_08236,55+,Female,True
CUST_08237,35-44,Female,True
CUST_08238,18-24,Male,True
CUST_08239,45-54,Female,True
CUST_08240,25-34,Male,True
CUST_08241,35-44,Female,True
CUST_08242,25-34,Male,True
CUST_08243,45-54,Female,True
CUST_08244,25-34,Male,True
CUST_08245,18-24,Female,True
CUST_08246,35-44,Female,True
CUST_08247,18-24,Female,True
CUST_08248,35-44,Male,True
CUST_08249,25-34,Male,True
CUST_08250,25-34,Female,True
CUST_08251,18-24,Female,True
CUST_08252,45-54,Male,True
CUST_08253,35-44,Female,True
CUST_08254,18-24,Female,True
CUST_08255,25-34,Female,True
CUST_08256,45-54,Male,False
CUST_08257,45-54,Female,True
CUST_08258,45-54,Female,True
CUST_08259,35-44,Female,True
CUST_08260,25-34,Female,True
CUST_08261,25-34,Non-binary,True
CUST_08262,45-54,Male,True
CUST_08263,18-24,Male,True
CUST_08264,55+,"Prefer not to say",True
CUST_08265,25-34,Male,True
CUST_08266,45-54,Male,True
CUST_08267,35-44,Male,True
CUST_08268,18-24,Female,True
CUST_08269,25-34,Female,True
CUST_08270,35-44,Male,True
CUST_08271,35-44,Female,True
CUST_08272,45-54,Female,True
CUST_08273,25-34,Female,True
CUST_08274,18-24,Female,True
CUST_08275,35-44,Female,True
CUST_08276,45-54,Female,True
CUST_08277,45-54,Female,True
CUST_08278,25-34,Female,True
CUST_08279,35-44,Male,True
CUST_08280,45-54,Female,True
CUST_08281,18-24,"Prefer not to say",True
CUST_08282,25-34,Female,False
CUST_08283,18-24,Female,True
CUST_08284,25-34,Male,True
CUST_08285,18-24,Male,True
CUST_08286,18-24,Male,True
CUST_08287,35-44,Female,True
CUST_08288,35-44,Male,True
CUST_08289,25-34,Male,True
CUST_08290,55+,Female,True
CUST_08291,35-44,Female,True
CUST_08292,18-24,Male,True
CUST_08293,35-44,Male,True
CUST_08294,55+,"Prefer not to say",True
CUST_08295,35-44,Female,True
CUST_08296,25-34,Female,True
CUST_08297,55+,Female,False
CUST_08298,55+,Female,False
CUST_08299,35-44,Male,True
CUST_08300,35-44,Non-binary,True
CUST_08301,18-24,Male,True
CUST_08302,45-54,Male,True
CUST_08303,25-34,Female,True
CUST_08304,18-24,Female,True
CUST_08305,25-34,Male,True
CUST_08306,18-24,Non-binary,True
CUST_08307,35-44,Female,True
CUST_08308,35-44,Female,True
CUST_08309,45-54,Female,True
CUST_08310,25-34,Male,True
CUST_08311,18-24,Male,True
CUST_08312,25-34,Female,True
CUST_08313,25-34,Non-binary,True
CUST_08314,25-34,Female,True
CUST_08315,55+,Female,True
CUST_08316,35-44,Male,True
CUST_08317,35-44,Male,True
CUST_08318,25-34,Male,True
CUST_08319,45-54,Female,True
CUST_08320,35-44,Male,True
CUST_08321,25-34,Female,True
CUST_08322,35-44,Female,False
CUST_08323,45-54,Male,True
CUST_08324,18-24,Female,True
CUST_08325,18-24,Female,True
CUST_08326,25-34,Male,True
CUST_08327,25-34,Female,True
CUST_08328,55+,"Prefer not to say",True
CUST_08329,35-44,Male,True
CUST_08330,18-24,Male,True
CUST_08331,35-44,Male,True
CUST_08332,55+,Female,True
CUST_08333,25-34,Male,True
CUST_08334,18-24,Female,True
CUST_08335,55+,Male,False
CUST_08336,18-24,Male,True
CUST_08337,45-54,"Prefer not to say",True
CUST_08338,25-34,Male,True
CUST_08339,45-54,Female,True
CUST_08340,18-24,Female,True
CUST_08341,55+,Female,True
CUST_08342,45-54,Female,True
CUST_08343,35-44,Male,True
CUST_08344,45-54,Female,True
CUST_08345,25-34,Female,True
CUST_08346,25-34,Male,True
CUST_08347,35-44,Female,True
CUST_08348,35-44,Male,True
CUST_08349,35-44,Female,True
CUST_08350,35-44,Female,True
CUST_08351,35-44,Female,True
CUST_08352,35-44,Male,True
CUST_08353,35-44,Female,True
CUST_08354,35-44,Female,True
CUST_08355,18-24,Male,True
CUST_08356,45-54,Male,True
CUST_08357,25-34,Female,True
CUST_08358,35-44,Female,True
CUST_08359,18-24,Female,True
CUST_08360,18-24,Non-binary,True
CUST_08361,18-24,Female,True
CUST_08362,45-54,Male,True
CUST_08364,35-44,Female,True
CUST_08365,18-24,Male,True
CUST_08366,55+,Female,True
CUST_08367,18-24,Non-binary,True
CUST_08368,45-54,Male,True
CUST_08369,18-24,Male,True
CUST_08370,25-34,Male,True
CUST_08371,25-34,"Prefer not to say",True
CUST_08372,25-34,Female,True
CUST_08373,35-44,Female,True
CUST_08374,18-24,Male,True
CUST_08375,35-44,Female,True
CUST_08376,18-24,Female,True
CUST_08377,45-54,Female,True
CUST_08378,25-34,Female,True
CUST_08379,35-44,Non-binary,True
CUST_08380,25-34,Male,True
CUST_08381,18-24,Non-binary,False
CUST_08382,25-34,Female,True
CUST_08383,25-34,Female,True
CUST_08384,45-54,Non-binary,False
CUST_08385,25-34,Female,True
CUST_08386,25-34,Male,True
CUST_08387,45-54,Male,True
CUST_08388,25-34,Female,True
CUST_08389,45-54,Male,True
CUST_08390,45-54,Male,True
CUST_08391,45-54,Male,True
CUST_08392,45-54,Male,True
CUST_08393,45-54,Female,True
CUST_08394,18-24,Female,True
CUST_08395,18-24,Male,True
CUST_08396,55+,Female,True
CUST_08397,25-34,"Prefer not to say",True
CUST_08398,25-34,Male,True
CUST_08399,18-24,Female,False
CUST_08400,25-34,Male,True
CUST_08401,18-24,Female,True
CUST_08402,25-34,Female,True
CUST_08403,45-54,Male,True
CUST_08404,18-24,Female,True
CUST_08405,55+,Female,True
CUST_08406,18-24,Female,False
CUST_08407,35-44,Male,True
CUST_08408,18-24,Male,True
CUST_08409,25-34,Non-binary,True
CUST_08410,55+,Female,True
CUST_08411,25-34,Female,True
CUST_08412,18-24,Male,True
CUST_08413,35-44,Female,True
CUST_08414,55+,Male,True
CUST_08415,35-44,"Prefer not to say",True
CUST_08416,35-44,Female,False
CUST_08417,45-54,Male,True
CUST_08418,45-54,Male,True
CUST_08419,18-24,Male,True
CUST_08420,45-54,Female,True
CUST_08421,25-34,Female,True
CUST_08422,45-54,Male,True
CUST_08423,35-44,Male,True
CUST_08424,18-24,Male,True
CUST_08425,25-34,Male,True
CUST_08426,18-24,"Prefer not to say",True
CUST_08427,25-34,Female,True
CUST_08428,55+,Male,True
CUST_08429,35-44,Female,True
CUST_08430,35-44,Male,True
CUST_08431,25-34,Female,True
CUST_08432,18-24,Female,True
CUST_08433,25-34,Female,True
CUST_08434,35-44,Female,True
CUST_08435,25-34,Male,True
CUST_08436,25-34,"Prefer not to say",True
CUST_08437,45-54,Male,True
CUST_08438,35-44,"Prefer not to say",True
CUST_08439,45-54,Female,True
CUST_08440,18-24,Female,True
CUST_08441,45-54,Female,True
CUST_08442,18-24,Non-binary,False
CUST_08443,35-44,Male,True
CUST_08444,25-34,Male,True
CUST_08445,25-34,Female,True
CUST_08446,35-44,Male,True
CUST_08447,18-24,Female,True
CUST_08448,25-34,"Prefer not to say",False
CUST_08449,45-54,Female,True
CUST_08450,25-34,Female,True
CUST_08451,45-54,Male,True
CUST_08452,45-54,Male,True
CUST_08453,35-44,Male,True
CUST_08454,25-34,Female,True
CUST_08455,18-24,Male,True
CUST_08456,18-24,Female,True
CUST_08457,55+,"Prefer not to say",True
CUST_08458,45-54,Non-binary,True
CUST_08459,35-44,Female,True
CUST_08460,55+,Male,True
CUST_08461,25-34,Non-binary,True
CUST_08462,45-54,Female,True
CUST_08463,45-54,Male,True
CUST_08464,18-24,Male,True
CUST_08465,25-34,Male,True
CUST_08466,25-34,Male,True
CUST_08467,18-24,Male,True
CUST_08468,35-44,Male,True
CUST_08469,25-34,Male,True
CUST_08470,25-34,Male,True
CUST_08471,45-54,Female,True
CUST_08472,35-44,Male,True
CUST_08473,45-54,Male,True
CUST_08474,25-34,Female,True
CUST_08475,35-44,Female,True
CUST_08476,35-44,Female,True
CUST_08477,18-24,Male,True
CUST_08478,18-24,Female,True
CUST_08479,55+,Male,False
CUST_08480,55+,Male,True
CUST_08481,25-34,Male,True
CUST_08482,55+,Female,True
CUST_08483,18-24,Female,True
CUST_08484,18-24,Male,True
CUST_08485,35-44,Male,True
CUST_08486,25-34,Female,True
CUST_08487,55+,Female,True
CUST_08488,18-24,Male,True
CUST_08489,18-24,Male,True
CUST_08490,18-24,Male,True
CUST_08491,25-34,Female,True
CUST_08492,35-44,Female,True
CUST_08493,18-24,Male,True
CUST_08494,25-34,Female,True
CUST_08495,55+,Male,True
CUST_08496,18-24,Male,True
CUST_08497,35-44,Male,True
CUST_08498,45-54,"Prefer not to say",True
CUST_08499,35-44,Female,True
CUST_08500,25-34,Female,True
CUST_08501,35-44,Male,True
CUST_08502,25-34,"Prefer not to say",True
CUST_08503,25-34,Female,True
CUST_08504,35-44,Female,True
CUST_08505,25-34,Female,True
CUST_08506,55+,Female,True
CUST_08507,35-44,Male,True
CUST_08508,18-24,Male,True
CUST_08509,45-54,Male,False
CUST_08510,18-24,Male,True
CUST_08511,55+,Female,True
CUST_08512,55+,Female,True
CUST_08513,18-24,Female,True
CUST_08514,35-44,Male,True
CUST_08515,25-34,Non-binary,True
CUST_08516,45-54,Male,True
CUST_08517,35-44,Female,True
CUST_08518,45-54,Male,True
CUST_08519,35-44,Female,True
CUST_08520,55+,"Prefer not to say",True
CUST_08521,55+,Male,True
CUST_08522,35-44,Female,True
CUST_08523,55+,Male,True
CUST_08524,45-54,Male,True
CUST_08525,25-34,Female,True
CUST_08526,18-24,Male,True
CUST_08527,18-24,Male,True
CUST_08528,55+,Female,False
CUST_08529,35-44,Female,True
CUST_08530,25-34,Male,True
CUST_08531,55+,Female,True
CUST_08532,18-24,Female,True
CUST_08533,35-44,Female,True
CUST_08534,18-24,Female,True
CUST_08535,25-34,Female,True
CUST_08536,25-34,Female,True
CUST_08537,35-44,"Prefer not to say",True
CUST_08538,35-44,Female,True
CUST_08539,25-34,Female,True
CUST_08540,55+,Male,True
CUST_08541,25-34,Male,True
CUST_08542,25-34,Male,True
CUST_08543,45-54,Male,True
CUST_08544,25-34,Male,True
CUST_08545,35-44,Female,True
CUST_08546,18-24,Male,True
CUST_08547,25-34,Male,True
CUST_08548,45-54,Male,True
CUST_08549,18-24,Female,True
CUST_08550,18-24,Male,True
CUST_08551,18-24,Non-binary,True
CUST_08552,35-44,Male,True
CUST_08553,45-54,Male,True
CUST_08554,45-54,Male,True
CUST_08555,35-44,Male,True
CUST_08556,18-24,Female,True
CUST_08557,25-34,Female,True
CUST_08558,25-34,Male,True
CUST_08559,45-54,Female,True
CUST_08560,55+,Female,True
CUST_08561,25-34,Male,True
CUST_08562,55+,Male,True
CUST_08563,25-34,Male,True
CUST_08564,18-24,Non-binary,True
CUST_08565,25-34,Female,True
CUST_08566,55+,Non-binary,True
CUST_08567,25-34,Female,True
CUST_08568,55+,Female,True
CUST_08569,55+,Female,True
CUST_08570,45-54,Female,True
CUST_08571,18-24,Female,True
CUST_08572,35-44,Male,True
CUST_08573,18-24,Male,False
CUST_08574,55+,Male,True
CUST_08575,35-44,Female,True
CUST_08576,45-54,Female,True
CUST_08577,18-24,Male,True
CUST_08578,35-44,Male,True
CUST_08579,25-34,Female,True
CUST_08580,18-24,Female,True
CUST_08581,18-24,Male,True
CUST_08582,18-24,Male,True
CUST_08583,18-24,Female,True
CUST_08584,35-44,Male,True
CUST_08585,25-34,"Prefer not to say",True
CUST_08586,18-24,Female,True
CUST_08587,35-44,Male,True
CUST_08588,25-34,Non-binary,True
CUST_08589,45-54,Female,True
CUST_08590,55+,Female,True
CUST_08591,35-44,Female,True
CUST_08592,25-34,Female,True
CUST_08593,35-44,Male,True
CUST_08594,25-34,Female,True
CUST_08595,18-24,Female,True
CUST_08596,25-34,Female,True
CUST_08597,35-44,Female,True
CUST_08598,35-44,Male,False
CUST_08599,35-44,Male,True
CUST_08600,18-24,"Prefer not to say",True
CUST_08601,25-34,Male,True
CUST_08602,35-44,Female,True
CUST_08603,35-44,Male,True
CUST_08604,35-44,Male,True
CUST_08605,55+,Female,True
CUST_08606,35-44,Female,True
CUST_08607,45-54,Male,True
CUST_08608,55+,Male,False
CUST_08609,18-24,Male,True
CUST_08610,35-44,Male,True
CUST_08611,45-54,Male,True
CUST_08612,18-24,Female,True
CUST_08613,35-44,Female,True
CUST_08614,35-44,Female,True
CUST_08615,25-34,Female,True
CUST_08616,18-24,Male,True
CUST_08617,25-34,Female,True
CUST_08618,25-34,Male,True
CUST_08619,18-24,Female,True
CUST_08620,35-44,Male,True
CUST_08621,25-34,"Prefer not to say",True
CUST_08622,25-34,Female,True
CUST_08623,18-24,Male,True
CUST_08624,18-24,Female,True
CUST_08625,18-24,Male,True
CUST_08626,25-34,Male,True
CUST_08627,55+,Female,True
CUST_08628,25-34,Male,True
CUST_08629,35-44,Female,True
CUST_08630,45-54,Male,True
CUST_08631,45-54,Male,True
CUST_08632,35-44,Male,True
CUST_08633,45-54,Male,True
CUST_08634,18-24,Male,True
CUST_08635,18-24,Male,True
CUST_08636,18-24,Female,True
CUST_08637,45-54,Male,True
CUST_08638,45-54,Male,True
CUST_08639,45-54,Female,True
CUST_08640,25-34,Non-binary,True
CUST_08641,18-24,Female,True
CUST_08642,18-24,Male,True
CUST_08643,18-24,Male,True
CUST_08644,35-44,Male,True
CUST_08645,45-54,Female,True
CUST_08646,35-44,Female,True
CUST_08647,25-34,Female,True
CUST_08648,45-54,Male,True
CUST_08649,35-44,Female,True
CUST_08650,18-24,Female,True
CUST_08651,25-34,Female,False
CUST_08652,35-44,Female,True
CUST_08653,18-24,Male,True
CUST_08654,18-24,Female,True
CUST_08655,45-54,Male,True
CUST_08656,18-24,Female,True
CUST_08657,35-44,Male,True
CUST_08658,35-44,Male,True
CUST_08659,45-54,Female,True
CUST_08660,55+,Female,True
CUST_08661,45-54,Female,True
CUST_08662,25-34,Female,True
CUST_08663,55+,Male,True
CUST_08664,35-44,Male,True
CUST_08665,25-34,Male,True
CUST_08666,25-34,Female,True
CUST_08667,25-34,Female,True
CUST_08668,25-34,Male,True
CUST_08669,55+,Female,True
CUST_08670,35-44,Male,True
CUST_08671,25-34,Male,True
CUST_08672,18-24,Female,True
CUST_08673,25-34,Female,True
CUST_08674,18-24,Male,True
CUST_08675,18-24,Female,True
CUST_08676,18-24,Male,True
CUST_08677,18-24,Male,True
CUST_08678,25-34,Male,True
CUST_08679,45-54,Male,True
CUST_08680,35-44,Female,True
CUST_08681,25-34,Male,True
CUST_08682,35-44,Female,True
CUST_08683,35-44,"Prefer not to say",True
CUST_08684,35-44,Female,True
CUST_08685,55+,"Prefer not to say",True
CUST_08686,35-44,Female,True
CUST_08687,55+,Male,True
CUST_08688,25-34,Male,True
CUST_08689,45-54,Male,True
CUST_08690,35-44,Female,True
CUST_08691,25-34,Male,False
CUST_08692,25-34,Male,True
CUST_08693,18-24,"Prefer not to say",True
CUST_08694,55+,Non-binary,True
CUST_08695,55+,Male,True
CUST_08696,25-34,Male,True
CUST_08697,35-44,Male,True
CUST_08698,25-34,Male,True
CUST_08699,45-54,Female,True
CUST_08700,25-34,Male,True
CUST_08701,45-54,Female,True
CUST_08702,35-44,Male,True
CUST_08703,25-34,Female,True
CUST_08704,25-34,Female,True
CUST_08705,35-44,Non-binary,True
CUST_08706,35-44,Male,False
CUST_08707,25-34,Female,True
CUST_08708,35-44,Female,True
CUST_08709,45-54,Male,True
CUST_08710,45-54,Non-binary,True
CUST_08711,35-44,Non-binary,True
CUST_08712,25-34,Male,True
CUST_08713,25-34,Female,True
CUST_08714,45-54,Male,True
CUST_08715,55+,Female,True
CUST_08716,35-44,"Prefer not to say",True
CUST_08717,18-24,Male,True
CUST_08718,25-34,Male,True
CUST_08719,25-34,Male,True
CUST_08720,35-44,Non-binary,True
CUST_08721,35-44,Non-binary,True
CUST_08722,55+,Non-binary,True
CUST_08723,25-34,Male,True
CUST_08724,25-34,Female,True
CUST_08725,35-44,Male,True
CUST_08726,55+,Female,True
CUST_08727,25-34,Female,True
CUST_08728,18-24,Female,True
CUST_08729,25-34,Female,True
CUST_08730,55+,Male,True
CUST_08731,25-34,Female,True
CUST_08732,55+,Male,True
CUST_08733,25-34,Non-binary,True
CUST_08734,25-34,"Prefer not to say",True
CUST_08735,55+,Female,True
CUST_08736,35-44,Male,True
CUST_08737,45-54,Non-binary,True
CUST_08738,45-54,Male,True
CUST_08739,25-34,Male,True
CUST_08740,35-44,Male,True
CUST_08741,35-44,Male,True
CUST_08742,45-54,Male,True
CUST_08743,55+,Female,True
CUST_08744,18-24,Female,True
CUST_08745,35-44,Male,True
CUST_08746,55+,Female,True
CUST_08747,55+,Male,True
CUST_08748,18-24,Male,True
CUST_08749,35-44,Male,True
CUST_08750,55+,Male,True
CUST_08751,18-24,Male,True
CUST_08752,55+,Male,True
CUST_08753,45-54,Male,True
CUST_08754,55+,Female,True
CUST_08755,25-34,Female,True
CUST_08756,35-44,Female,True
CUST_08757,18-24,Female,True
CUST_08758,35-44,Male,True
CUST_08759,35-44,Female,True
CUST_08760,18-24,Female,True
CUST_08761,45-54,Female,True
CUST_08762,45-54,Male,True
CUST_08763,25-34,Female,True
CUST_08764,35-44,Male,True
CUST_08765,25-34,Male,True
CUST_08766,25-34,Male,True
CUST_08767,55+,Female,True
CUST_08768,18-24,Female,True
CUST_08769,35-44,Female,True
CUST_08770,45-54,Non-binary,False
CUST_08771,18-24,Non-binary,True
CUST_08772,25-34,Female,True
CUST_08773,35-44,Male,True
CUST_08774,18-24,Male,True
CUST_08775,45-54,Male,True
CUST_08776,18-24,Male,True
CUST_08777,25-34,Female,True
CUST_08778,55+,Male,True
CUST_08779,18-24,Male,True
CUST_08780,55+,Female,False
CUST_08781,18-24,Non-binary,True
CUST_08782,45-54,Female,True
CUST_08783,35-44,Male,True
CUST_08784,55+,Non-binary,True
CUST_08785,18-24,Male,True
CUST_08786,35-44,Male,True
CUST_08787,18-24,Female,True
CUST_08788,18-24,Female,True
CUST_08789,35-44,Male,True
CUST_08790,35-44,Female,True
CUST_08791,45-54,Male,True
CUST_08792,35-44,"Prefer not to say",True
CUST_08793,25-34,Female,True
CUST_08794,35-44,Male,False
CUST_08795,25-34,Male,True
CUST_08796,35-44,Female,True
CUST_08797,25-34,Female,True
CUST_08798,18-24,Female,True
CUST_08799,35-44,Male,True
CUST_08800,25-34,Female,True
CUST_08801,35-44,Female,True
CUST_08802,45-54,Female,True
CUST_08803,25-34,Male,True
CUST_08804,25-34,Female,True
CUST_08805,55+,Female,True
CUST_08806,18-24,Male,True
CUST_08807,55+,Male,True
CUST_08808,18-24,Female,True
CUST_08809,45-54,Male,True
CUST_08810,35-44,Male,True
CUST_08811,45-54,Male,True
CUST_08812,18-24,Female,True
CUST_08813,18-24,Male,True
CUST_08814,35-44,"Prefer not to say",True
CUST_08815,55+,Male,True
CUST_08816,55+,Female,True
CUST_08817,35-44,Male,True
CUST_08818,18-24,Female,True
CUST_08819,35-44,Female,True
CUST_08820,25-34,Female,True
CUST_08821,25-34,Female,True
CUST_08822,45-54,Female,True
CUST_08823,25-34,Female,True
CUST_08824,18-24,Male,True
CUST_08825,55+,Male,True
CUST_08826,35-44,Male,True
CUST_08827,55+,Non-binary,True
CUST_08828,35-44,Female,True
CUST_08829,45-54,Male,True
CUST_08830,55+,Male,True
CUST_08831,55+,Female,True
CUST_08832,35-44,Female,False
CUST_08833,35-44,Female,True
CUST_08834,45-54,Male,True
CUST_08835,55+,Male,True
CUST_08836,25-34,Female,True
CUST_08837,35-44,"Prefer not to say",True
CUST_08838,25-34,Female,True
CUST_08839,55+,Male,True
CUST_08840,45-54,Female,True
CUST_08841,25-34,Female,True
CUST_08842,18-24,Female,True
CUST_08843,35-44,Male,True
CUST_08844,35-44,Female,True
CUST_08845,18-24,Male,True
CUST_08846,25-34,Male,True
CUST_08847,45-54,Non-binary,True
CUST_08848,45-54,Female,False
CUST_08849,25-34,Male,True
CUST_08850,35-44,Male,True
CUST_08851,25-34,Male,True
CUST_08852,18-24,Female,True
CUST_08853,35-44,Male,True
CUST_08854,45-54,Female,True
CUST_08855,25-34,Male,True
CUST_08856,35-44,Female,True
CUST_08857,18-24,Male,True
CUST_08858,35-44,Female,True
CUST_08859,55+,Female,True
CUST_08860,25-34,Male,True
CUST_08861,35-44,Male,True
CUST_08862,35-44,Non-binary,True
CUST_08863,25-34,Male,True
CUST_08864,18-24,Non-binary,True
CUST_08865,18-24,Female,True
CUST_08866,35-44,Male,True
CUST_08867,25-34,Female,True
CUST_08868,25-34,Male,True
CUST_08869,25-34,Male,True
CUST_08870,18-24,Male,True
CUST_08871,25-34,Male,True
CUST_08872,18-24,Female,True
CUST_08873,35-44,Male,True
CUST_08874,35-44,Male,True
CUST_08875,25-34,Non-binary,True
CUST_08876,35-44,Female,True
CUST_08877,25-34,Non-binary,True
CUST_08878,25-34,Female,True
CUST_08879,35-44,Male,True
CUST_08880,35-44,Female,True
CUST_08881,25-34,Male,True
CUST_08882,25-34,Female,True
CUST_08883,18-24,Female,True
CUST_08884,45-54,Male,True
CUST_08885,35-44,Female,True
CUST_08886,18-24,"Prefer not to say",True
CUST_08887,35-44,"Prefer not to say",True
CUST_08888,35-44,Female,True
CUST_08889,35-44,Male,False
CUST_08890,45-54,Non-binary,False
CUST_08891,55+,Female,True
CUST_08892,55+,Female,True
CUST_08893,25-34,Male,True
CUST_08894,18-24,Female,True
CUST_08895,25-34,Male,False
CUST_08896,55+,Female,True
CUST_08897,45-54,Female,True
CUST_08898,18-24,Male,True
CUST_08899,18-24,Male,True
CUST_08900,18-24,Female,True
CUST_08901,45-54,Female,True
CUST_08902,25-34,"Prefer not to say",True
CUST_08903,35-44,Female,True
CUST_08904,55+,Female,True
CUST_08905,35-44,Male,True
CUST_08906,25-34,Female,True
CUST_08907,25-34,Male,True
CUST_08908,35-44,Male,True
CUST_08909,25-34,Female,True
CUST_08910,35-44,Non-binary,True
CUST_08911,45-54,Male,True
CUST_08912,45-54,Male,True
CUST_08913,25-34,Female,True
CUST_08914,18-24,Female,True
CUST_08915,18-24,Male,True
CUST_08916,25-34,Female,True
CUST_08917,25-34,Male,True
CUST_08918,35-44,"Prefer not to say",True
CUST_08919,35-44,Female,True
CUST_08920,55+,Male,True
CUST_08921,18-24,Female,True
CUST_08922,35-44,Male,True
CUST_08923,35-44,Male,True
CUST_08924,25-34,Female,True
CUST_08925,35-44,Female,True
CUST_08926,18-24,Male,False
CUST_08927,18-24,Male,True
CUST_08928,25-34,Male,True
CUST_08929,25-34,"Prefer not to say",False
CUST_08930,45-54,Female,True
CUST_08931,55+,Female,True
CUST_08932,35-44,Female,True
CUST_08933,25-34,Male,True
CUST_08934,55+,Male,True
CUST_08935,25-34,Male,True
CUST_08936,25-34,Male,True
CUST_08937,55+,Non-binary,True
CUST_08938,35-44,Male,False
CUST_08939,25-34,Male,True
CUST_08940,45-54,Female,True
CUST_08941,25-34,Non-binary,True
CUST_08942,35-44,Female,True
CUST_08943,25-34,Female,True
CUST_08944,45-54,Male,True
CUST_08945,25-34,Male,True
CUST_08946,45-54,Female,True
CUST_08947,25-34,Female,True
CUST_08948,35-44,Female,True
CUST_08949,35-44,Male,True
CUST_08950,18-24,Male,True
CUST_08951,25-34,Female,True
CUST_08952,25-34,Non-binary,True
CUST_08953,55+,Female,True
CUST_08954,35-44,Female,True
CUST_08955,35-44,Female,True
CUST_08956,25-34,Male,True
CUST_08957,18-24,Male,True
CUST_08958,45-54,Female,True
CUST_08959,18-24,Female,True
CUST_08960,18-24,Female,True
CUST_08961,18-24,Male,True
CUST_08962,45-54,Female,True
CUST_08963,18-24,Female,True
CUST_08964,45-54,Male,True
CUST_08965,25-34,Female,True
CUST_08966,45-54,Male,True
CUST_08967,25-34,Male,True
CUST_08968,25-34,Male,True
CUST_08969,25-34,Non-binary,True
CUST_08970,18-24,Female,True
CUST_08971,35-44,Female,True
CUST_08972,18-24,Female,False
CUST_08973,25-34,Male,True
CUST_08974,18-24,Female,True
CUST_08975,25-34,Female,True
CUST_08976,45-54,Female,True
CUST_08977,35-44,Male,True
CUST_08978,35-44,Female,True
CUST_08979,45-54,"Prefer not to say",True
CUST_08980,35-44,Male,False
CUST_08981,45-54,Non-binary,True
CUST_08982,35-44,Non-binary,True
CUST_08983,25-34,Male,True
CUST_08984,25-34,Male,True
CUST_08985,25-34,Male,True
CUST_08986,18-24,Male,True
CUST_08987,35-44,Male,True
CUST_08988,45-54,Male,True
CUST_08989,18-24,Female,True
CUST_08990,18-24,Female,True
CUST_08991,18-24,Female,True
CUST_08992,18-24,Female,True
CUST_08993,18-24,Male,True
CUST_08994,35-44,Male,True
CUST_08995,25-34,Female,False
CUST_08996,35-44,Female,True
CUST_08997,35-44,Female,True
CUST_08998,25-34,Female,True
CUST_08999,45-54,Male,True
CUST_09000,45-54,"Prefer not to say",True
CUST_09001,35-44,Female,True
CUST_09002,45-54,Female,True
CUST_09003,25-34,Female,True
CUST_09004,55+,Male,True
CUST_09005,45-54,Male,True
CUST_09006,35-44,Female,True
CUST_09007,45-54,Male,True
CUST_09008,25-34,"Prefer not to say",True
CUST_09009,25-34,Female,True
CUST_09010,18-24,Male,True
CUST_09011,45-54,Female,True
CUST_09012,55+,Male,True
CUST_09013,45-54,Female,True
CUST_09014,25-34,Male,True
CUST_09015,18-24,Female,True
CUST_09016,35-44,Female,True
CUST_09017,45-54,Male,True
CUST_09018,18-24,"Prefer not to say",True
CUST_09019,35-44,Male,True
CUST_09020,18-24,Male,True
CUST_09021,25-34,"Prefer not to say",True
CUST_09022,25-34,Female,False
CUST_09023,25-34,Male,True
CUST_09024,25-34,Female,True
CUST_09025,18-24,Female,True
CUST_09026,35-44,Male,True
CUST_09027,25-34,Non-binary,True
CUST_09028,18-24,Female,True
CUST_09029,18-24,Female,True
CUST_09030,35-44,Female,True
CUST_09031,25-34,Female,True
CUST_09032,18-24,Male,True
CUST_09033,25-34,Male,True
CUST_09034,55+,Male,True
CUST_09035,25-34,Female,True
CUST_09036,45-54,Female,True
CUST_09037,18-24,Male,True
CUST_09038,25-34,Non-binary,True
CUST_09039,45-54,Male,True
CUST_09040,35-44,Female,True
CUST_09041,55+,Female,True
CUST_09042,45-54,Female,True
CUST_09043,55+,Male,True
CUST_09044,25-34,Male,True
CUST_09045,18-24,Female,True
CUST_09046,25-34,Female,True
CUST_09047,18-24,Female,True
CUST_09048,35-44,Non-binary,True
CUST_09049,25-34,Female,True
CUST_09050,25-34,Female,True
CUST_09051,18-24,Non-binary,True
CUST_09052,35-44,Female,True
CUST_09053,25-34,Male,True
CUST_09054,18-24,Female,True
CUST_09055,35-44,Female,True
CUST_09056,55+,Male,True
CUST_09057,25-34,Female,True
CUST_09058,35-44,Non-binary,True
CUST_09059,18-24,Female,True
CUST_09060,35-44,Male,False
CUST_09061,45-54,Male,True
CUST_09062,18-24,Female,True
CUST_09063,45-54,Female,True
CUST_09064,35-44,Male,True
CUST_09065,45-54,Male,True
CUST_09066,25-34,Female,False
CUST_09067,35-44,Non-binary,True
CUST_09068,25-34,Female,True
CUST_09069,25-34,Female,True
CUST_09070,18-24,Male,True
CUST_09071,18-24,Male,True
CUST_09072,18-24,Female,True
CUST_09073,55+,Male,True
CUST_09074,35-44,"Prefer not to say",True
CUST_09075,35-44,Female,True
CUST_09076,35-44,Male,True
CUST_09077,55+,"Prefer not to say",True
CUST_09078,18-24,Female,True
CUST_09079,45-54,Female,True
CUST_09080,35-44,Female,False
CUST_09081,55+,Female,True
CUST_09082,25-34,Female,True
CUST_09083,35-44,Male,True
CUST_09084,25-34,Female,True
CUST_09085,35-44,Female,True
CUST_09086,18-24,Male,True
CUST_09087,18-24,Non-binary,True
CUST_09088,55+,Female,True
CUST_09089,25-34,Female,False
CUST_09090,18-24,Male,True
CUST_09091,45-54,Male,True
CUST_09092,18-24,Male,True
CUST_09093,35-44,Female,True
CUST_09094,25-34,Female,True
CUST_09095,25-34,"Prefer not to say",True
CUST_09096,55+,Female,True
CUST_09097,18-24,Female,True
CUST_09098,18-24,"Prefer not to say",True
CUST_09099,25-34,Male,True
CUST_09100,55+,Male,True
CUST_09101,35-44,Female,True
CUST_09102,35-44,Female,True
CUST_09103,25-34,Male,True
CUST_09104,18-24,Male,True
CUST_09105,45-54,Female,True
CUST_09106,25-34,Female,True
CUST_09107,25-34,Female,True
CUST_09108,45-54,Male,True
CUST_09109,35-44,Female,True
CUST_09110,35-44,Non-binary,True
CUST_09111,25-34,Female,True
CUST_09112,25-34,Non-binary,True
CUST_09113,35-44,Male,True
CUST_09114,25-34,Male,True
CUST_09115,55+,Female,True
CUST_09116,45-54,Male,True
CUST_09117,25-34,Male,True
CUST_09118,25-34,Female,True
CUST_09119,25-34,Male,True
CUST_09120,45-54,Male,True
CUST_09121,35-44,Female,True
CUST_09122,55+,Male,True
CUST_09123,25-34,Male,True
CUST_09124,55+,"Prefer not to say",True
CUST_09125,45-54,Male,True
CUST_09126,18-24,Male,True
CUST_09127,45-54,Female,True
CUST_09128,25-34,Male,True
CUST_09129,25-34,Female,True
CUST_09130,18-24,Male,True
CUST_09131,45-54,Female,True
CUST_09132,35-44,"Prefer not to say",True
CUST_09133,18-24,Male,True
CUST_09134,25-34,Male,True
CUST_09135,35-44,Female,True
CUST_09136,35-44,Male,True
CUST_09137,25-34,Male,True
CUST_09138,35-44,Female,True
CUST_09139,18-24,Male,True
CUST_09140,35-44,Female,True
CUST_09141,35-44,Male,True
CUST_09142,45-54,Male,True
CUST_09143,45-54,Male,True
CUST_09144,45-54,Female,True
CUST_09145,25-34,Male,True
CUST_09146,35-44,Female,True
CUST_09147,35-44,Female,True
CUST_09148,45-54,Female,True
CUST_09149,35-44,"Prefer not to say",True
CUST_09150,25-34,Male,True
CUST_09151,45-54,Male,True
CUST_09152,25-34,Female,True
CUST_09153,18-24,Male,True
CUST_09154,25-34,Male,True
CUST_09155,45-54,Male,True
CUST_09156,45-54,Male,True
CUST_09157,55+,Non-binary,True
CUST_09158,25-34,Female,True
CUST_09159,25-34,Female,True
CUST_09160,35-44,Female,True
CUST_09161,55+,Female,True
CUST_09162,25-34,Female,True
CUST_09163,35-44,Female,True
CUST_09164,18-24,Male,True
CUST_09165,18-24,Male,True
CUST_09166,18-24,Female,True
CUST_09167,35-44,Male,True
CUST_09168,18-24,Male,True
CUST_09169,18-24,Male,True
CUST_09170,18-24,Male,True
CUST_09171,35-44,Female,True
CUST_09172,45-54,Male,False
CUST_09173,35-44,Non-binary,False
CUST_09174,55+,Female,True
CUST_09175,45-54,Female,True
CUST_09176,18-24,Female,True
CUST_09177,25-34,Female,True
CUST_09178,25-34,Female,True
CUST_09179,55+,Male,True
CUST_09180,35-44,Male,True
CUST_09181,18-24,Female,True
CUST_09182,18-24,Female,True
CUST_09183,18-24,Female,True
CUST_09184,25-34,Male,True
CUST_09185,35-44,Male,False
CUST_09186,18-24,Male,True
CUST_09187,55+,Female,False
CUST_09188,35-44,Male,True
CUST_09189,25-34,Female,True
CUST_09190,18-24,Female,True
CUST_09191,25-34,Male,True
CUST_09192,25-34,Female,True
CUST_09193,25-34,Female,True
CUST_09194,55+,Female,True
CUST_09195,18-24,Male,True
CUST_09196,45-54,Male,True
CUST_09197,45-54,Female,True
CUST_09198,18-24,Female,True
CUST_09199,35-44,Male,True
CUST_09200,45-54,Female,True
CUST_09201,55+,Female,False
CUST_09202,18-24,Female,True
CUST_09203,45-54,Female,True
CUST_09204,35-44,Female,True
CUST_09205,35-44,Female,True
CUST_09206,25-34,Female,True
CUST_09207,25-34,Female,True
CUST_09208,35-44,Female,True
CUST_09209,45-54,"Prefer not to say",True
CUST_09210,55+,Female,True
CUST_09211,45-54,Male,True
CUST_09212,25-34,Male,True
CUST_09213,35-44,"Prefer not to say",True
CUST_09214,18-24,"Prefer not to say",True
CUST_09215,18-24,Female,True
CUST_09216,45-54,Male,True
CUST_09217,25-34,Female,True
CUST_09218,18-24,Female,True
CUST_09219,35-44,"Prefer not to say",True
CUST_09220,25-34,Male,True
CUST_09221,35-44,Female,True
CUST_09222,18-24,Female,True
CUST_09223,35-44,Female,True
CUST_09224,55+,Male,True
CUST_09225,55+,Female,True
CUST_09226,25-34,Female,True
CUST_09227,25-34,Female,True
CUST_09228,25-34,Female,True
CUST_09229,18-24,Female,True
CUST_09230,35-44,Male,True
CUST_09231,35-44,Male,True
CUST_09232,45-54,Female,True
CUST_09233,25-34,Male,True
CUST_09234,25-34,Female,True
CUST_09235,35-44,Male,True
CUST_09236,55+,Male,True
CUST_09237,45-54,Female,True
CUST_09238,35-44,Male,True
CUST_09239,35-44,Male,True
CUST_09240,35-44,"Prefer not to say",False
CUST_09241,45-54,Male,True
CUST_09242,25-34,Male,True
CUST_09243,55+,Male,True
CUST_09244,25-34,Male,True
CUST_09245,45-54,Female,True
CUST_09246,18-24,Male,True
CUST_09247,25-34,Female,True
CUST_09248,35-44,Female,True
CUST_09249,18-24,Male,True
CUST_09250,35-44,Female,True
CUST_09251,35-44,Male,False
CUST_09252,25-34,Male,True
CUST_09253,18-24,Female,True
CUST_09254,18-24,Male,True
CUST_09255,25-34,Female,False
CUST_09256,25-34,Female,True
CUST_09257,55+,Male,True
CUST_09258,25-34,Female,True
CUST_09259,25-34,Female,True
CUST_09260,35-44,Female,True
CUST_09261,25-34,Female,True
CUST_09262,25-34,Male,True
CUST_09263,35-44,Female,True
CUST_09264,25-34,Male,True
CUST_09265,35-44,Female,True
CUST_09266,45-54,Female,True
CUST_09267,18-24,Female,True
CUST_09268,25-34,Female,True
CUST_09269,55+,Male,True
CUST_09270,25-34,Female,True
CUST_09271,45-54,Male,True
CUST_09272,25-34,Female,True
CUST_09273,35-44,Male,True
CUST_09274,25-34,Female,True
CUST_09275,18-24,Female,True
CUST_09276,45-54,Female,True
CUST_09277,25-34,Male,True
CUST_09278,45-54,"Prefer not to say",True
CUST_09279,18-24,Male,True
CUST_09280,25-34,Male,True
CUST_09281,25-34,Female,True
CUST_09282,18-24,Female,True
CUST_09283,18-24,Female,True
CUST_09284,25-34,Female,False
CUST_09285,45-54,Male,True
CUST_09286,45-54,Female,True
CUST_09287,18-24,Female,True
CUST_09288,18-24,Female,True
CUST_09289,35-44,Female,True
CUST_09290,25-34,Female,True
CUST_09291,25-34,Female,True
CUST_09292,35-44,Male,True
CUST_09293,25-34,"Prefer not to say",True
CUST_09294,25-34,Male,True
CUST_09295,55+,Female,True
CUST_09296,55+,Male,True
CUST_09297,25-34,Female,True
CUST_09298,35-44,Female,True
CUST_09299,25-34,Female,True
CUST_09300,45-54,Female,True
CUST_09301,35-44,Male,True
CUST_09302,55+,Male,True
CUST_09303,25-34,Female,True
CUST_09304,45-54,Male,True
CUST_09305,25-34,Female,True
CUST_09306,45-54,"Prefer not to say",True
CUST_09307,25-34,Female,True
CUST_09308,35-44,Female,True
CUST_09309,35-44,Male,True
CUST_09310,18-24,Female,True
CUST_09311,25-34,Female,True
CUST_09312,18-24,Male,True
CUST_09313,45-54,Male,True
CUST_09314,45-54,Male,True
CUST_09315,25-34,Non-binary,True
CUST_09316,25-34,"Prefer not to say",True
CUST_09317,18-24,Female,True
CUST_09318,18-24,Female,True
CUST_09319,35-44,"Prefer not to say",True
CUST_09320,35-44,Non-binary,True
CUST_09321,45-54,Male,True
CUST_09322,25-34,Male,True
CUST_09323,18-24,Female,True
CUST_09324,18-24,Non-binary,True
CUST_09325,35-44,Male,True
CUST_09326,25-34,Male,True
CUST_09327,25-34,Male,True
CUST_09328,55+,Male,True
CUST_09329,35-44,Male,True
CUST_09330,25-34,Female,True
CUST_09331,35-44,Male,True
CUST_09332,18-24,Female,True
CUST_09333,25-34,Male,True
CUST_09334,35-44,Female,True
CUST_09335,25-34,Female,True
CUST_09336,35-44,Male,True
CUST_09337,18-24,Female,True
CUST_09338,25-34,Male,True
CUST_09339,18-24,Female,True
CUST_09340,55+,Male,True
CUST_09341,35-44,Male,True
CUST_09342,18-24,Female,True
CUST_09343,45-54,Male,True
CUST_09344,35-44,Male,True
CUST_09345,35-44,Non-binary,False
CUST_09346,55+,Male,True
CUST_09347,35-44,Female,True
CUST_09348,55+,Female,True
CUST_09349,35-44,Female,True
CUST_09350,18-24,Female,True
CUST_09351,35-44,Female,True
CUST_09352,25-34,Male,True
CUST_09353,25-34,Female,True
CUST_09354,35-44,Male,True
CUST_09355,35-44,Male,True
CUST_09356,35-44,Male,True
CUST_09357,35-44,Male,True
CUST_09358,25-34,"Prefer not to say",True
CUST_09359,25-34,Male,True
CUST_09360,18-24,Male,True
CUST_09361,25-34,Male,True
CUST_09362,45-54,Male,False
CUST_09363,25-34,Male,True
CUST_09364,25-34,Male,True
CUST_09365,25-34,Female,True
CUST_09366,35-44,Male,True
CUST_09367,18-24,Male,True
CUST_09368,35-44,Female,True
CUST_09369,35-44,Male,True
CUST_09370,45-54,Female,True
CUST_09371,25-34,Male,True
CUST_09372,45-54,Female,True
CUST_09373,18-24,Male,True
CUST_09374,55+,Male,True
CUST_09375,25-34,Female,True
CUST_09376,35-44,Male,False
CUST_09377,18-24,Male,True
CUST_09378,18-24,Female,True
CUST_09379,35-44,Male,True
CUST_09380,35-44,Non-binary,True
CUST_09381,55+,Male,True
CUST_09382,18-24,Female,True
CUST_09383,35-44,Male,True
CUST_09384,55+,Male,True
CUST_09385,45-54,Female,True
CUST_09386,25-34,Male,True
CUST_09387,45-54,Male,True
CUST_09388,25-34,Male,True
CUST_09389,18-24,Male,True
CUST_09390,25-34,Male,True
CUST_09391,35-44,Non-binary,True
CUST_09392,35-44,Female,True
CUST_09393,45-54,Female,True
CUST_09394,18-24,Female,True
CUST_09395,18-24,Male,True
CUST_09396,25-34,Male,True
CUST_09397,45-54,Female,True
CUST_09398,35-44,Male,True
CUST_09399,25-34,Male,True
CUST_09400,45-54,Female,True
CUST_09401,18-24,Male,True
CUST_09402,25-34,Male,False
CUST_09403,35-44,Female,True
CUST_09404,45-54,Female,True
CUST_09405,25-34,"Prefer not to say",True
CUST_09406,25-34,Female,True
CUST_09407,35-44,Female,True
CUST_09408,35-44,Male,True
CUST_09409,35-44,Female,True
CUST_09410,25-34,Female,True
CUST_09411,35-44,Male,True
CUST_09412,55+,Female,True
CUST_09413,18-24,Female,True
CUST_09414,35-44,Male,True
CUST_09415,35-44,Non-binary,True
CUST_09416,18-24,Male,True
CUST_09417,25-34,Non-binary,True
CUST_09418,45-54,Male,True
CUST_09419,45-54,Non-binary,True
CUST_09420,35-44,Female,True
CUST_09421,35-44,Male,False
CUST_09422,35-44,Female,True
CUST_09423,45-54,Female,True
CUST_09424,25-34,Female,True
CUST_09425,25-34,Female,True
CUST_09426,55+,Female,True
CUST_09427,45-54,Male,True
CUST_09428,18-24,Male,True
CUST_09429,35-44,Female,True
CUST_09430,35-44,Female,True
CUST_09431,45-54,Female,True
CUST_09432,45-54,Male,True
CUST_09433,35-44,Female,True
CUST_09434,55+,Female,True
CUST_09435,18-24,Male,False
CUST_09436,25-34,Female,True
CUST_09437,25-34,"Prefer not to say",True
CUST_09438,55+,Female,True
CUST_09439,45-54,Female,True
CUST_09440,25-34,Female,True
CUST_09441,45-54,Female,True
CUST_09442,25-34,Female,True
CUST_09443,18-24,Female,True
CUST_09444,35-44,Male,True
CUST_09445,35-44,Female,True
CUST_09446,45-54,Male,True
CUST_09447,18-24,Male,True
CUST_09448,55+,Female,True
CUST_09449,35-44,Male,True
CUST_09450,55+,Female,True
CUST_09451,45-54,Male,True
CUST_09452,45-54,Female,True
CUST_09453,45-54,Female,True
CUST_09454,35-44,Female,True
CUST_09455,45-54,Male,True
CUST_09456,35-44,Male,True
CUST_09457,18-24,Female,True
CUST_09458,55+,Female,True
CUST_09459,25-34,Female,True
CUST_09460,18-24,Female,True
CUST_09461,25-34,Female,True
CUST_09462,45-54,Female,True
CUST_09463,25-34,Female,True
CUST_09464,45-54,Female,True
CUST_09465,18-24,Female,True
CUST_09466,18-24,Female,True
CUST_09467,18-24,Male,True
CUST_09468,35-44,Male,True
CUST_09469,55+,Female,True
CUST_09470,45-54,"Prefer not to say",True
CUST_09471,25-34,Female,True
CUST_09472,25-34,Male,True
CUST_09473,35-44,Male,True
CUST_09474,18-24,Female,True
CUST_09475,45-54,Female,True
CUST_09476,45-54,Female,True
CUST_09477,18-24,Male,True
CUST_09478,45-54,Male,True
CUST_09479,35-44,Male,True
CUST_09480,18-24,Male,True
CUST_09481,35-44,Female,True
CUST_09482,25-34,Male,True
CUST_09483,25-34,Non-binary,True
CUST_09484,18-24,Female,True
CUST_09485,35-44,Female,True
CUST_09486,35-44,Male,True
CUST_09487,25-34,Female,True
CUST_09488,35-44,Female,True
CUST_09489,35-44,"Prefer not to say",True
CUST_09490,55+,Female,True
CUST_09491,25-34,Male,True
CUST_09492,55+,Female,True
CUST_09493,25-34,Female,True
CUST_09494,45-54,Female,True
CUST_09495,25-34,Female,True
CUST_09496,18-24,Male,True
CUST_09497,45-54,Male,True
CUST_09498,25-34,Male,True
CUST_09499,35-44,Male,True
CUST_09500,18-24,Female,True
CUST_09501,25-34,Female,True
CUST_09502,25-34,Female,True
CUST_09503,35-44,Male,False
CUST_09504,45-54,Male,True
CUST_09505,18-24,Non-binary,False
CUST_09506,25-34,Female,True
CUST_09507,25-34,Male,True
CUST_09508,18-24,Female,True
CUST_09509,25-34,Male,True
CUST_09510,18-24,"Prefer not to say",True
CUST_09511,25-34,Non-binary,True
CUST_09512,35-44,Male,True
CUST_09513,35-44,Female,True
CUST_09514,55+,Male,True
CUST_09515,25-34,"Prefer not to say",True
CUST_09516,55+,Male,False
CUST_09517,35-44,Female,True
CUST_09518,18-24,"Prefer not to say",True
CUST_09519,18-24,Male,True
CUST_09520,25-34,Male,True
CUST_09521,55+,Female,True
CUST_09522,18-24,Female,True
CUST_09523,35-44,Female,True
CUST_09524,35-44,Female,True
CUST_09525,35-44,Female,True
CUST_09526,55+,Female,True
CUST_09527,35-44,Male,True
CUST_09528,25-34,Male,True
CUST_09529,45-54,Non-binary,False
CUST_09530,45-54,Female,True
CUST_09531,35-44,Male,True
CUST_09532,18-24,Female,True
CUST_09533,45-54,Male,True
CUST_09534,35-44,Female,True
CUST_09535,25-34,Male,True
CUST_09536,55+,Male,True
CUST_09537,35-44,Female,True
CUST_09538,45-54,Female,True
CUST_09539,45-54,Male,True
CUST_09540,25-34,Female,True
CUST_09541,45-54,Male,True
CUST_09542,55+,Female,True
CUST_09543,55+,"Prefer not to say",True
CUST_09544,45-54,Female,True
CUST_09545,45-54,Female,True
CUST_09546,45-54,Female,False
CUST_09547,18-24,Male,True
CUST_09548,25-34,Female,True
CUST_09549,35-44,Male,True
CUST_09550,25-34,Female,True
CUST_09551,25-34,Female,True
CUST_09552,55+,Male,True
CUST_09553,25-34,Male,True
CUST_09554,45-54,Male,True
CUST_09555,45-54,Male,True
CUST_09556,35-44,Female,True
CUST_09557,35-44,Male,True
CUST_09558,55+,Male,True
CUST_09559,45-54,Female,True
CUST_09560,55+,Male,True
CUST_09561,18-24,Male,True
CUST_09562,25-34,Male,True
CUST_09563,18-24,Male,True
CUST_09564,35-44,Male,True
CUST_09565,45-54,Female,True
CUST_09566,35-44,Female,True
CUST_09567,25-34,Female,True
CUST_09568,18-24,Female,True
CUST_09569,18-24,Male,True
CUST_09570,35-44,Female,True
CUST_09571,45-54,Male,True
CUST_09572,35-44,Male,True
CUST_09573,25-34,Female,True
CUST_09574,45-54,Female,True
CUST_09575,18-24,Female,True
CUST_09576,35-44,Male,True
CUST_09577,35-44,Male,True
CUST_09578,45-54,Female,True
CUST_09579,25-34,Female,True
CUST_09580,35-44,Female,True
CUST_09581,35-44,"Prefer not to say",True
CUST_09582,45-54,Female,True
CUST_09583,25-34,Male,True
CUST_09584,18-24,Female,True
CUST_09585,25-34,Male,True
CUST_09586,25-34,Male,True
CUST_09587,45-54,Female,False
CUST_09588,25-34,Male,True
CUST_09589,18-24,Female,True
CUST_09590,18-24,Male,True
CUST_09591,25-34,Male,True
CUST_09592,35-44,Male,True
CUST_09593,25-34,Male,True
CUST_09594,25-34,Female,True
CUST_09595,18-24,Non-binary,True
CUST_09596,18-24,Male,True
CUST_09597,35-44,Female,True
CUST_09598,25-34,Female,True
CUST_09599,25-34,Male,True
CUST_09600,35-44,Male,True
CUST_09601,55+,Female,True
CUST_09602,18-24,Female,True
CUST_09603,35-44,Male,True
CUST_09604,18-24,Male,True
CUST_09605,25-34,Female,True
CUST_09606,55+,Male,True
CUST_09607,25-34,Female,False
CUST_09608,18-24,Female,True
CUST_09609,18-24,Female,True
CUST_09610,18-24,Male,True
CUST_09611,35-44,Male,True
CUST_09612,18-24,Female,True
CUST_09613,45-54,Female,True
CUST_09614,25-34,Male,True
CUST_09615,18-24,Female,True
CUST_09616,25-34,Non-binary,True
CUST_09617,45-54,Female,True
CUST_09618,45-54,"Prefer not to say",True
CUST_09619,18-24,Male,True
CUST_09620,45-54,"Prefer not to say",True
CUST_09621,25-34,Male,True
CUST_09622,25-34,Male,True
CUST_09623,18-24,"Prefer not to say",True
CUST_09624,45-54,Female,True
CUST_09625,25-34,Female,True
CUST_09626,55+,Male,True
CUST_09627,18-24,Female,True
CUST_09628,18-24,Male,True
CUST_09629,25-34,Female,True
CUST_09630,45-54,Male,True
CUST_09631,35-44,Non-binary,True
CUST_09632,35-44,Female,True
CUST_09633,25-34,Female,True
CUST_09634,45-54,Female,True
CUST_09635,18-24,Female,True
CUST_09636,25-34,Male,True
CUST_09637,35-44,Male,True
CUST_09638,18-24,Non-binary,True
CUST_09639,25-34,Male,True
CUST_09640,25-34,Female,True
CUST_09641,35-44,Male,True
CUST_09642,55+,Male,True
CUST_09643,55+,Female,False
CUST_09644,25-34,Female,True
CUST_09645,18-24,Male,True
CUST_09646,18-24,Female,True
CUST_09647,18-24,"Prefer not to say",True
CUST_09648,35-44,Non-binary,True
CUST_09649,18-24,Female,True
CUST_09650,35-44,Male,False
CUST_09651,45-54,Male,True
CUST_09652,35-44,Female,True
CUST_09653,25-34,Female,True
CUST_09654,25-34,Female,True
CUST_09655,55+,Female,True
CUST_09656,18-24,Female,True
CUST_09657,55+,Non-binary,True
CUST_09658,35-44,Male,True
CUST_09659,25-34,Male,True
CUST_09660,35-44,Male,True
CUST_09661,35-44,"Prefer not to say",False
CUST_09662,55+,Male,True
CUST_09663,18-24,Male,True
CUST_09664,45-54,Male,True
CUST_09665,25-34,Male,True
CUST_09666,25-34,Female,True
CUST_09667,45-54,Non-binary,True
CUST_09668,45-54,Non-binary,True
CUST_09669,25-34,Female,True
CUST_09670,35-44,Male,True
CUST_09671,18-24,Male,True
CUST_09672,25-34,Female,True
CUST_09673,35-44,Male,True
CUST_09674,55+,Male,True
CUST_09675,18-24,Male,True
CUST_09676,55+,Male,True
CUST_09677,25-34,Male,True
CUST_09678,35-44,Male,True
CUST_09679,18-24,Male,True
CUST_09680,35-44,Female,True
CUST_09681,55+,Male,True
CUST_09682,18-24,Non-binary,True
CUST_09683,18-24,Male,True
CUST_09684,25-34,Male,True
CUST_09685,18-24,Female,True
CUST_09686,25-34,Male,True
CUST_09687,35-44,Male,True
CUST_09688,25-34,Male,True
CUST_09689,18-24,Female,False
CUST_09690,35-44,Female,True
CUST_09691,55+,Male,True
CUST_09692,18-24,Female,True
CUST_09693,18-24,"Prefer not to say",True
CUST_09694,45-54,Male,True
CUST_09695,45-54,Female,True
CUST_09696,45-54,Male,True
CUST_09697,25-34,Non-binary,True
CUST_09698,35-44,Female,True
CUST_09699,35-44,Female,True
CUST_09700,35-44,Female,True
CUST_09701,35-44,Male,True
CUST_09702,35-44,Female,True
CUST_09703,25-34,"Prefer not to say",True
CUST_09704,55+,Non-binary,True
CUST_09705,45-54,Female,True
CUST_09706,25-34,Male,True
CUST_09707,25-34,Male,True
CUST_09708,55+,Female,True
CUST_09709,55+,Female,True
CUST_09710,35-44,Male,True
CUST_09711,18-24,Male,True
CUST_09712,45-54,"Prefer not to say",True
CUST_09713,18-24,Male,False
CUST_09714,45-54,Male,True
CUST_09715,35-44,Female,True
CUST_09716,25-34,Male,True
CUST_09717,35-44,Female,True
CUST_09718,55+,Male,False
CUST_09719,55+,Male,True
CUST_09720,25-34,Female,True
CUST_09721,18-24,Male,True
CUST_09722,25-34,Male,True
CUST_09723,25-34,Male,True
CUST_09724,25-34,Non-binary,True
CUST_09725,35-44,Male,True
CUST_09726,35-44,Female,True
CUST_09727,45-54,Male,True
CUST_09728,18-24,Male,True
CUST_09729,18-24,Male,True
CUST_09730,45-54,Female,True
CUST_09731,45-54,Female,True
CUST_09732,35-44,Male,True
CUST_09733,35-44,Non-binary,True
CUST_09734,35-44,Female,True
CUST_09735,35-44,Female,True
CUST_09736,55+,Male,False
CUST_09737,45-54,Male,True
CUST_09738,35-44,Female,True
CUST_09739,18-24,Male,True
CUST_09740,25-34,Male,True
CUST_09741,25-34,Non-binary,True
CUST_09742,35-44,Male,True
CUST_09743,25-34,"Prefer not to say",True
CUST_09744,25-34,"Prefer not to say",False
CUST_09745,18-24,Male,True
CUST_09746,18-24,Male,True
CUST_09747,45-54,"Prefer not to say",True
CUST_09748,35-44,Male,True
CUST_09749,35-44,Female,True
CUST_09750,55+,Female,True
CUST_09751,45-54,"Prefer not to say",True
CUST_09752,25-34,Male,True
CUST_09753,35-44,Female,True
CUST_09754,18-24,Male,True
CUST_09755,25-34,Male,True
CUST_09756,18-24,Male,True
CUST_09757,18-24,Male,True
CUST_09758,35-44,Female,False
CUST_09759,25-34,Male,True
CUST_09760,35-44,Female,True
CUST_09761,18-24,"Prefer not to say",True
CUST_09762,18-24,Female,True
CUST_09763,55+,Male,True
CUST_09764,25-34,Male,True
CUST_09765,35-44,Male,True
CUST_09766,35-44,Male,True
CUST_09767,25-34,Male,True
CUST_09768,45-54,Male,True
CUST_09769,45-54,Female,True
CUST_09770,55+,Female,True
CUST_09771,25-34,Female,True
CUST_09772,55+,Male,True
CUST_09773,18-24,Male,False
CUST_09774,25-34,"Prefer not to say",True
CUST_09775,45-54,Male,True
CUST_09776,45-54,Male,False
CUST_09777,35-44,Male,True
CUST_09778,18-24,Female,True
CUST_09779,35-44,Female,True
CUST_09780,25-34,Female,True
CUST_09781,25-34,Male,True
CUST_09782,25-34,Female,True
CUST_09783,25-34,Female,True
CUST_09784,25-34,Male,True
CUST_09785,55+,Female,True
CUST_09786,35-44,Male,True
CUST_09787,25-34,"Prefer not to say",True
CUST_09788,25-34,"Prefer not to say",True
CUST_09789,35-44,Female,True
CUST_09790,35-44,Male,True
CUST_09791,25-34,Female,True
CUST_09792,25-34,Male,True
CUST_09793,18-24,"Prefer not to say",True
CUST_09794,55+,Female,True
CUST_09795,25-34,"Prefer not to say",True
CUST_09796,45-54,Male,True
CUST_09797,45-54,Male,True
CUST_09798,35-44,Female,True
CUST_09799,45-54,Female,False
CUST_09800,35-44,Female,False
CUST_09801,25-34,Male,True
CUST_09802,55+,Male,True
CUST_09803,35-44,Female,False
CUST_09804,25-34,Male,True
CUST_09805,18-24,Male,True
CUST_09806,45-54,Female,True
CUST_09807,25-34,Male,True
CUST_09808,25-34,Female,True
CUST_09809,25-34,Male,True
CUST_09810,18-24,Male,True
CUST_09811,45-54,Male,True
CUST_09812,25-34,Female,True
CUST_09813,25-34,Male,True
CUST_09814,35-44,Male,True
CUST_09815,55+,Female,False
CUST_09816,25-34,Male,True
CUST_09817,45-54,Female,True
CUST_09818,18-24,Female,True
CUST_09819,25-34,Male,False
CUST_09820,35-44,Female,True
CUST_09821,25-34,Male,True
CUST_09822,35-44,Male,True
CUST_09823,25-34,Female,True
CUST_09824,45-54,Female,True
CUST_09825,45-54,Female,True
CUST_09826,35-44,Female,True
CUST_09827,25-34,Female,True
CUST_09828,35-44,"Prefer not to say",True
CUST_09829,25-34,Female,True
CUST_09830,18-24,Female,True
CUST_09831,45-54,"Prefer not to say",True
CUST_09832,18-24,Male,True
CUST_09833,45-54,Male,False
CUST_09834,35-44,Male,True
CUST_09835,45-54,Male,True
CUST_09836,45-54,Male,True
CUST_09837,25-34,Male,False
CUST_09838,35-44,Female,True
CUST_09839,18-24,Non-binary,True
CUST_09840,25-34,Male,True
CUST_09841,35-44,Female,True
CUST_09842,25-34,"Prefer not to say",True
CUST_09843,25-34,Male,True
CUST_09844,35-44,Male,False
CUST_09845,25-34,Female,True
CUST_09846,35-44,Non-binary,True
CUST_09847,18-24,Male,True
CUST_09848,25-34,Non-binary,True
CUST_09849,25-34,Non-binary,True
CUST_09850,25-34,Male,True
CUST_09851,18-24,Female,True
CUST_09852,35-44,Female,True
CUST_09853,25-34,Female,True
CUST_09854,25-34,Female,True
CUST_09855,18-24,Female,True
CUST_09856,25-34,Non-binary,True
CUST_09857,45-54,Non-binary,True
CUST_09858,35-44,Female,True
CUST_09859,45-54,Male,True
CUST_09860,35-44,Male,True
CUST_09861,35-44,Female,True
CUST_09862,35-44,Female,True
CUST_09863,25-34,Male,True
CUST_09864,18-24,Male,True
CUST_09865,25-34,Male,True
CUST_09866,25-34,Female,True
CUST_09867,35-44,Male,True
CUST_09868,55+,Female,True
CUST_09869,35-44,Female,True
CUST_09870,35-44,Male,False
CUST_09871,18-24,Female,True
CUST_09872,45-54,Female,True
CUST_09873,25-34,Non-binary,True
CUST_09874,18-24,Male,True
CUST_09875,35-44,Male,True
CUST_09876,35-44,"Prefer not to say",True
CUST_09877,18-24,Female,True
CUST_09878,35-44,Female,True
CUST_09879,35-44,"Prefer not to say",True
CUST_09880,25-34,Female,True
CUST_09881,18-24,Male,True
CUST_09882,25-34,Male,True
CUST_09883,25-34,Male,True
CUST_09884,45-54,Female,True
CUST_09885,18-24,Female,True
CUST_09886,35-44,Female,True
CUST_09887,35-44,Male,True
CUST_09888,25-34,Female,True
CUST_09889,35-44,Male,True
CUST_09890,35-44,Female,True
CUST_09891,25-34,Female,True
CUST_09892,18-24,Female,True
CUST_09893,55+,Male,False
CUST_09894,45-54,Male,False
CUST_09895,18-24,"Prefer not to say",True
CUST_09896,35-44,Female,True
CUST_09897,35-44,Female,True
CUST_09898,25-34,Female,True
CUST_09899,18-24,Female,True
CUST_09900,35-44,Male,True
CUST_09901,25-34,Female,True
CUST_09902,25-34,Female,True
CUST_09903,55+,Male,True
CUST_09904,35-44,Female,True
CUST_09905,18-24,Male,True
CUST_09906,35-44,Female,True
CUST_09907,45-54,Female,True
CUST_09908,25-34,Male,True
CUST_09909,55+,Male,True
CUST_09910,25-34,"Prefer not to say",True
CUST_09911,55+,Female,True
CUST_09912,45-54,Female,True
CUST_09913,18-24,Female,True
CUST_09914,35-44,Female,True
CUST_09915,35-44,Female,True
CUST_09916,35-44,Male,True
CUST_09917,45-54,Female,True
CUST_09918,25-34,Male,True
CUST_09919,55+,Female,True
CUST_09920,35-44,Female,True
CUST_09921,45-54,Male,True
CUST_09922,25-34,Male,True
CUST_09923,25-34,Male,True
CUST_09924,25-34,Male,True
CUST_09925,45-54,Female,True
CUST_09926,25-34,Male,True
CUST_09927,35-44,Male,True
CUST_09928,35-44,Non-binary,True
CUST_09929,45-54,Male,False
CUST_09930,35-44,Male,True
CUST_09931,25-34,Female,True
CUST_09932,45-54,Male,True
CUST_09933,25-34,Male,False
CUST_09934,55+,Female,True
CUST_09935,45-54,Female,False
CUST_09936,25-34,"Prefer not to say",True
CUST_09937,25-34,Male,True
CUST_09938,25-34,Female,True
CUST_09939,55+,Male,True
CUST_09940,35-44,Male,True
CUST_09941,25-34,Female,True
CUST_09942,45-54,Male,True
CUST_09943,35-44,Female,True
CUST_09944,25-34,Male,True
CUST_09945,25-34,Male,True
CUST_09946,45-54,Female,True
CUST_09947,45-54,Female,True
CUST_09948,25-34,Male,True
CUST_09949,25-34,Male,True
CUST_09950,45-54,Male,True
CUST_09951,35-44,"Prefer not to say",True
CUST_09952,45-54,Male,True
CUST_09953,25-34,Male,True
CUST_09954,25-34,Male,True
CUST_09955,18-24,Male,True
CUST_09956,45-54,Female,True
CUST_09957,25-34,Female,True
CUST_09958,45-54,Female,True
CUST_09959,55+,Female,False
CUST_09960,25-34,Female,True
CUST_09961,25-34,Female,True
CUST_09962,25-34,Male,True
CUST_09963,18-24,Male,True
CUST_09964,25-34,Female,True
CUST_09965,45-54,Female,True
CUST_09966,25-34,Female,True
CUST_09967,18-24,Male,True
CUST_09968,35-44,Male,False
CUST_09969,45-54,Male,True
CUST_09970,35-44,"Prefer not to say",True
CUST_09971,45-54,Male,True
CUST_09972,35-44,Male,True
CUST_09973,18-24,Male,True
CUST_09974,25-34,Male,True
CUST_09975,35-44,Male,True
CUST_09976,25-34,Female,True
CUST_09977,18-24,Female,True
CUST_09978,25-34,Male,True
CUST_09979,35-44,"Prefer not to say",True
CUST_09980,25-34,Male,True
CUST_09981,18-24,Female,True
CUST_09982,25-34,Female,True
CUST_09983,35-44,Female,True
CUST_09984,35-44,Male,True
CUST_09985,35-44,Male,True
CUST_09986,25-34,Non-binary,True
CUST_09987,35-44,Male,True
CUST_09988,35-44,Male,True
CUST_09989,35-44,Female,True
CUST_09990,45-54,Male,True
CUST_09991,25-34,Male,True
CUST_09992,35-44,Female,True
CUST_09993,45-54,Female,True
CUST_09994,35-44,Female,True
CUST_09995,55+,Male,True
CUST_09996,45-54,Male,True
CUST_09997,25-34,Male,True
CUST_09998,18-24,Female,True
CUST_09999,25-34,Female,True
CUST_10000,35-44,Female,True
CUST_10001,45-54,Female,True
CUST_10002,25-34,Male,True
CUST_10003,25-34,Male,True
CUST_10004,35-44,Male,True
CUST_10005,45-54,Female,True
CUST_10006,18-24,Male,True
CUST_10007,25-34,Male,False
CUST_10008,45-54,Female,True
CUST_10009,25-34,Male,True
CUST_10010,18-24,Non-binary,True
CUST_10011,18-24,Male,True
CUST_10012,45-54,Female,True
CUST_10013,45-54,Female,True
CUST_10014,25-34,Female,True
CUST_10015,55+,Male,False
CUST_10016,18-24,Female,True
CUST_10017,18-24,Female,True
CUST_10018,25-34,Male,True
CUST_10019,45-54,Male,True
CUST_10020,35-44,Male,True
CUST_10021,18-24,Male,True
CUST_10022,25-34,Female,True
CUST_10023,25-34,Female,True
CUST_10024,18-24,Male,True
CUST_10025,18-24,Male,True
CUST_10026,55+,Female,True
CUST_10027,35-44,Male,True
CUST_10028,55+,Male,True
CUST_10029,35-44,Male,True
CUST_10030,45-54,Male,True
CUST_10031,35-44,Female,True
CUST_10032,25-34,Female,False
CUST_10033,45-54,Non-binary,True
CUST_10034,45-54,Male,True
CUST_10035,55+,Male,True
CUST_10036,45-54,Female,True
CUST_10037,35-44,Non-binary,True
CUST_10038,25-34,Male,True
CUST_10039,18-24,Female,True
CUST_10040,18-24,Non-binary,True
CUST_10041,25-34,Male,True
CUST_10042,18-24,Female,True
CUST_10043,18-24,Male,True
CUST_10044,25-34,"Prefer not to say",True
CUST_10045,55+,Male,True
CUST_10046,25-34,Female,True
CUST_10047,35-44,Female,False
CUST_10048,25-34,Male,True
CUST_10049,45-54,Female,True
CUST_10050,35-44,"Prefer not to say",True
CUST_10051,25-34,Female,True
CUST_10052,25-34,Female,True
CUST_10053,18-24,Female,True
CUST_10054,55+,Female,True
CUST_10055,35-44,Male,True
CUST_10056,45-54,Male,True
CUST_10057,25-34,Male,False
CUST_10058,18-24,"Prefer not to say",True
CUST_10059,35-44,Male,True
CUST_10060,18-24,Male,True
CUST_10061,25-34,Male,True
CUST_10062,25-34,Male,True
CUST_10063,45-54,Female,True
CUST_10064,25-34,"Prefer not to say",True
CUST_10065,35-44,Male,True
CUST_10066,35-44,Female,True
CUST_10067,18-24,Female,True
CUST_10068,35-44,Female,True
CUST_10069,25-34,Male,True
CUST_10070,35-44,"Prefer not to say",True
CUST_10071,45-54,Female,True
CUST_10072,18-24,Male,True
CUST_10073,18-24,Female,True
CUST_10074,18-24,"Prefer not to say",True
CUST_10075,45-54,Female,True
CUST_10076,18-24,Female,False
CUST_10077,55+,Female,True
CUST_10078,55+,Female,True
CUST_10079,25-34,Male,True
CUST_10080,25-34,Female,True
CUST_10081,18-24,Male,True
CUST_10082,45-54,Male,True
CUST_10083,18-24,Male,True
CUST_10084,18-24,Male,True
CUST_10085,25-34,Male,True
CUST_10086,45-54,Non-binary,True
CUST_10087,45-54,Male,True
CUST_10088,55+,Male,False
CUST_10089,45-54,Male,True
CUST_10090,25-34,Male,True
CUST_10091,35-44,Female,True
CUST_10092,25-34,Male,True
CUST_10093,35-44,Female,True
CUST_10094,35-44,Female,True
CUST_10095,25-34,Male,True
CUST_10096,45-54,Male,True
CUST_10097,18-24,Female,True
CUST_10098,25-34,Male,True
CUST_10099,25-34,Male,True
CUST_10100,35-44,Male,True
CUST_10101,35-44,Female,True
CUST_10102,35-44,Male,True
CUST_10103,45-54,Female,True
CUST_10104,45-54,Male,True
CUST_10105,45-54,Male,True
CUST_10106,45-54,Female,True
CUST_10107,25-34,Non-binary,True
CUST_10108,35-44,Female,True
CUST_10109,55+,Male,True
CUST_10110,25-34,Female,True
CUST_10111,18-24,Female,True
CUST_10112,25-34,Male,True
CUST_10113,18-24,Non-binary,True
CUST_10114,25-34,Female,True
CUST_10115,45-54,Female,True
CUST_10116,35-44,Non-binary,True
CUST_10117,25-34,"Prefer not to say",True
CUST_10118,18-24,Male,True
CUST_10119,25-34,Male,True
CUST_10120,25-34,Female,True
CUST_10121,25-34,Male,True
CUST_10122,55+,Female,True
CUST_10123,25-34,Male,True
CUST_10124,35-44,Female,True
CUST_10125,55+,Male,True
CUST_10126,18-24,Non-binary,True
CUST_10127,35-44,Female,True
CUST_10128,25-34,Male,True
CUST_10129,45-54,Male,True
CUST_10130,35-44,Male,True
CUST_10131,35-44,Female,True
CUST_10132,25-34,Female,True
CUST_10133,25-34,Male,True
CUST_10134,35-44,Male,True
CUST_10135,35-44,Female,True
CUST_10136,25-34,Male,True
CUST_10137,25-34,Female,True
CUST_10138,18-24,Female,True
CUST_10139,18-24,Male,True
CUST_10140,45-54,Female,True
CUST_10141,25-34,Non-binary,True
CUST_10142,25-34,Male,True
CUST_10143,25-34,"Prefer not to say",False
CUST_10144,25-34,Female,True
CUST_10145,45-54,Male,True
CUST_10146,18-24,Female,True
CUST_10147,35-44,Male,True
CUST_10148,45-54,Male,True
CUST_10149,55+,Female,True
CUST_10150,35-44,Female,True
CUST_10151,55+,Male,True
CUST_10152,35-44,Female,True
CUST_10153,25-34,Female,True
CUST_10154,45-54,Male,True
CUST_10155,25-34,Male,True
CUST_10156,18-24,Female,True
CUST_10157,35-44,Male,True
CUST_10158,25-34,Female,True
CUST_10159,18-24,Male,True
CUST_10160,35-44,Female,True
CUST_10161,55+,Male,True
CUST_10162,45-54,Male,True
CUST_10163,35-44,Female,True
CUST_10164,35-44,Female,True
CUST_10165,45-54,Female,True
CUST_10166,55+,Male,True
CUST_10167,25-34,Female,True
CUST_10168,18-24,Female,True
CUST_10169,18-24,Female,True
CUST_10170,25-34,Male,True
CUST_10171,35-44,Male,True
CUST_10172,25-34,Male,True
CUST_10173,45-54,Female,True
CUST_10174,35-44,Male,True
CUST_10175,35-44,Male,True
CUST_10176,18-24,Male,True
CUST_10177,25-34,Female,True
CUST_10178,35-44,Male,True
CUST_10179,45-54,Non-binary,True
CUST_10180,25-34,Female,True
CUST_10181,55+,Male,True
CUST_10182,35-44,Male,True
CUST_10183,45-54,Female,True
CUST_10184,35-44,Male,True
CUST_10185,55+,Female,True
CUST_10186,25-34,Male,True
CUST_10187,25-34,Female,True
CUST_10188,35-44,Female,True
CUST_10189,35-44,Female,True
CUST_10190,25-34,Female,True
CUST_10191,25-34,Male,True
CUST_10192,25-34,Male,True
CUST_10193,45-54,Male,True
CUST_10194,45-54,"Prefer not to say",True
CUST_10195,25-34,Male,True
CUST_10196,18-24,Female,True
CUST_10197,35-44,Male,True
CUST_10198,25-34,Male,True
CUST_10199,35-44,Male,True
CUST_10200,25-34,Male,True
CUST_10201,25-34,Female,True
CUST_10202,18-24,Male,True
CUST_10203,25-34,Male,True
CUST_10204,35-44,Male,True
CUST_10205,18-24,Male,True
CUST_10206,55+,Non-binary,True
CUST_10207,18-24,Female,True
CUST_10208,18-24,Male,True
CUST_10209,25-34,Non-binary,True
CUST_10210,35-44,Female,True
CUST_10211,18-24,"Prefer not to say",True
CUST_10212,45-54,Male,True
CUST_10213,25-34,Female,True
CUST_10214,55+,Male,True
CUST_10215,35-44,Male,True
CUST_10216,18-24,Male,True
CUST_10217,18-24,Female,True
CUST_10218,35-44,Female,False
CUST_10219,35-44,Male,True
CUST_10220,45-54,Male,True
CUST_10221,25-34,Male,True
CUST_10222,55+,Female,True
CUST_10223,25-34,Male,True
CUST_10224,25-34,Male,True
CUST_10225,25-34,Male,True
CUST_10226,25-34,Female,True
CUST_10227,25-34,Non-binary,True
CUST_10228,18-24,Male,True
CUST_10229,25-34,Female,True
CUST_10230,35-44,Female,True
CUST_10231,25-34,Non-binary,True
CUST_10232,18-24,Female,True
CUST_10233,25-34,Male,True
CUST_10234,25-34,Female,True
CUST_10235,18-24,Male,True
CUST_10236,25-34,Male,True
CUST_10237,25-34,Male,True
CUST_10238,35-44,Male,True
CUST_10239,55+,Female,True
CUST_10240,25-34,Female,True
CUST_10241,18-24,Male,True
CUST_10242,18-24,Female,True
CUST_10243,25-34,Male,True
CUST_10244,25-34,Female,True
CUST_10245,18-24,Female,True
CUST_10246,25-34,Male,True
CUST_10247,45-54,Female,True
CUST_10248,35-44,Male,True
CUST_10249,25-34,Female,True
CUST_10250,55+,Male,True
CUST_10251,45-54,Female,True
CUST_10252,25-34,Male,True
CUST_10253,45-54,Male,True
CUST_10254,35-44,Male,True
CUST_10255,35-44,Male,True
CUST_10256,35-44,Female,True
CUST_10257,25-34,Female,True
CUST_10258,55+,Male,True
CUST_10259,25-34,Female,True
CUST_10260,25-34,Female,True
CUST_10261,25-34,Non-binary,True
CUST_10262,18-24,Male,True
CUST_10263,25-34,Male,True
CUST_10264,35-44,Male,True
CUST_10265,45-54,Female,True
CUST_10266,25-34,Female,True
CUST_10267,25-34,Male,True
CUST_10268,25-34,Female,True
CUST_10269,35-44,Female,True
CUST_10270,25-34,Female,True
CUST_10271,55+,Female,False
CUST_10272,25-34,Female,True
CUST_10273,25-34,Male,False
CUST_10274,35-44,Female,True
CUST_10275,35-44,Female,True
CUST_10276,45-54,Male,True
CUST_10277,25-34,Female,True
CUST_10278,35-44,Male,True
CUST_10279,25-34,Female,True
CUST_10280,45-54,"Prefer not to say",True
CUST_10281,18-24,Female,True
CUST_10282,45-54,Male,True
CUST_10283,25-34,Female,True
CUST_10284,35-44,Male,True
CUST_10285,18-24,Female,True
CUST_10286,55+,Male,True
CUST_10287,45-54,Male,True
CUST_10288,35-44,Male,True
CUST_10289,35-44,Female,True
CUST_10290,45-54,Male,True
CUST_10291,25-34,Male,True
CUST_10292,25-34,Female,True
CUST_10293,18-24,Female,True
CUST_10294,25-34,Male,True
CUST_10295,25-34,Male,True
CUST_10296,35-44,Male,True
CUST_10297,25-34,Female,True
CUST_10298,35-44,Male,True
CUST_10299,25-34,Female,True
CUST_10300,45-54,Male,True
CUST_10301,55+,Male,True
CUST_10302,18-24,Male,True
CUST_10303,45-54,Non-binary,True
CUST_10304,35-44,Female,True
CUST_10305,35-44,Female,True
CUST_10306,25-34,Female,True
CUST_10307,25-34,Male,True
CUST_10308,45-54,Female,True
CUST_10309,45-54,Male,True
CUST_10310,25-34,Male,True
CUST_10311,25-34,Male,True
CUST_10312,45-54,Female,True
CUST_10313,35-44,Female,True
CUST_10314,35-44,Female,True
CUST_10315,25-34,Female,True
CUST_10316,25-34,"Prefer not to say",True
CUST_10317,25-34,Male,True
CUST_10318,35-44,Male,True
CUST_10319,18-24,Female,True
CUST_10320,35-44,Male,True
CUST_10321,35-44,Female,True
CUST_10322,45-54,Female,True
CUST_10323,35-44,Male,True
CUST_10324,35-44,Male,True
CUST_10325,25-34,Male,True
CUST_10326,18-24,Male,True
CUST_10327,45-54,Female,True
CUST_10328,55+,Female,True
CUST_10329,18-24,Male,True
CUST_10330,45-54,Female,True
CUST_10331,45-54,Female,True
CUST_10332,35-44,Female,True
CUST_10333,35-44,Female,True
CUST_10334,18-24,Male,True
CUST_10335,18-24,Female,True
CUST_10336,55+,Female,True
CUST_10337,45-54,Male,True
CUST_10338,18-24,Female,True
CUST_10339,55+,Female,True
CUST_10340,45-54,Male,True
CUST_10341,25-34,Male,True
CUST_10342,25-34,Male,True
CUST_10343,35-44,Female,True
CUST_10344,35-44,Female,True
CUST_10345,55+,Male,True
CUST_10346,45-54,"Prefer not to say",True
CUST_10347,25-34,"Prefer not to say",True
CUST_10348,35-44,Male,True
CUST_10349,25-34,Female,True
CUST_10350,35-44,Male,True
CUST_10351,18-24,Male,True
CUST_10352,18-24,Female,True
CUST_10353,45-54,Male,True
CUST_10354,18-24,Male,True
CUST_10355,35-44,Male,True
CUST_10356,55+,Male,True
CUST_10357,55+,Female,True
CUST_10358,25-34,Female,True
CUST_10359,45-54,Female,True
CUST_10360,45-54,Female,True
CUST_10361,45-54,Male,True
CUST_10362,35-44,Male,True
CUST_10363,25-34,Female,True
CUST_10364,18-24,Female,True
CUST_10365,55+,Male,True
CUST_10366,25-34,Male,True
CUST_10367,45-54,Female,True
CUST_10368,45-54,Female,True
CUST_10369,55+,Male,True
CUST_10370,35-44,Male,True
CUST_10371,45-54,Non-binary,True
CUST_10372,35-44,Non-binary,True
CUST_10373,35-44,Male,True
CUST_10374,18-24,Non-binary,True
CUST_10375,45-54,Male,True
CUST_10376,18-24,Female,True
CUST_10377,18-24,Female,True
CUST_10378,18-24,Female,True
CUST_10379,25-34,Female,True
CUST_10380,35-44,Female,True
CUST_10381,45-54,"Prefer not to say",True
CUST_10382,18-24,Male,True
CUST_10383,18-24,Male,True
CUST_10384,55+,Female,True
CUST_10385,35-44,Female,True
CUST_10386,45-54,Female,True
CUST_10387,25-34,Non-binary,True
CUST_10388,35-44,Male,True
CUST_10389,18-24,Female,True
CUST_10390,35-44,Male,True
CUST_10391,35-44,Female,True
CUST_10392,25-34,Male,True
CUST_10393,18-24,Female,True
CUST_10394,25-34,Female,True
CUST_10395,18-24,Female,True
CUST_10396,45-54,Female,True
CUST_10397,18-24,Female,True
CUST_10398,25-34,Male,True
CUST_10399,18-24,Male,True
CUST_10400,18-24,Female,True
CUST_10401,25-34,Female,True
CUST_10402,45-54,"Prefer not to say",True
CUST_10403,25-34,Female,True
CUST_10404,45-54,Male,True
CUST_10405,25-34,Female,True
CUST_10406,25-34,Female,True
CUST_10407,35-44,Male,True
CUST_10408,35-44,Female,True
CUST_10409,25-34,Male,True
CUST_10410,18-24,Female,True
CUST_10411,25-34,Female,True
CUST_10412,35-44,Male,True
CUST_10413,35-44,Male,True
CUST_10414,25-34,Male,True
CUST_10415,18-24,Non-binary,True
CUST_10416,55+,Female,True
CUST_10417,25-34,Male,True
CUST_10418,55+,Female,True
CUST_10419,25-34,Female,True
CUST_10420,35-44,Male,True
CUST_10421,25-34,Female,True
CUST_10422,18-24,Non-binary,True
CUST_10423,25-34,Male,True
CUST_10424,18-24,Female,True
CUST_10425,35-44,Male,True
CUST_10426,25-34,Female,True
CUST_10427,25-34,Female,True
CUST_10428,18-24,Female,True
CUST_10429,25-34,Male,True
CUST_10430,55+,Female,False
CUST_10431,55+,Female,True
CUST_10432,45-54,Male,True
CUST_10433,45-54,Female,True
CUST_10434,18-24,Male,True
CUST_10435,35-44,Female,True
CUST_10436,25-34,Female,True
CUST_10437,25-34,Female,True
CUST_10438,25-34,"Prefer not to say",True
CUST_10439,55+,Male,True
CUST_10440,18-24,Male,True
CUST_10441,25-34,Female,True
CUST_10442,55+,Male,True
CUST_10443,35-44,Male,True
CUST_10444,35-44,Female,True
CUST_10445,25-34,Non-binary,True
CUST_10446,45-54,Non-binary,True
CUST_10447,18-24,Male,True
CUST_10448,25-34,Female,True
CUST_10449,25-34,Male,True
CUST_10450,25-34,Female,True
CUST_10451,18-24,Male,True
CUST_10452,18-24,Female,True
CUST_10453,55+,Female,True
CUST_10454,18-24,Female,True
CUST_10455,25-34,"Prefer not to say",True
CUST_10456,55+,Non-binary,True
CUST_10457,35-44,Male,True
CUST_10458,55+,Female,True
CUST_10459,55+,Female,True
CUST_10460,25-34,Female,True
CUST_10461,35-44,Female,True
CUST_10462,25-34,Female,True
CUST_10463,35-44,Female,True
CUST_10464,18-24,Non-binary,True
CUST_10465,25-34,Male,True
CUST_10466,25-34,Female,True
CUST_10467,18-24,Non-binary,True
CUST_10468,45-54,Female,True
CUST_10469,45-54,Male,True
CUST_10470,25-34,Female,True
CUST_10471,18-24,Female,True
CUST_10472,18-24,"Prefer not to say",True
CUST_10473,25-34,Male,True
CUST_10474,45-54,Male,True
CUST_10475,18-24,"Prefer not to say",True
CUST_10476,35-44,Non-binary,True
CUST_10477,18-24,Female,True
CUST_10478,35-44,Male,True
CUST_10479,45-54,Female,True
CUST_10480,35-44,Female,True
CUST_10481,45-54,Female,True
CUST_10482,35-44,Male,True
CUST_10483,18-24,Male,True
CUST_10484,45-54,Female,True
CUST_10485,18-24,Female,True
CUST_10486,35-44,Male,True
CUST_10487,35-44,Female,True
CUST_10488,35-44,Female,True
CUST_10489,25-34,Male,True
CUST_10490,45-54,Non-binary,True
CUST_10491,18-24,Non-binary,True
CUST_10492,25-34,"Prefer not to say",True
CUST_10493,35-44,Male,True
CUST_10494,18-24,Male,True
CUST_10495,25-34,Female,True
CUST_10496,25-34,Male,True
CUST_10497,35-44,Female,False
CUST_10498,35-44,Male,True
CUST_10499,55+,Male,False
CUST_10500,55+,Female,True
CUST_10501,55+,Female,True
CUST_10502,55+,"Prefer not to say",True
CUST_10503,18-24,"Prefer not to say",True
CUST_10504,25-34,Female,True
CUST_10505,45-54,Male,True
CUST_10506,35-44,Male,True
CUST_10507,55+,Male,True
CUST_10508,25-34,Male,True
CUST_10509,35-44,Female,True
CUST_10510,55+,Male,True
CUST_10511,45-54,Non-binary,True
CUST_10512,35-44,Female,True
CUST_10513,45-54,Male,True
CUST_10514,25-34,Non-binary,True
CUST_10515,25-34,Male,True
CUST_10516,18-24,Male,True
CUST_10517,18-24,Male,True
CUST_10518,35-44,Male,True
CUST_10519,25-34,Male,True
CUST_10520,25-34,Female,True
CUST_10521,35-44,Male,True
CUST_10522,55+,Male,True
CUST_10523,25-34,Male,True
CUST_10524,35-44,Female,True
CUST_10525,55+,Male,True
CUST_10526,25-34,Female,True
CUST_10527,45-54,Female,True
CUST_10528,18-24,Male,True
CUST_10529,25-34,Male,True
CUST_10530,18-24,Male,True
CUST_10531,18-24,Male,True
CUST_10532,55+,Male,True
CUST_10533,25-34,Female,True
CUST_10534,18-24,Male,True
CUST_10535,25-34,Male,True
CUST_10536,55+,Male,True
CUST_10537,18-24,Male,True
CUST_10538,55+,Non-binary,True
CUST_10539,45-54,Female,True
CUST_10540,25-34,Male,True
CUST_10541,45-54,Female,True
CUST_10542,45-54,Female,True
CUST_10543,55+,Female,True
CUST_10544,45-54,"Prefer not to say",True
CUST_10545,18-24,Female,True
CUST_10546,55+,Male,True
CUST_10547,35-44,Male,True
CUST_10548,25-34,Male,True
CUST_10549,55+,Male,True
CUST_10550,45-54,Female,True
CUST_10551,25-34,Male,True
CUST_10552,25-34,Female,True
CUST_10553,35-44,Female,True
CUST_10554,25-34,Female,True
CUST_10555,25-34,Female,True
CUST_10556,35-44,Female,True
CUST_10557,25-34,Female,True
CUST_10558,55+,Male,True
CUST_10559,25-34,Female,True
CUST_10560,18-24,Male,True
CUST_10561,25-34,Female,True
CUST_10562,18-24,Male,True
CUST_10563,45-54,Male,True
CUST_10564,25-34,Male,True
CUST_10565,45-54,Female,True
CUST_10566,45-54,Female,True
CUST_10567,18-24,Female,True
CUST_10568,18-24,Male,True
CUST_10569,25-34,Female,True
CUST_10570,45-54,Female,True
CUST_10571,18-24,Female,True
CUST_10572,55+,Female,True
CUST_10573,25-34,Non-binary,True
CUST_10574,35-44,Female,True
CUST_10575,18-24,Male,True
CUST_10576,35-44,Male,True
CUST_10577,25-34,Female,True
CUST_10578,25-34,"Prefer not to say",True
CUST_10579,25-34,Female,False
CUST_10580,35-44,Male,True
CUST_10581,25-34,Male,True
CUST_10582,35-44,Male,True
CUST_10583,18-24,Male,True
CUST_10584,55+,Male,True
CUST_10585,45-54,Female,True
CUST_10586,35-44,Male,True
CUST_10587,45-54,Male,True
CUST_10588,18-24,Female,True
CUST_10589,35-44,Female,True
CUST_10590,55+,Female,False
CUST_10591,18-24,Female,False
CUST_10592,18-24,Female,True
CUST_10593,18-24,Female,True
CUST_10594,45-54,Female,True
CUST_10595,55+,Female,True
CUST_10596,18-24,Male,True
CUST_10597,45-54,Male,True
CUST_10598,25-34,Male,True
CUST_10599,25-34,Male,True
CUST_10600,25-34,Male,True
CUST_10601,18-24,Male,True
CUST_10602,18-24,Male,True
CUST_10603,35-44,Male,True
CUST_10604,25-34,Female,True
CUST_10605,35-44,"Prefer not to say",True
CUST_10606,18-24,Male,True
CUST_10607,35-44,Female,True
CUST_10608,18-24,Female,True
CUST_10609,25-34,Female,True
CUST_10610,25-34,Female,True
CUST_10611,55+,Male,True
CUST_10612,35-44,Female,True
CUST_10613,45-54,Non-binary,True
CUST_10614,45-54,Male,True
CUST_10615,45-54,Male,True
CUST_10616,35-44,Female,True
CUST_10617,35-44,Female,True
CUST_10618,35-44,Male,True
CUST_10619,45-54,Female,True
CUST_10620,55+,Male,True
CUST_10621,25-34,Male,True
CUST_10622,35-44,Female,True
CUST_10623,55+,Male,True
CUST_10624,55+,Male,True
CUST_10625,25-34,Female,True
CUST_10626,25-34,Male,True
CUST_10627,25-34,Female,True
CUST_10628,25-34,Male,True
CUST_10629,25-34,Male,True
CUST_10630,25-34,Female,True
CUST_10631,25-34,Male,True
CUST_10632,25-34,Male,True
CUST_10633,18-24,Male,True
CUST_10634,35-44,Female,True
CUST_10635,18-24,Female,True
CUST_10636,25-34,Male,True
CUST_10637,35-44,Male,True
CUST_10638,45-54,Female,True
CUST_10639,35-44,"Prefer not to say",True
CUST_10640,18-24,Female,True
CUST_10641,35-44,Male,True
CUST_10642,18-24,Female,True
CUST_10643,25-34,Female,True
CUST_10644,45-54,Female,True
CUST_10645,25-34,Female,True
CUST_10646,35-44,Male,True
CUST_10647,18-24,Female,True
CUST_10648,18-24,Male,True
CUST_10649,18-24,Female,True
CUST_10650,25-34,Male,True
CUST_10651,55+,Male,True
CUST_10652,45-54,Female,True
CUST_10653,25-34,Male,True
CUST_10654,45-54,"Prefer not to say",True
CUST_10655,35-44,Male,True
CUST_10656,25-34,Female,True
CUST_10657,55+,Male,True
CUST_10658,25-34,Male,True
CUST_10659,35-44,Male,True
CUST_10660,18-24,Female,True
CUST_10661,35-44,Female,True
CUST_10662,25-34,Male,True
CUST_10663,25-34,Female,True
CUST_10664,45-54,Female,True
CUST_10665,25-34,Male,True
CUST_10666,45-54,Female,True
CUST_10667,35-44,Male,True
CUST_10668,25-34,Female,True
CUST_10669,25-34,Male,True
CUST_10670,18-24,"Prefer not to say",True
CUST_10671,25-34,Female,True
CUST_10672,45-54,Male,True
CUST_10673,25-34,Male,True
CUST_10674,25-34,Female,True
CUST_10675,18-24,Male,True
CUST_10676,55+,Male,False
CUST_10677,18-24,Female,True
CUST_10678,18-24,Female,True
CUST_10679,18-24,Male,True
CUST_10680,18-24,Male,True
CUST_10681,25-34,Female,True
CUST_10682,35-44,Male,True
CUST_10683,25-34,Male,True
CUST_10684,25-34,Male,True
CUST_10685,25-34,Male,True
CUST_10686,18-24,Male,True
CUST_10687,18-24,Male,True
CUST_10688,25-34,Male,True
CUST_10689,25-34,Female,True
CUST_10690,55+,Female,False
CUST_10691,25-34,Male,True
CUST_10692,45-54,Female,True
CUST_10693,55+,Female,True
CUST_10694,18-24,Female,True
CUST_10695,18-24,Non-binary,False
CUST_10696,18-24,Female,True
CUST_10697,35-44,Female,True
CUST_10698,25-34,"Prefer not to say",False
CUST_10699,55+,Female,True
CUST_10700,25-34,Male,True
CUST_10701,25-34,Female,True
CUST_10702,35-44,Male,True
CUST_10703,25-34,Female,True
CUST_10704,25-34,Female,True
CUST_10705,25-34,Female,True
CUST_10706,18-24,Female,True
CUST_10707,18-24,Male,True
CUST_10708,25-34,Female,True
CUST_10709,25-34,Female,True
CUST_10710,35-44,Female,True
CUST_10711,25-34,Male,True
CUST_10712,35-44,Female,True
CUST_10713,18-24,Female,True
CUST_10714,25-34,Male,True
CUST_10715,18-24,Female,True
CUST_10716,35-44,Female,True
CUST_10717,25-34,Female,True
CUST_10718,18-24,Female,True
CUST_10719,45-54,Male,True
CUST_10720,18-24,Female,True
CUST_10721,55+,Male,True
CUST_10722,45-54,Female,True
CUST_10723,55+,Female,True
CUST_10724,25-34,Female,True
CUST_10725,35-44,Male,True
CUST_10726,18-24,Female,True
CUST_10727,25-34,Non-binary,True
CUST_10728,18-24,Female,True
CUST_10729,45-54,Female,True
CUST_10730,18-24,Male,True
CUST_10731,18-24,Female,True
CUST_10732,25-34,"Prefer not to say",True
CUST_10733,18-24,Female,True
CUST_10734,25-34,Female,True
CUST_10735,35-44,Male,True
CUST_10736,25-34,Male,True
CUST_10737,35-44,Female,True
CUST_10738,35-44,Female,True
CUST_10739,18-24,Female,True
CUST_10740,25-34,Male,True
CUST_10741,18-24,Female,True
CUST_10742,35-44,Male,True
CUST_10743,25-34,Non-binary,True
CUST_10744,25-34,Male,True
CUST_10745,35-44,Female,True
CUST_10746,25-34,"Prefer not to say",True
CUST_10747,18-24,Male,True
CUST_10748,45-54,Female,True
CUST_10749,55+,Male,True
CUST_10750,18-24,Female,True
CUST_10751,25-34,Female,True
CUST_10752,45-54,Non-binary,True
CUST_10753,25-34,Female,True
CUST_10754,25-34,Non-binary,True
CUST_10755,25-34,Female,True
CUST_10756,35-44,Male,True
CUST_10757,25-34,Non-binary,True
CUST_10758,35-44,Male,True
CUST_10759,45-54,Male,True
CUST_10760,35-44,Male,True
CUST_10761,25-34,Male,True
CUST_10762,35-44,Male,True
CUST_10763,35-44,Male,True
CUST_10764,35-44,Male,True
CUST_10765,45-54,Female,True
CUST_10766,45-54,Male,True
CUST_10767,18-24,Female,True
CUST_10768,25-34,Female,True
CUST_10769,45-54,Female,True
CUST_10770,45-54,Female,True
CUST_10771,25-34,Male,True
CUST_10772,25-34,Non-binary,True
CUST_10773,45-54,Male,True
CUST_10774,18-24,Female,True
CUST_10775,25-34,Male,True
CUST_10776,45-54,Female,True
CUST_10777,25-34,Female,True
CUST_10778,45-54,Male,True
CUST_10779,55+,Male,True
CUST_10780,25-34,Male,True
CUST_10781,35-44,Male,True
CUST_10782,35-44,Female,True
CUST_10783,25-34,Female,True
CUST_10784,25-34,Female,True
CUST_10785,45-54,Female,True
CUST_10786,35-44,Female,True
CUST_10787,35-44,Female,True
CUST_10788,35-44,Male,True
CUST_10789,35-44,Female,True
CUST_10790,25-34,Female,True
CUST_10791,35-44,Male,True
CUST_10792,25-34,Female,True
CUST_10793,35-44,Female,True
CUST_10794,25-34,Female,True
CUST_10795,45-54,Male,True
CUST_10796,25-34,Male,True
CUST_10797,25-34,Female,True
CUST_10798,45-54,Male,True
CUST_10799,18-24,Female,True
CUST_10800,35-44,Non-binary,True
CUST_10801,35-44,Female,True
CUST_10802,35-44,Non-binary,True
CUST_10803,25-34,Male,False
CUST_10804,55+,Male,True
CUST_10805,18-24,Female,True
CUST_10806,18-24,Female,True
CUST_10807,35-44,"Prefer not to say",True
CUST_10808,45-54,Male,True
CUST_10809,18-24,Female,True
CUST_10810,35-44,Non-binary,True
CUST_10811,55+,Male,True
CUST_10812,45-54,Non-binary,True
CUST_10813,18-24,Male,True
CUST_10814,25-34,Female,True
CUST_10815,25-34,Female,True
CUST_10816,45-54,Female,True
CUST_10817,55+,Male,True
CUST_10818,25-34,Female,True
CUST_10819,35-44,Male,True
CUST_10820,35-44,"Prefer not to say",True
CUST_10821,25-34,Male,True
CUST_10822,18-24,Female,True
CUST_10823,55+,Male,True
CUST_10824,35-44,Female,True
CUST_10825,25-34,Male,True
CUST_10826,35-44,Female,True
CUST_10827,35-44,Female,True
CUST_10828,25-34,Male,True
CUST_10829,35-44,Female,True
CUST_10830,35-44,Female,True
CUST_10831,35-44,Female,True
CUST_10832,18-24,Female,True
CUST_10833,25-34,Male,False
CUST_10834,35-44,Non-binary,True
CUST_10835,18-24,Male,True
CUST_10836,18-24,Female,True
CUST_10837,18-24,Female,True
CUST_10838,25-34,Male,True
CUST_10839,18-24,Male,True
CUST_10840,25-34,Non-binary,True
CUST_10841,35-44,Female,False
CUST_10842,25-34,Male,True
CUST_10843,25-34,Non-binary,True
CUST_10844,55+,Male,True
CUST_10845,45-54,Male,True
CUST_10846,25-34,Male,True
CUST_10847,55+,Male,False
CUST_10848,25-34,Male,True
CUST_10849,18-24,Female,True
CUST_10850,25-34,Female,True
CUST_10851,25-34,Female,True
CUST_10852,18-24,Female,True
CUST_10853,25-34,Male,True
CUST_10854,25-34,Male,True
CUST_10855,18-24,Female,True
CUST_10856,45-54,Male,True
CUST_10857,45-54,Female,True
CUST_10858,25-34,Male,True
CUST_10859,18-24,Female,True
CUST_10860,25-34,Female,True
CUST_10861,55+,"Prefer not to say",True
CUST_10862,18-24,Female,True
CUST_10863,45-54,Female,True
CUST_10864,45-54,Female,True
CUST_10865,25-34,"Prefer not to say",True
CUST_10866,25-34,Male,True
CUST_10867,35-44,Female,True
CUST_10868,25-34,Non-binary,True
CUST_10869,35-44,Male,True
CUST_10870,18-24,Female,True
CUST_10871,25-34,Male,True
CUST_10872,35-44,Female,True
CUST_10873,18-24,Female,True
CUST_10874,45-54,Female,True
CUST_10875,25-34,Female,True
CUST_10876,18-24,Female,True
CUST_10877,35-44,Female,True
CUST_10878,25-34,Female,True
CUST_10879,45-54,Female,True
CUST_10880,35-44,Female,True
CUST_10881,45-54,Male,True
CUST_10882,18-24,Male,True
CUST_10883,25-34,Male,True
CUST_10884,25-34,Male,True
CUST_10885,25-34,Male,True
CUST_10886,25-34,Female,True
CUST_10887,25-34,Female,True
CUST_10888,25-34,Female,True
CUST_10889,55+,Female,False
CUST_10890,25-34,Female,True
CUST_10891,25-34,Male,True
CUST_10892,18-24,Male,True
CUST_10893,45-54,Female,True
CUST_10894,18-24,Female,True
CUST_10895,25-34,Male,True
CUST_10896,35-44,Male,True
CUST_10897,35-44,Female,True
CUST_10898,18-24,Male,True
CUST_10899,18-24,Non-binary,True
CUST_10900,35-44,Female,True
CUST_10901,25-34,Male,True
CUST_10902,45-54,Male,True
CUST_10903,18-24,Male,True
CUST_10904,18-24,Male,False
CUST_10905,35-44,Female,True
CUST_10906,25-34,Female,False
CUST_10907,25-34,Female,True
CUST_10908,55+,Male,True
CUST_10909,25-34,Female,True
CUST_10910,25-34,Male,True
CUST_10911,55+,Female,True
CUST_10912,18-24,Male,True
CUST_10913,35-44,Female,True
CUST_10914,45-54,Male,True
CUST_10915,35-44,Female,True
CUST_10916,35-44,Female,True
CUST_10917,25-34,Female,True
CUST_10918,18-24,Female,True
CUST_10919,25-34,"Prefer not to say",True
CUST_10920,25-34,Female,True
CUST_10921,25-34,Female,True
CUST_10922,35-44,Female,True
CUST_10923,18-24,Male,True
CUST_10924,25-34,Non-binary,True
CUST_10925,25-34,Female,True
CUST_10926,25-34,Female,True
CUST_10927,25-34,Male,True
CUST_10928,35-44,Female,True
CUST_10929,35-44,Female,False
CUST_10930,25-34,"Prefer not to say",True
CUST_10931,35-44,Female,True
CUST_10932,45-54,Female,True
CUST_10933,35-44,Male,True
CUST_10934,18-24,Male,True
CUST_10935,25-34,Male,True
CUST_10936,25-34,Female,True
CUST_10937,35-44,Male,True
CUST_10938,25-34,Male,True
CUST_10939,18-24,Female,True
CUST_10940,25-34,Female,True
CUST_10941,25-34,Female,True
CUST_10942,35-44,"Prefer not to say",True
CUST_10943,45-54,Male,True
CUST_10944,35-44,Female,True
CUST_10945,18-24,Female,True
CUST_10946,45-54,Male,True
CUST_10947,45-54,Female,True
CUST_10948,35-44,Female,True
CUST_10949,25-34,Female,True
CUST_10950,35-44,Female,False
CUST_10951,55+,Female,True
CUST_10952,35-44,Male,False
CUST_10953,45-54,Male,True
CUST_10954,25-34,Male,True
CUST_10955,35-44,"Prefer not to say",True
CUST_10956,45-54,Female,True
CUST_10957,35-44,Male,True
CUST_10958,25-34,Male,True
CUST_10959,35-44,Male,True
CUST_10960,18-24,Female,True
CUST_10961,18-24,Female,True
CUST_10962,25-34,"Prefer not to say",True
CUST_10963,45-54,Female,True
CUST_10964,18-24,Female,True
CUST_10965,25-34,Male,True
CUST_10966,35-44,Male,True
CUST_10967,35-44,Female,True
CUST_10968,55+,Female,True
CUST_10969,25-34,Male,True
CUST_10970,35-44,Female,True
CUST_10971,18-24,Non-binary,True
CUST_10972,45-54,Female,True
CUST_10973,35-44,Male,True
CUST_10974,18-24,Female,True
CUST_10975,35-44,Male,True
CUST_10976,35-44,Female,True
CUST_10977,35-44,Male,True
CUST_10978,35-44,Female,True
CUST_10979,35-44,Male,True
CUST_10980,45-54,Female,True
CUST_10981,25-34,Non-binary,True
CUST_10982,25-34,Female,True
CUST_10983,55+,Male,True
CUST_10984,18-24,Female,True
CUST_10985,18-24,Female,True
CUST_10986,18-24,Female,True
CUST_10987,25-34,Female,False
CUST_10988,25-34,Male,True
CUST_10989,35-44,Female,True
CUST_10990,45-54,Female,True
CUST_10991,35-44,Female,True
CUST_10992,18-24,Female,True
CUST_10993,18-24,Female,True
CUST_10994,25-34,Female,True
CUST_10995,45-54,Female,True
CUST_10996,45-54,"Prefer not to say",True
CUST_10997,18-24,Male,True
CUST_10998,25-34,Female,True
CUST_10999,25-34,Female,True
CUST_11000,45-54,Female,True
CUST_11001,35-44,Female,True
CUST_11002,18-24,Male,True
CUST_11003,35-44,Female,True
CUST_11004,45-54,Male,False
CUST_11005,55+,Male,True
CUST_11006,35-44,Female,True
CUST_11007,35-44,Female,True
CUST_11008,35-44,Female,True
CUST_11009,35-44,Male,True
CUST_11010,18-24,Male,True
CUST_11011,35-44,Male,True
CUST_11012,55+,Male,True
CUST_11013,25-34,Female,True
CUST_11014,18-24,Non-binary,True
CUST_11015,18-24,Male,True
CUST_11016,25-34,Female,True
CUST_11017,25-34,Male,True
CUST_11018,25-34,"Prefer not to say",True
CUST_11019,18-24,Female,True
CUST_11020,25-34,Non-binary,True
CUST_11021,35-44,Male,True
CUST_11022,18-24,Female,True
CUST_11023,45-54,Female,True
CUST_11024,25-34,Male,True
CUST_11025,45-54,Male,True
CUST_11026,55+,Female,True
CUST_11027,35-44,Male,True
CUST_11028,35-44,Male,True
CUST_11029,55+,Female,True
CUST_11030,25-34,Non-binary,True
CUST_11031,55+,Female,True
CUST_11032,25-34,Female,True
CUST_11033,55+,Female,True
CUST_11034,18-24,Male,True
CUST_11035,18-24,Male,True
CUST_11036,25-34,Female,True
CUST_11037,35-44,Female,True
CUST_11038,25-34,Non-binary,True
CUST_11039,25-34,Female,True
CUST_11040,18-24,Non-binary,True
CUST_11041,35-44,Female,True
CUST_11042,25-34,Female,True
CUST_11043,55+,Female,True
CUST_11044,25-34,Male,True
CUST_11045,35-44,Male,True
CUST_11046,35-44,Non-binary,True
CUST_11047,35-44,Female,True
CUST_11048,55+,Male,True
CUST_11049,18-24,Male,True
CUST_11050,45-54,Female,True
CUST_11051,18-24,Male,True
CUST_11052,35-44,Female,True
CUST_11053,35-44,Female,True
CUST_11054,18-24,Female,True
CUST_11055,25-34,Male,True
CUST_11056,25-34,Female,True
CUST_11057,25-34,Male,True
CUST_11058,18-24,Female,True
CUST_11059,35-44,Female,True
CUST_11060,35-44,Non-binary,True
CUST_11061,25-34,Female,True
CUST_11062,55+,Female,True
CUST_11063,25-34,Male,True
CUST_11064,25-34,Non-binary,True
CUST_11065,45-54,Male,True
CUST_11066,35-44,Male,True
CUST_11067,35-44,Female,True
CUST_11068,55+,Female,True
CUST_11069,18-24,Female,True
CUST_11070,25-34,Male,False
CUST_11071,25-34,Female,True
CUST_11072,18-24,Female,True
CUST_11073,45-54,Male,True
CUST_11074,25-34,Male,True
CUST_11075,18-24,"Prefer not to say",True
CUST_11076,35-44,Female,True
CUST_11077,18-24,Male,True
CUST_11078,35-44,"Prefer not to say",True
CUST_11079,55+,Female,False
CUST_11080,18-24,Male,True
CUST_11081,55+,Female,True
CUST_11082,55+,Female,True
CUST_11083,35-44,Female,True
CUST_11084,25-34,Female,True
CUST_11085,18-24,Female,True
CUST_11086,25-34,Female,False
CUST_11087,18-24,Female,True
CUST_11088,55+,Male,True
CUST_11089,55+,Male,True
CUST_11090,55+,Female,True
CUST_11091,55+,Male,True
CUST_11092,45-54,Non-binary,True
CUST_11093,18-24,Female,True
CUST_11094,18-24,Female,True
CUST_11095,55+,Male,True
CUST_11096,35-44,Male,True
CUST_11097,45-54,Male,True
CUST_11098,25-34,Male,True
CUST_11099,25-34,Male,True
CUST_11100,25-34,Female,True
CUST_11101,18-24,Female,True
CUST_11102,35-44,Male,True
CUST_11103,35-44,Male,True
CUST_11104,25-34,Male,True
CUST_11105,18-24,Male,True
CUST_11106,25-34,Female,True
CUST_11107,18-24,Male,True
CUST_11108,25-34,Male,True
CUST_11109,45-54,Male,True
CUST_11110,45-54,Female,False
CUST_11111,18-24,Male,True
CUST_11112,25-34,Male,True
CUST_11113,25-34,Female,True
CUST_11114,45-54,Male,True
CUST_11115,55+,Male,True
CUST_11116,35-44,Male,True
CUST_11117,35-44,Male,True
CUST_11118,18-24,Female,True
CUST_11119,25-34,Female,True
CUST_11120,45-54,Male,True
CUST_11121,18-24,Male,True
CUST_11122,45-54,Female,True
CUST_11123,45-54,Male,True
CUST_11124,55+,Female,True
CUST_11125,25-34,Male,True
CUST_11126,35-44,Male,True
CUST_11127,55+,"Prefer not to say",True
CUST_11128,45-54,Non-binary,True
CUST_11129,25-34,Female,True
CUST_11130,25-34,Male,True
CUST_11131,55+,Male,True
CUST_11132,18-24,Female,True
CUST_11133,25-34,Male,True
CUST_11134,25-34,Male,False
CUST_11135,25-34,Female,True
CUST_11136,18-24,Female,True
CUST_11137,25-34,Female,True
CUST_11138,18-24,Male,True
CUST_11139,25-34,Female,True
CUST_11140,25-34,Female,True
CUST_11141,35-44,Male,True
CUST_11142,18-24,Female,True
CUST_11143,18-24,Male,True
CUST_11144,25-34,Male,True
CUST_11145,25-34,Male,True
CUST_11146,18-24,Male,True
CUST_11147,35-44,Female,True
CUST_11148,35-44,Male,True
CUST_11149,35-44,Female,True
CUST_11150,55+,Male,True
CUST_11151,25-34,Male,True
CUST_11152,18-24,Male,True
CUST_11153,25-34,Female,True
CUST_11154,25-34,Female,True
CUST_11155,55+,Male,True
CUST_11156,45-54,Male,True
CUST_11157,25-34,Male,True
CUST_11158,35-44,Female,True
CUST_11159,25-34,Male,True
CUST_11160,25-34,Female,True
CUST_11161,18-24,Female,True
CUST_11162,35-44,Male,True
CUST_11163,45-54,Female,False
CUST_11164,35-44,Male,True
CUST_11165,45-54,Male,True
CUST_11166,55+,Male,True
CUST_11167,35-44,Male,True
CUST_11168,18-24,Male,True
CUST_11169,18-24,"Prefer not to say",True
CUST_11170,25-34,Male,True
CUST_11171,35-44,Non-binary,True
CUST_11172,55+,Male,True
CUST_11173,25-34,Female,True
CUST_11174,18-24,Female,True
CUST_11175,18-24,Female,True
CUST_11176,18-24,Male,True
CUST_11177,18-24,Male,True
CUST_11178,25-34,Female,True
CUST_11179,35-44,Male,True
CUST_11180,55+,Male,True
CUST_11181,45-54,Male,True
CUST_11182,35-44,Male,True
CUST_11183,18-24,Male,True
CUST_11184,18-24,"Prefer not to say",True
CUST_11185,25-34,"Prefer not to say",True
CUST_11186,18-24,Female,True
CUST_11187,18-24,Male,True
CUST_11188,35-44,Male,True
CUST_11189,35-44,Female,True
CUST_11190,18-24,Male,True
CUST_11191,45-54,Male,True
CUST_11192,25-34,Male,True
CUST_11193,18-24,Male,True
CUST_11194,18-24,Male,True
CUST_11195,25-34,"Prefer not to say",True
CUST_11196,45-54,Male,True
CUST_11197,35-44,Male,True
CUST_11198,45-54,Male,True
CUST_11199,25-34,Male,True
CUST_11200,25-34,Female,True
CUST_11201,25-34,Female,True
CUST_11202,35-44,Male,True
CUST_11203,18-24,Male,True
CUST_11204,35-44,Male,True
CUST_11205,25-34,Female,True
CUST_11206,35-44,Female,True
CUST_11207,25-34,Male,True
CUST_11208,25-34,Female,True
CUST_11209,35-44,Female,True
CUST_11210,25-34,Female,True
CUST_11211,35-44,Female,True
CUST_11212,18-24,Female,True
CUST_11213,25-34,Male,True
CUST_11214,45-54,Male,True
CUST_11215,18-24,Male,True
CUST_11216,55+,Male,True
CUST_11217,25-34,Female,True
CUST_11218,25-34,Female,True
CUST_11219,25-34,Male,False
CUST_11220,45-54,Female,True
CUST_11221,35-44,Female,True
CUST_11222,25-34,Male,True
CUST_11223,25-34,Female,True
CUST_11224,25-34,Male,True
CUST_11225,45-54,Female,True
CUST_11226,18-24,Female,True
CUST_11227,45-54,Non-binary,True
CUST_11228,55+,Male,True
CUST_11229,35-44,Female,True
CUST_11230,25-34,Female,True
CUST_11231,35-44,Female,True
CUST_11232,25-34,Female,True
CUST_11233,45-54,Female,True
CUST_11234,45-54,Female,True
CUST_11235,18-24,Male,True
CUST_11236,55+,Female,True
CUST_11237,25-34,Non-binary,True
CUST_11238,18-24,Male,True
CUST_11239,25-34,Male,True
CUST_11240,25-34,Female,True
CUST_11241,55+,"Prefer not to say",True
CUST_11242,35-44,Female,True
CUST_11243,25-34,Male,True
CUST_11244,55+,Male,True
CUST_11245,35-44,Female,True
CUST_11246,25-34,Female,True
CUST_11247,18-24,Female,True
CUST_11248,25-34,Female,True
CUST_11249,25-34,Female,True
CUST_11250,35-44,Female,True
CUST_11251,45-54,Female,True
CUST_11252,45-54,Male,True
CUST_11253,18-24,Female,True
CUST_11254,35-44,Female,True
CUST_11255,18-24,Female,True
CUST_11256,35-44,Male,True
CUST_11257,25-34,Male,False
CUST_11258,18-24,Female,True
CUST_11259,25-34,Male,True
CUST_11260,25-34,Male,True
CUST_11261,45-54,Male,True
CUST_11262,18-24,Female,True
CUST_11263,25-34,Female,True
CUST_11264,35-44,Female,True
CUST_11265,35-44,Male,True
CUST_11266,35-44,Female,True
CUST_11267,18-24,"Prefer not to say",True
CUST_11268,55+,Male,True
CUST_11269,18-24,Female,True
CUST_11270,45-54,Male,True
CUST_11271,18-24,Female,True
CUST_11272,45-54,Female,True
CUST_11273,55+,Female,True
CUST_11274,25-34,Female,True
CUST_11275,25-34,Male,True
CUST_11276,55+,Male,True
CUST_11277,18-24,Male,True
CUST_11278,55+,Female,True
CUST_11279,35-44,Female,True
CUST_11280,18-24,Male,True
CUST_11281,35-44,Female,True
CUST_11282,35-44,"Prefer not to say",True
CUST_11283,18-24,Female,True
CUST_11284,35-44,Male,True
CUST_11285,25-34,Female,True
CUST_11286,35-44,Female,True
CUST_11287,35-44,Male,True
CUST_11288,45-54,Male,True
CUST_11289,25-34,Female,True
CUST_11290,18-24,"Prefer not to say",True
CUST_11291,18-24,Male,True
CUST_11292,45-54,Male,True
CUST_11293,25-34,Female,True
CUST_11294,35-44,Male,True
CUST_11295,35-44,Female,True
CUST_11296,18-24,Male,True
CUST_11297,25-34,Male,True
CUST_11298,25-34,Female,True
CUST_11299,45-54,Female,True
CUST_11300,25-34,Female,True
CUST_11301,35-44,Male,True
CUST_11302,18-24,Female,True
CUST_11303,45-54,Male,True
CUST_11304,35-44,"Prefer not to say",True
CUST_11305,45-54,Female,True
CUST_11306,25-34,Male,True
CUST_11307,25-34,Female,True
CUST_11308,18-24,Male,True
CUST_11309,25-34,Female,True
CUST_11310,35-44,Female,True
CUST_11311,45-54,Male,True
CUST_11312,25-34,Female,True
CUST_11313,18-24,Non-binary,True
CUST_11314,18-24,Female,True
CUST_11315,45-54,Female,True
CUST_11316,55+,Male,True
CUST_11317,35-44,Male,True
CUST_11318,55+,Female,True
CUST_11319,35-44,Male,True
CUST_11320,18-24,"Prefer not to say",True
CUST_11321,45-54,Male,True
CUST_11322,45-54,Non-binary,True
CUST_11323,25-34,Male,True
CUST_11324,18-24,Male,True
CUST_11325,25-34,Male,True
CUST_11326,18-24,Female,False
CUST_11327,55+,Male,True
CUST_11328,45-54,Non-binary,True
CUST_11329,18-24,Non-binary,True
CUST_11330,25-34,Male,True
CUST_11331,45-54,Male,True
CUST_11332,35-44,Male,True
CUST_11333,25-34,Male,True
CUST_11334,18-24,Female,True
CUST_11335,35-44,Male,True
CUST_11336,45-54,Male,True
CUST_11337,18-24,Non-binary,True
CUST_11338,35-44,Male,True
CUST_11339,55+,Female,True
CUST_11340,45-54,Male,True
CUST_11341,18-24,Male,True
CUST_11342,35-44,Female,True
CUST_11343,25-34,Male,True
CUST_11344,25-34,Female,True
CUST_11345,45-54,Female,True
CUST_11346,55+,Female,False
CUST_11347,35-44,Female,True
CUST_11348,25-34,Male,True
CUST_11349,35-44,Male,True
CUST_11350,45-54,Male,True
CUST_11351,55+,Female,True
CUST_11352,35-44,Male,True
CUST_11353,55+,Male,True
CUST_11354,35-44,Male,True
CUST_11355,25-34,Male,True
CUST_11356,25-34,Female,True
CUST_11357,18-24,Male,True
CUST_11358,55+,Male,False
CUST_11359,18-24,Female,True
CUST_11360,25-34,Female,True
CUST_11361,25-34,Male,True
CUST_11362,25-34,Male,True
CUST_11363,18-24,Male,True
CUST_11364,45-54,Female,True
CUST_11365,25-34,Male,True
CUST_11366,18-24,Male,True
CUST_11367,25-34,Female,True
CUST_11368,55+,Female,True
CUST_11369,35-44,Female,True
CUST_11370,25-34,Female,True
CUST_11371,55+,Male,False
CUST_11372,35-44,Female,True
CUST_11373,55+,Female,True
CUST_11374,55+,Male,True
CUST_11375,18-24,"Prefer not to say",True
CUST_11376,35-44,Male,True
CUST_11377,25-34,Non-binary,True
CUST_11378,55+,Male,True
CUST_11379,25-34,Female,True
CUST_11380,45-54,Female,True
CUST_11381,18-24,Female,True
CUST_11382,18-24,Male,True
CUST_11383,25-34,Female,True
CUST_11384,25-34,Male,True
CUST_11385,25-34,Female,True
CUST_11386,25-34,Female,True
CUST_11387,18-24,Female,True
CUST_11388,35-44,Male,True
CUST_11389,45-54,Male,True
CUST_11390,45-54,Female,True
CUST_11391,55+,Male,True
CUST_11392,18-24,Male,True
CUST_11393,35-44,Male,False
CUST_11394,45-54,Female,True
CUST_11395,18-24,Female,True
CUST_11396,45-54,Male,True
CUST_11397,35-44,Female,True
CUST_11398,55+,Female,True
CUST_11399,18-24,Male,True
CUST_11400,18-24,Female,True
CUST_11401,18-24,Female,True
CUST_11402,18-24,Male,True
CUST_11403,45-54,Male,True
CUST_11404,25-34,Female,True
CUST_11405,18-24,Female,True
CUST_11406,25-34,Female,True
CUST_11407,25-34,Female,True
CUST_11408,35-44,Male,True
CUST_11409,35-44,Female,True
CUST_11410,18-24,Male,True
CUST_11411,18-24,Female,True
CUST_11412,25-34,Female,True
CUST_11413,18-24,Male,True
CUST_11414,45-54,Female,True
CUST_11415,55+,Male,False
CUST_11416,18-24,Female,True
CUST_11417,45-54,Male,True
CUST_11418,55+,Non-binary,True
CUST_11419,55+,Male,True
CUST_11420,35-44,Female,True
CUST_11421,55+,Male,True
CUST_11422,55+,Male,True
CUST_11423,35-44,Non-binary,True
CUST_11424,25-34,Female,True
CUST_11425,55+,Female,True
CUST_11426,25-34,Male,True
CUST_11427,18-24,Female,True
CUST_11428,45-54,Male,True
CUST_11429,25-34,Female,True
CUST_11430,55+,Female,True
CUST_11431,25-34,Male,True
CUST_11432,35-44,Female,True
CUST_11433,18-24,Female,True
CUST_11434,45-54,Male,True
CUST_11435,35-44,Male,True
CUST_11436,35-44,Female,True
CUST_11437,25-34,Female,True
CUST_11438,18-24,Male,True
CUST_11439,18-24,Female,True
CUST_11440,35-44,Female,True
CUST_11441,18-24,Male,True
CUST_11442,25-34,"Prefer not to say",True
CUST_11443,35-44,Female,True
CUST_11444,18-24,"Prefer not to say",True
CUST_11445,25-34,Female,True
CUST_11446,18-24,Male,True
CUST_11447,25-34,Female,True
CUST_11448,35-44,Female,True
CUST_11449,25-34,Non-binary,True
CUST_11450,25-34,Female,True
CUST_11451,35-44,Male,True
CUST_11452,45-54,Female,True
CUST_11453,55+,Non-binary,False
CUST_11454,45-54,Female,False
CUST_11455,25-34,Female,True
CUST_11456,35-44,Male,True
CUST_11457,35-44,Female,False
CUST_11458,45-54,Female,True
CUST_11459,25-34,Female,True
CUST_11460,35-44,Male,True
CUST_11461,18-24,Female,True
CUST_11462,35-44,Male,True
CUST_11463,18-24,Male,True
CUST_11464,25-34,Female,True
CUST_11465,25-34,Female,True
CUST_11466,25-34,Female,True
CUST_11467,18-24,Male,True
CUST_11468,25-34,Male,True
CUST_11469,25-34,Female,True
CUST_11470,18-24,Female,True
CUST_11471,35-44,Male,True
CUST_11472,25-34,Male,True
CUST_11473,25-34,Female,True
CUST_11474,25-34,Female,True
CUST_11475,35-44,Female,True
CUST_11476,25-34,Male,True
CUST_11477,45-54,Female,True
CUST_11478,55+,Male,True
CUST_11479,45-54,Male,True
CUST_11480,25-34,Male,True
CUST_11481,35-44,Non-binary,True
CUST_11482,18-24,Male,True
CUST_11483,18-24,Male,True
CUST_11484,18-24,Female,True
CUST_11485,25-34,Female,True
CUST_11486,25-34,Non-binary,True
CUST_11487,25-34,Male,True
CUST_11488,35-44,Male,True
CUST_11489,25-34,"Prefer not to say",True
CUST_11490,55+,Male,True
CUST_11491,45-54,Female,True
CUST_11492,25-34,Male,True
CUST_11493,18-24,Female,True
CUST_11494,25-34,Female,True
CUST_11495,25-34,Male,True
CUST_11496,45-54,Female,True
CUST_11497,25-34,Male,True
CUST_11498,25-34,Male,True
CUST_11499,35-44,Non-binary,True
CUST_11500,18-24,Male,True
CUST_11501,18-24,Male,True
CUST_11502,45-54,Female,True
CUST_11503,25-34,Non-binary,True
CUST_11504,35-44,Female,True
CUST_11505,25-34,Male,True
CUST_11506,25-34,Male,True
CUST_11507,18-24,Male,True
CUST_11508,25-34,Male,True
CUST_11509,35-44,Female,True
CUST_11510,55+,Male,True
CUST_11511,25-34,Male,True
CUST_11512,25-34,Female,True
CUST_11513,25-34,"Prefer not to say",True
CUST_11514,18-24,Male,True
CUST_11515,18-24,Male,True
CUST_11516,18-24,Male,True
CUST_11517,45-54,Female,True
CUST_11518,35-44,Male,True
CUST_11519,45-54,Female,True
CUST_11520,18-24,Male,True
CUST_11521,25-34,Female,True
CUST_11522,18-24,Female,True
CUST_11523,35-44,Male,True
CUST_11524,35-44,Female,True
CUST_11525,25-34,Female,True
CUST_11526,18-24,Female,True
CUST_11527,18-24,Female,True
CUST_11528,25-34,Male,True
CUST_11529,18-24,Female,True
CUST_11530,25-34,Female,False
CUST_11531,25-34,Female,True
CUST_11532,35-44,Male,True
CUST_11533,55+,Male,True
CUST_11534,35-44,Female,True
CUST_11535,35-44,Female,True
CUST_11536,25-34,Male,True
CUST_11537,45-54,Female,True
CUST_11538,55+,Male,True
CUST_11539,25-34,"Prefer not to say",True
CUST_11540,35-44,Female,True
CUST_11541,55+,Female,True
CUST_11542,18-24,Male,True
CUST_11543,25-34,Female,True
CUST_11544,45-54,Male,True
CUST_11545,45-54,Male,True
CUST_11546,25-34,Female,False
CUST_11547,18-24,Female,True
CUST_11548,55+,Non-binary,True
CUST_11549,35-44,"Prefer not to say",True
CUST_11550,25-34,Male,True
CUST_11551,25-34,Male,False
CUST_11552,18-24,Female,True
CUST_11553,45-54,Male,True
CUST_11554,18-24,Female,True
CUST_11555,18-24,Male,True
CUST_11556,35-44,Male,True
CUST_11557,35-44,Male,True
CUST_11558,18-24,Female,True
CUST_11559,18-24,Male,True
CUST_11560,18-24,Male,True
CUST_11561,25-34,Female,True
CUST_11562,55+,Male,True
CUST_11563,35-44,Female,True
CUST_11564,25-34,Male,True
CUST_11565,18-24,Male,True
CUST_11566,25-34,Female,True
CUST_11567,35-44,Male,True
CUST_11568,18-24,Female,True
CUST_11569,35-44,Male,True
CUST_11570,35-44,Male,True
CUST_11571,55+,Male,True
CUST_11572,25-34,Male,True
CUST_11573,25-34,Male,True
CUST_11574,18-24,Female,True
CUST_11575,25-34,Male,True
CUST_11576,55+,Female,True
CUST_11577,35-44,Non-binary,True
CUST_11578,18-24,Male,True
CUST_11579,35-44,Male,True
CUST_11580,25-34,Male,True
CUST_11581,35-44,Female,True
CUST_11582,25-34,Female,True
CUST_11583,18-24,Female,True
CUST_11584,55+,Female,True
CUST_11585,18-24,Female,True
CUST_11586,25-34,Female,True
CUST_11587,25-34,Female,True
CUST_11588,45-54,Male,True
CUST_11589,25-34,Female,True
CUST_11590,18-24,Male,True
CUST_11591,25-34,Female,True
CUST_11592,45-54,Female,True
CUST_11593,18-24,Male,True
CUST_11594,25-34,Male,True
CUST_11595,45-54,Female,True
CUST_11596,45-54,Male,True
CUST_11597,45-54,Female,True
CUST_11598,55+,Male,False
CUST_11599,25-34,"Prefer not to say",True
CUST_11600,55+,Female,True
CUST_11601,45-54,Female,True
CUST_11602,25-34,Female,True
CUST_11603,35-44,"Prefer not to say",True
CUST_11604,25-34,Male,True
CUST_11605,25-34,Male,True
CUST_11606,18-24,Female,True
CUST_11607,35-44,Female,True
CUST_11608,45-54,Male,True
CUST_11609,25-34,Male,True
CUST_11610,18-24,Male,True
CUST_11611,18-24,Female,True
CUST_11612,25-34,Female,True
CUST_11613,25-34,Male,True
CUST_11614,45-54,Male,True
CUST_11615,25-34,Male,True
CUST_11616,25-34,Male,True
CUST_11617,25-34,Female,True
CUST_11618,25-34,Male,True
CUST_11619,18-24,Male,False
CUST_11620,45-54,Male,True
CUST_11621,45-54,Female,True
CUST_11622,18-24,Female,True
CUST_11623,25-34,Female,True
CUST_11624,35-44,Non-binary,True
CUST_11625,18-24,Female,True
CUST_11626,25-34,Female,False
CUST_11627,35-44,Female,True
CUST_11628,55+,Female,True
CUST_11629,35-44,Male,True
CUST_11630,55+,"Prefer not to say",True
CUST_11631,35-44,Female,False
CUST_11632,45-54,Male,True
CUST_11633,45-54,Male,True
CUST_11634,35-44,Female,True
CUST_11635,25-34,Female,True
CUST_11636,35-44,Male,True
CUST_11637,25-34,Female,True
CUST_11638,55+,"Prefer not to say",True
CUST_11639,18-24,Male,True
CUST_11640,25-34,Female,True
CUST_11641,18-24,Male,True
CUST_11642,35-44,Female,True
CUST_11643,25-34,Female,True
CUST_11644,25-34,Male,False
CUST_11645,35-44,Male,True
CUST_11646,18-24,Female,True
CUST_11647,35-44,Female,True
CUST_11648,45-54,Female,True
CUST_11649,25-34,Male,True
CUST_11650,18-24,Male,True
CUST_11651,45-54,Male,True
CUST_11652,45-54,Female,True
CUST_11653,45-54,Female,True
CUST_11654,35-44,Female,True
CUST_11655,25-34,Male,True
CUST_11656,25-34,"Prefer not to say",True
CUST_11657,35-44,Male,True
CUST_11658,45-54,Male,True
CUST_11659,25-34,Female,True
CUST_11660,18-24,Female,True
CUST_11661,18-24,"Prefer not to say",True
CUST_11662,35-44,Male,True
CUST_11663,35-44,Female,True
CUST_11664,35-44,Male,True
CUST_11665,45-54,Female,True
CUST_11666,25-34,Non-binary,True
CUST_11667,45-54,Female,True
CUST_11668,35-44,Male,True
CUST_11669,55+,Non-binary,False
CUST_11670,25-34,Female,True
CUST_11671,18-24,Female,True
CUST_11672,18-24,Female,True
CUST_11673,45-54,Male,True
CUST_11674,35-44,Male,True
CUST_11675,18-24,Female,True
CUST_11676,45-54,Male,True
CUST_11677,18-24,Male,True
CUST_11678,25-34,Female,True
CUST_11679,45-54,Female,True
CUST_11680,35-44,Female,True
CUST_11681,18-24,Female,True
CUST_11682,25-34,Female,True
CUST_11683,35-44,Female,True
CUST_11684,35-44,Male,True
CUST_11685,25-34,Male,True
CUST_11686,25-34,Male,True
CUST_11687,18-24,Male,True
CUST_11688,45-54,Male,True
CUST_11689,35-44,Female,True
CUST_11690,18-24,Female,True
CUST_11691,18-24,Female,True
CUST_11692,25-34,Male,True
CUST_11693,25-34,Female,True
CUST_11694,18-24,Female,True
CUST_11695,18-24,Non-binary,True
CUST_11696,35-44,Male,True
CUST_11697,25-34,Male,True
CUST_11698,45-54,Female,True
CUST_11699,25-34,Male,True
CUST_11700,55+,Male,False
CUST_11701,45-54,Female,True
CUST_11702,35-44,Male,True
CUST_11703,35-44,Female,True
CUST_11704,35-44,Male,True
CUST_11705,35-44,Male,True
CUST_11706,18-24,Female,True
CUST_11707,25-34,"Prefer not to say",True
CUST_11708,35-44,Male,True
CUST_11709,18-24,Female,True
CUST_11710,45-54,Male,True
CUST_11711,25-34,Female,True
CUST_11712,35-44,Female,True
CUST_11713,18-24,Male,True
CUST_11714,45-54,Female,False
CUST_11715,45-54,Male,True
CUST_11716,55+,Male,True
CUST_11717,18-24,Male,True
CUST_11718,35-44,Female,True
CUST_11719,25-34,Male,True
CUST_11720,18-24,Male,True
CUST_11721,25-34,Male,True
CUST_11722,25-34,Female,True
CUST_11723,45-54,Female,True
CUST_11724,25-34,Male,True
CUST_11725,35-44,Male,True
CUST_11726,55+,Female,True
CUST_11727,25-34,Male,True
CUST_11728,35-44,Female,True
CUST_11729,25-34,Male,False
CUST_11730,35-44,Female,True
CUST_11731,25-34,Female,True
CUST_11732,45-54,Male,True
CUST_11733,45-54,Male,True
CUST_11734,18-24,Female,True
CUST_11735,18-24,Female,True
CUST_11736,25-34,Female,True
CUST_11737,35-44,Male,True
CUST_11738,18-24,Male,True
CUST_11739,35-44,Male,False
CUST_11740,25-34,Female,True
CUST_11741,25-34,Male,True
CUST_11742,18-24,Male,True
CUST_11743,45-54,Female,True
CUST_11744,18-24,Non-binary,True
CUST_11745,35-44,Female,True
CUST_11746,25-34,Female,True
CUST_11747,45-54,Female,True
CUST_11748,45-54,Male,True
CUST_11749,45-54,Female,True
CUST_11750,55+,Female,True
CUST_11751,25-34,Non-binary,True
CUST_11752,55+,Male,True
CUST_11753,45-54,Female,True
CUST_11754,18-24,Male,True
CUST_11755,35-44,Female,True
CUST_11756,55+,Male,True
CUST_11757,45-54,Male,True
CUST_11758,25-34,Male,True
CUST_11759,18-24,Female,True
CUST_11760,35-44,Male,True
CUST_11761,18-24,Female,True
CUST_11762,25-34,Female,True
CUST_11763,55+,Male,True
CUST_11764,35-44,Female,False
CUST_11765,35-44,Male,True
CUST_11766,25-34,Female,True
CUST_11767,45-54,Female,True
CUST_11768,55+,Non-binary,True
CUST_11769,35-44,Female,False
CUST_11770,25-34,Male,True
CUST_11771,35-44,Male,True
CUST_11772,45-54,Male,True
CUST_11773,25-34,Male,True
CUST_11774,35-44,Female,True
CUST_11775,25-34,Female,True
CUST_11776,18-24,Female,True
CUST_11777,18-24,Female,True
CUST_11778,25-34,Male,True
CUST_11779,45-54,Male,True
CUST_11780,18-24,Female,True
CUST_11781,35-44,Male,True
CUST_11782,45-54,Female,True
CUST_11783,55+,Male,True
CUST_11784,45-54,Female,True
CUST_11785,45-54,Male,True
CUST_11786,35-44,Male,True
CUST_11787,18-24,Female,True
CUST_11788,25-34,Male,True
CUST_11789,18-24,Male,True
CUST_11790,25-34,Female,True
CUST_11791,18-24,Non-binary,True
CUST_11792,25-34,Female,False
CUST_11793,18-24,Male,True
CUST_11794,35-44,Non-binary,True
CUST_11795,25-34,Male,True
CUST_11796,18-24,Male,True
CUST_11797,35-44,Female,True
CUST_11798,35-44,Female,True
CUST_11799,55+,Female,True
CUST_11800,45-54,Non-binary,True
CUST_11801,25-34,Male,True
CUST_11802,35-44,Female,True
CUST_11803,25-34,Female,True
CUST_11804,35-44,Male,True
CUST_11805,35-44,Female,True
CUST_11806,18-24,Male,True
CUST_11807,25-34,Female,True
CUST_11808,35-44,Male,True
CUST_11809,35-44,Female,True
CUST_11810,35-44,Male,True
CUST_11811,18-24,Female,True
CUST_11812,18-24,"Prefer not to say",True
CUST_11813,25-34,Male,True
CUST_11814,35-44,Male,False
CUST_11815,18-24,Female,True
CUST_11816,25-34,Female,True
CUST_11817,25-34,Female,True
CUST_11818,55+,"Prefer not to say",True
CUST_11819,25-34,Male,True
CUST_11820,18-24,Female,True
CUST_11821,35-44,Female,True
CUST_11822,35-44,Male,True
CUST_11823,25-34,Male,True
CUST_11824,25-34,Female,True
CUST_11825,45-54,Male,True
CUST_11826,35-44,Female,True
CUST_11827,25-34,Male,True
CUST_11828,18-24,Female,True
CUST_11829,25-34,Female,True
CUST_11830,35-44,Female,True
CUST_11831,35-44,Male,True
CUST_11832,25-34,Female,True
CUST_11833,45-54,Non-binary,True
CUST_11834,25-34,Female,True
CUST_11835,45-54,Male,True
CUST_11836,18-24,Non-binary,True
CUST_11837,18-24,Male,True
CUST_11838,18-24,Female,True
CUST_11839,35-44,Male,True
CUST_11840,25-34,Male,True
CUST_11841,18-24,Non-binary,True
CUST_11842,45-54,Female,False
CUST_11843,18-24,Female,True
CUST_11844,55+,Male,True
CUST_11845,35-44,Male,True
CUST_11846,25-34,Female,True
CUST_11847,35-44,Male,True
CUST_11848,35-44,Female,True
CUST_11849,25-34,Non-binary,True
CUST_11850,35-44,Female,True
CUST_11851,25-34,Male,True
CUST_11852,45-54,Male,True
CUST_11853,35-44,Female,True
CUST_11854,35-44,Female,True
CUST_11855,18-24,Male,True
CUST_11856,35-44,Female,True
CUST_11857,25-34,"Prefer not to say",True
CUST_11858,45-54,Male,True
CUST_11859,25-34,Female,True
CUST_11860,25-34,Female,True
CUST_11861,18-24,Male,True
CUST_11862,35-44,Male,True
CUST_11863,45-54,"Prefer not to say",True
CUST_11864,18-24,Male,True
CUST_11865,35-44,Male,True
CUST_11866,45-54,Male,True
CUST_11867,45-54,Male,True
CUST_11868,55+,Female,True
CUST_11869,35-44,Male,True
CUST_11870,18-24,Female,True
CUST_11871,55+,Female,True
CUST_11872,18-24,Male,True
CUST_11873,25-34,"Prefer not to say",True
CUST_11874,35-44,Male,True
CUST_11875,18-24,Female,True
CUST_11876,25-34,Female,True
CUST_11877,25-34,Female,True
CUST_11878,35-44,Female,True
CUST_11879,45-54,Male,True
CUST_11880,35-44,Female,True
CUST_11881,25-34,Non-binary,True
CUST_11882,25-34,Female,True
CUST_11883,35-44,Male,False
CUST_11884,18-24,Female,True
CUST_11885,45-54,Female,True
CUST_11886,18-24,Non-binary,True
CUST_11887,18-24,Male,True
CUST_11888,25-34,Male,True
CUST_11889,35-44,Female,True
CUST_11890,18-24,Female,True
CUST_11891,18-24,Female,True
CUST_11892,18-24,Male,True
CUST_11893,45-54,Male,True
CUST_11894,35-44,Female,True
CUST_11895,35-44,Female,False
CUST_11896,55+,Male,True
CUST_11897,25-34,Female,True
CUST_11898,45-54,Female,True
CUST_11899,18-24,Male,True
CUST_11900,35-44,Female,True
CUST_11901,18-24,Male,True
CUST_11902,35-44,Female,True
CUST_11903,25-34,Female,True
CUST_11904,18-24,Female,True
CUST_11905,55+,Female,True
CUST_11906,25-34,Non-binary,True
CUST_11907,55+,Non-binary,True
CUST_11908,25-34,Female,True
CUST_11909,18-24,Non-binary,True
CUST_11910,25-34,Female,True
CUST_11911,35-44,Female,True
CUST_11912,55+,Male,True
CUST_11913,55+,Female,True
CUST_11914,45-54,Male,True
CUST_11915,18-24,Female,True
CUST_11916,18-24,Male,True
CUST_11917,55+,Female,True
CUST_11918,18-24,Female,True
CUST_11919,25-34,Male,True
CUST_11920,35-44,Male,True
CUST_11921,25-34,Female,True
CUST_11922,18-24,Non-binary,True
CUST_11923,35-44,Female,True
CUST_11924,25-34,Female,True
CUST_11925,18-24,Male,True
CUST_11926,18-24,Male,True
CUST_11927,18-24,Male,True
CUST_11928,35-44,Male,True
CUST_11929,35-44,Male,True
CUST_11930,35-44,Female,True
CUST_11931,18-24,Male,True
CUST_11932,35-44,"Prefer not to say",True
CUST_11933,25-34,Female,True
CUST_11934,25-34,"Prefer not to say",True
CUST_11935,18-24,Female,True
CUST_11936,25-34,Male,True
CUST_11937,18-24,Female,True
CUST_11938,25-34,Female,True
CUST_11939,18-24,"Prefer not to say",True
CUST_11940,35-44,Male,True
CUST_11941,18-24,Male,True
CUST_11942,18-24,Male,True
CUST_11943,35-44,Male,True
CUST_11944,35-44,Female,True
CUST_11945,25-34,Female,False
CUST_11946,45-54,Female,True
CUST_11947,55+,Female,True
CUST_11948,25-34,Female,True
CUST_11949,35-44,Female,True
CUST_11950,45-54,Male,True
CUST_11951,55+,"Prefer not to say",True
CUST_11952,25-34,Male,True
CUST_11953,45-54,Female,True
CUST_11954,18-24,Male,True
CUST_11955,55+,Female,True
CUST_11956,25-34,Male,True
CUST_11957,55+,Male,True
CUST_11958,25-34,Male,True
CUST_11959,25-34,Male,True
CUST_11960,35-44,Female,True
CUST_11961,45-54,Male,True
CUST_11962,45-54,Male,True
CUST_11963,35-44,Male,True
CUST_11964,18-24,Male,True
CUST_11965,35-44,Male,True
CUST_11966,55+,Male,True
CUST_11967,35-44,Male,True
CUST_11968,18-24,Male,True
CUST_11969,25-34,Male,True
CUST_11970,25-34,Male,True
CUST_11971,25-34,Male,True
CUST_11972,45-54,Female,True
CUST_11973,25-34,Female,True
CUST_11974,18-24,Female,True
CUST_11975,35-44,Male,True
CUST_11976,45-54,Female,True
CUST_11977,45-54,Female,True
CUST_11978,25-34,Female,True
CUST_11979,25-34,Male,True
CUST_11980,55+,Male,True
CUST_11981,35-44,Male,True
CUST_11982,35-44,Male,True
CUST_11983,45-54,Female,True
CUST_11984,25-34,Male,True
CUST_11985,55+,Male,True
CUST_11986,18-24,Male,True
CUST_11987,25-34,Female,True
CUST_11988,18-24,Female,True
CUST_11989,25-34,Non-binary,True
CUST_11990,45-54,Female,True
CUST_11991,35-44,Female,True
CUST_11992,25-34,Non-binary,True
CUST_11993,25-34,Male,True
CUST_11994,55+,Male,True
CUST_11995,35-44,Non-binary,True
CUST_11996,35-44,"Prefer not to say",True
CUST_11997,18-24,Female,True
CUST_11998,18-24,Male,True
CUST_11999,25-34,"Prefer not to say",True
CUST_12000,18-24,Male,True
CUST_12001,18-24,Female,True
CUST_12002,18-24,"Prefer not to say",True
CUST_12003,18-24,Male,True
CUST_12004,35-44,Male,True
CUST_12005,25-34,Female,True
CUST_12006,18-24,Female,True
CUST_12007,25-34,Female,True
CUST_12008,35-44,Male,True
CUST_12009,25-34,Female,True
CUST_12010,45-54,Female,True
CUST_12011,18-24,Female,True
CUST_12012,35-44,Male,True
CUST_12013,18-24,Female,True
CUST_12014,35-44,Male,True
CUST_12015,45-54,Male,True
CUST_12016,18-24,Female,True
CUST_12017,25-34,Female,True
CUST_12018,45-54,Male,True
CUST_12019,18-24,Female,True
CUST_12020,18-24,Male,True
CUST_12021,25-34,Male,True
CUST_12022,18-24,Female,True
CUST_12023,25-34,Male,True
CUST_12024,55+,Male,True
CUST_12025,45-54,"Prefer not to say",True
CUST_12026,45-54,Female,True
CUST_12027,35-44,Female,True
CUST_12028,25-34,Male,True
CUST_12029,35-44,Non-binary,True
CUST_12030,25-34,Male,True
CUST_12031,45-54,Male,True
CUST_12032,25-34,Male,True
CUST_12033,45-54,Male,True
CUST_12034,18-24,Female,True
CUST_12035,25-34,Male,True
CUST_12036,25-34,Male,True
CUST_12037,55+,Male,True
CUST_12038,18-24,Male,True
CUST_12039,25-34,"Prefer not to say",True
CUST_12040,35-44,Female,True
CUST_12041,35-44,Female,True
CUST_12042,25-34,Male,True
CUST_12043,45-54,Male,False
CUST_12044,25-34,Male,True
CUST_12045,55+,Female,True
CUST_12046,25-34,Male,True
CUST_12047,35-44,Male,True
CUST_12048,35-44,Male,True
CUST_12049,45-54,Male,True
CUST_12050,45-54,Male,True
CUST_12051,35-44,Male,True
CUST_12052,18-24,Female,True
CUST_12053,55+,Male,True
CUST_12054,18-24,Male,True
CUST_12055,35-44,Female,True
CUST_12056,18-24,Female,True
CUST_12057,55+,Female,True
CUST_12058,25-34,Male,True
CUST_12059,45-54,Non-binary,True
CUST_12060,55+,Male,True
CUST_12061,45-54,Female,True
CUST_12062,35-44,Female,True
CUST_12063,55+,Male,False
CUST_12064,25-34,Non-binary,True
CUST_12065,35-44,Female,True
CUST_12066,18-24,Male,True
CUST_12067,45-54,Male,True
CUST_12068,25-34,Female,False
CUST_12069,18-24,Male,True
CUST_12070,35-44,Male,True
CUST_12071,25-34,Female,True
CUST_12072,45-54,Male,True
CUST_12073,25-34,Female,True
CUST_12074,18-24,Female,True
CUST_12075,25-34,Male,True
CUST_12076,25-34,Male,True
CUST_12077,45-54,Female,True
CUST_12078,35-44,Female,True
CUST_12079,25-34,Female,True
CUST_12080,25-34,Non-binary,True
CUST_12081,18-24,Male,True
CUST_12082,35-44,Male,True
CUST_12083,55+,Female,True
CUST_12084,18-24,Female,True
CUST_12085,25-34,Male,True
CUST_12086,35-44,Male,True
CUST_12087,35-44,Female,True
CUST_12088,18-24,Non-binary,True
CUST_12089,55+,Female,True
CUST_12090,55+,Male,True
CUST_12091,18-24,Male,True
CUST_12092,25-34,Female,True
CUST_12093,18-24,Male,True
CUST_12094,35-44,Male,True
CUST_12095,35-44,Male,True
CUST_12096,35-44,Male,True
CUST_12097,35-44,Male,True
CUST_12098,25-34,Male,True
CUST_12099,25-34,Female,True
CUST_12100,18-24,Male,True
CUST_12101,18-24,Female,True
CUST_12102,25-34,Male,True
CUST_12103,35-44,Male,True
CUST_12104,35-44,Female,True
CUST_12105,35-44,Male,True
CUST_12106,18-24,Male,True
CUST_12107,25-34,Male,True
CUST_12108,55+,Male,True
CUST_12109,45-54,Male,True
CUST_12110,45-54,Male,True
CUST_12111,25-34,Female,True
CUST_12112,45-54,Female,True
CUST_12113,25-34,Male,True
CUST_12114,18-24,Female,True
CUST_12115,35-44,Female,True
CUST_12116,25-34,Male,True
CUST_12117,45-54,Male,True
CUST_12118,35-44,Female,True
CUST_12119,25-34,Male,True
CUST_12120,35-44,Female,True
CUST_12121,25-34,Male,True
CUST_12122,35-44,Male,True
CUST_12123,45-54,Female,True
CUST_12124,18-24,Male,True
CUST_12125,25-34,Female,True
CUST_12126,18-24,Male,True
CUST_12127,18-24,Female,True
CUST_12128,18-24,Male,False
CUST_12129,25-34,Male,True
CUST_12130,25-34,Male,True
CUST_12131,18-24,Female,True
CUST_12132,35-44,Male,True
CUST_12133,25-34,Male,True
CUST_12134,35-44,Male,True
CUST_12135,35-44,Female,True
CUST_12136,35-44,Female,True
CUST_12137,35-44,Female,True
CUST_12138,25-34,Female,True
CUST_12139,25-34,Female,True
CUST_12140,35-44,Male,True
CUST_12141,55+,Female,True
CUST_12142,25-34,Male,True
CUST_12143,18-24,Female,True
CUST_12144,35-44,Male,True
CUST_12145,25-34,Female,True
CUST_12146,18-24,Male,True
CUST_12147,18-24,Male,True
CUST_12148,35-44,Female,True
CUST_12149,55+,Non-binary,True
CUST_12150,25-34,Male,True
CUST_12151,25-34,Male,True
CUST_12152,45-54,Female,True
CUST_12153,35-44,Female,True
CUST_12154,25-34,Male,True
CUST_12155,25-34,Female,True
CUST_12156,18-24,Male,True
CUST_12157,45-54,Female,True
CUST_12158,35-44,Female,True
CUST_12159,25-34,Male,True
CUST_12160,25-34,Female,True
CUST_12161,18-24,Male,True
CUST_12162,25-34,Female,True
CUST_12163,35-44,Female,True
CUST_12164,25-34,Male,True
CUST_12165,25-34,Female,True
CUST_12166,18-24,Female,True
CUST_12167,35-44,Male,True
CUST_12168,18-24,Male,True
CUST_12169,35-44,Male,True
CUST_12170,18-24,Male,True
CUST_12171,45-54,Non-binary,True
CUST_12172,25-34,Male,True
CUST_12173,18-24,Male,True
CUST_12174,25-34,Male,True
CUST_12175,35-44,Female,True
CUST_12176,25-34,Male,True
CUST_12177,55+,Male,True
CUST_12178,18-24,Female,True
CUST_12179,55+,Female,True
CUST_12180,25-34,Male,True
CUST_12181,18-24,Male,True
CUST_12182,25-34,Male,True
CUST_12183,25-34,Male,True
CUST_12184,25-34,Male,True
CUST_12185,35-44,Male,True
CUST_12186,25-34,Female,True
CUST_12187,35-44,Male,True
CUST_12188,35-44,Male,True
CUST_12189,25-34,Male,True
CUST_12190,35-44,"Prefer not to say",True
CUST_12191,35-44,Male,True
CUST_12192,55+,Male,True
CUST_12193,18-24,Male,True
CUST_12194,25-34,Female,True
CUST_12195,35-44,Female,True
CUST_12196,55+,Non-binary,True
CUST_12197,25-34,Female,True
CUST_12198,45-54,Male,True
CUST_12199,18-24,Female,True
CUST_12200,25-34,Female,True
CUST_12201,35-44,Male,True
CUST_12202,25-34,Female,False
CUST_12203,45-54,Female,True
CUST_12204,18-24,"Prefer not to say",True
CUST_12205,45-54,Female,True
CUST_12206,55+,Male,True
CUST_12207,35-44,Female,True
CUST_12208,18-24,Male,True
CUST_12209,25-34,Male,True
CUST_12210,55+,Male,True
CUST_12211,35-44,Female,True
CUST_12212,35-44,Male,True
CUST_12213,25-34,Male,True
CUST_12214,18-24,Female,True
CUST_12215,35-44,Male,True
CUST_12216,35-44,Male,False
CUST_12217,35-44,"Prefer not to say",True
CUST_12218,25-34,Male,True
CUST_12219,45-54,Male,True
CUST_12220,25-34,Female,True
CUST_12221,45-54,Female,True
CUST_12222,35-44,Female,True
CUST_12223,25-34,Male,True
CUST_12224,35-44,Female,True
CUST_12225,18-24,Male,True
CUST_12226,45-54,Male,True
CUST_12227,18-24,Male,True
CUST_12228,45-54,Female,True
CUST_12229,55+,Male,True
CUST_12230,35-44,Female,True
CUST_12231,35-44,Male,True
CUST_12232,55+,"Prefer not to say",True
CUST_12233,25-34,Female,True
CUST_12234,35-44,Female,True
CUST_12235,55+,Female,True
CUST_12236,25-34,Male,True
CUST_12237,55+,Male,True
CUST_12238,18-24,Female,True
CUST_12239,55+,Male,True
CUST_12240,25-34,Female,True
CUST_12241,35-44,Female,True
CUST_12242,18-24,Female,True
CUST_12243,35-44,Male,True
CUST_12244,55+,Female,True
CUST_12245,18-24,Female,True
CUST_12246,25-34,Female,True
CUST_12247,35-44,Female,True
CUST_12248,45-54,Male,True
CUST_12249,35-44,Non-binary,True
CUST_12250,35-44,Male,True
CUST_12251,25-34,Female,True
CUST_12252,25-34,Male,True
CUST_12253,25-34,Male,True
CUST_12254,35-44,Male,True
CUST_12255,25-34,Female,True
CUST_12256,35-44,Male,True
CUST_12257,18-24,Female,True
CUST_12258,18-24,Female,True
CUST_12259,35-44,Male,True
CUST_12260,18-24,Female,True
CUST_12261,25-34,Female,True
CUST_12262,18-24,Female,True
CUST_12263,18-24,Male,True
CUST_12264,25-34,Female,True
CUST_12265,25-34,Male,True
CUST_12266,35-44,Non-binary,True
CUST_12267,45-54,Male,True
CUST_12268,35-44,Female,True
CUST_12269,45-54,Male,True
CUST_12270,25-34,Male,True
CUST_12271,35-44,Female,True
CUST_12272,18-24,Non-binary,True
CUST_12273,45-54,Female,True
CUST_12274,18-24,Female,True
CUST_12275,18-24,Female,True
CUST_12276,35-44,Male,True
CUST_12277,45-54,Male,True
CUST_12278,35-44,"Prefer not to say",True
CUST_12279,55+,Male,True
CUST_12280,25-34,Male,True
CUST_12281,18-24,Non-binary,True
CUST_12282,45-54,"Prefer not to say",True
CUST_12283,35-44,Male,True
CUST_12284,18-24,Female,True
CUST_12285,25-34,Female,True
CUST_12286,25-34,Male,False
CUST_12287,45-54,Female,True
CUST_12288,35-44,Male,True
CUST_12289,18-24,Male,True
CUST_12290,45-54,Female,True
CUST_12291,18-24,Female,False
CUST_12292,25-34,Male,True
CUST_12293,35-44,Male,True
CUST_12294,55+,Male,True
CUST_12295,35-44,Female,True
CUST_12296,25-34,Female,False
CUST_12297,35-44,Female,True
CUST_12298,35-44,Non-binary,True
CUST_12299,18-24,"Prefer not to say",True
CUST_12300,35-44,Female,True
CUST_12301,35-44,Female,True
CUST_12302,35-44,Female,True
CUST_12303,25-34,Non-binary,True
CUST_12304,55+,Male,True
CUST_12305,35-44,Male,True
CUST_12306,25-34,"Prefer not to say",True
CUST_12307,25-34,Non-binary,True
CUST_12308,25-34,Female,True
CUST_12309,18-24,Female,True
CUST_12310,25-34,Male,True
CUST_12311,18-24,Non-binary,True
CUST_12312,25-34,Female,True
CUST_12313,35-44,Female,True
CUST_12314,55+,Male,True
CUST_12315,35-44,Female,True
CUST_12316,45-54,Male,True
CUST_12317,45-54,Male,True
CUST_12318,55+,Male,True
CUST_12319,25-34,Male,True
CUST_12320,55+,Male,True
CUST_12321,35-44,Female,True
CUST_12322,25-34,Male,True
CUST_12323,25-34,"Prefer not to say",True
CUST_12324,45-54,Male,True
CUST_12325,35-44,Female,True
CUST_12326,18-24,Male,True
CUST_12327,45-54,Female,True
CUST_12328,18-24,Female,True
CUST_12329,25-34,Male,True
CUST_12330,45-54,Male,False
CUST_12331,35-44,Female,True
CUST_12332,35-44,"Prefer not to say",True
CUST_12333,25-34,Male,True
CUST_12334,35-44,Female,True
CUST_12335,18-24,Female,True
CUST_12336,18-24,Female,True
CUST_12337,35-44,Female,True
CUST_12338,25-34,Male,True
CUST_12339,45-54,Male,True
CUST_12340,45-54,"Prefer not to say",True
CUST_12341,35-44,Female,True
CUST_12342,35-44,Female,True
CUST_12343,25-34,Male,True
CUST_12344,55+,Female,True
CUST_12345,18-24,Male,True
CUST_12346,25-34,Female,True
CUST_12347,18-24,Female,True
CUST_12348,55+,Male,True
CUST_12349,55+,Male,True
CUST_12350,25-34,Male,True
CUST_12351,35-44,Non-binary,True
CUST_12352,25-34,Male,True
CUST_12353,18-24,Male,True
CUST_12354,25-34,Male,True
CUST_12355,35-44,Male,True
CUST_12356,18-24,Female,True
CUST_12357,45-54,Male,True
CUST_12358,35-44,Female,True
CUST_12359,45-54,Female,True
CUST_12360,25-34,Male,True
CUST_12361,35-44,Male,True
CUST_12362,18-24,Male,True
CUST_12363,18-24,Female,True
CUST_12364,25-34,Male,True
CUST_12365,45-54,Female,True
CUST_12366,35-44,Male,True
CUST_12367,25-34,Male,True
CUST_12368,25-34,Non-binary,True
CUST_12369,35-44,Male,True
CUST_12370,55+,Male,True
CUST_12371,18-24,Male,True
CUST_12372,45-54,Female,True
CUST_12373,18-24,Male,True
CUST_12374,35-44,Male,True
CUST_12375,35-44,Male,True
CUST_12376,25-34,Male,True
CUST_12377,25-34,Male,True
CUST_12378,45-54,Female,True
CUST_12379,25-34,"Prefer not to say",True
CUST_12380,45-54,Female,True
CUST_12381,55+,Female,True
CUST_12382,55+,Female,True
CUST_12383,45-54,Non-binary,False
CUST_12384,45-54,Female,True
CUST_12385,25-34,Male,True
CUST_12386,55+,Female,True
CUST_12387,25-34,Male,True
CUST_12388,25-34,Male,True
CUST_12389,45-54,Male,True
CUST_12390,18-24,Female,True
CUST_12391,45-54,Female,True
CUST_12392,18-24,Female,True
CUST_12393,45-54,Male,False
CUST_12394,18-24,Female,True
CUST_12395,25-34,Non-binary,True
CUST_12396,55+,Female,True
CUST_12397,35-44,Male,True
CUST_12398,25-34,"Prefer not to say",True
CUST_12399,25-34,Female,True
CUST_12400,35-44,Male,True
CUST_12401,18-24,Female,True
CUST_12402,25-34,Female,True
CUST_12403,35-44,Female,True
CUST_12404,45-54,Male,False
CUST_12405,18-24,Female,True
CUST_12406,35-44,Non-binary,True
CUST_12407,18-24,"Prefer not to say",True
CUST_12408,25-34,Female,True
CUST_12409,45-54,"Prefer not to say",True
CUST_12410,55+,Male,True
CUST_12411,25-34,Female,True
CUST_12412,25-34,Male,True
CUST_12413,25-34,Female,True
CUST_12414,18-24,Female,True
CUST_12415,25-34,Male,True
CUST_12416,18-24,Female,True
CUST_12417,25-34,Female,True
CUST_12418,35-44,Male,True
CUST_12419,25-34,Male,True
CUST_12420,55+,Female,True
CUST_12421,35-44,Male,True
CUST_12422,35-44,Male,True
CUST_12423,55+,Non-binary,True
CUST_12424,25-34,Non-binary,True
CUST_12425,35-44,Female,True
CUST_12426,25-34,Female,True
CUST_12427,45-54,Male,False
CUST_12428,25-34,Male,True
CUST_12429,45-54,Female,True
CUST_12430,25-34,Male,True
CUST_12431,35-44,Male,True
CUST_12432,45-54,Female,True
CUST_12433,18-24,Male,True
CUST_12434,25-34,Male,True
CUST_12435,18-24,Male,True
CUST_12436,18-24,Female,True
CUST_12437,45-54,Female,True
CUST_12438,45-54,"Prefer not to say",True
CUST_12439,25-34,Male,True
CUST_12440,25-34,Female,True
CUST_12441,35-44,Female,True
CUST_12442,35-44,Female,True
CUST_12443,25-34,Female,True
CUST_12444,35-44,Female,True
CUST_12445,25-34,Female,True
CUST_12446,18-24,Male,True
CUST_12447,25-34,Male,True
CUST_12448,18-24,Female,True
CUST_12449,18-24,Male,True
CUST_12450,45-54,Male,True
CUST_12451,35-44,Female,True
CUST_12452,18-24,Female,True
CUST_12453,35-44,Male,True
CUST_12454,25-34,Non-binary,True
CUST_12455,45-54,Male,False
CUST_12456,45-54,Female,True
CUST_12457,25-34,Female,True
CUST_12458,45-54,Male,True
CUST_12459,25-34,Male,True
CUST_12460,18-24,Non-binary,True
CUST_12461,35-44,Male,True
CUST_12462,25-34,Male,True
CUST_12463,35-44,Male,True
CUST_12464,35-44,Female,True
CUST_12465,35-44,Female,True
CUST_12466,25-34,Female,True
CUST_12467,35-44,Male,True
CUST_12468,25-34,Male,True
CUST_12469,25-34,Female,True
CUST_12470,45-54,Non-binary,True
CUST_12471,25-34,Male,True
CUST_12472,18-24,Male,True
CUST_12473,25-34,Male,True
CUST_12474,25-34,Male,True
CUST_12475,35-44,Female,True
CUST_12476,25-34,Non-binary,True
CUST_12477,25-34,Male,True
CUST_12478,18-24,Female,True
CUST_12479,55+,Non-binary,True
CUST_12480,35-44,Female,True
CUST_12481,25-34,Female,True
CUST_12482,45-54,Male,True
CUST_12483,25-34,Male,True
CUST_12484,25-34,Male,True
CUST_12485,35-44,Male,True
CUST_12486,35-44,Female,True
CUST_12487,25-34,Female,False
CUST_12488,25-34,Female,True
CUST_12489,18-24,Female,True
CUST_12490,25-34,Male,True
CUST_12491,25-34,Female,True
CUST_12492,18-24,Female,True
CUST_12493,18-24,Female,True
CUST_12494,25-34,Male,True
CUST_12495,25-34,Male,True
CUST_12496,18-24,Male,True
CUST_12497,25-34,Female,False
CUST_12498,25-34,Female,True
CUST_12499,18-24,Female,True
CUST_12500,45-54,Female,True
CUST_12501,18-24,Female,True
CUST_12502,35-44,Female,True
CUST_12503,25-34,Male,True
CUST_12504,35-44,Male,True
CUST_12505,25-34,Male,True
CUST_12506,25-34,"Prefer not to say",True
CUST_12507,45-54,Female,True
CUST_12508,25-34,Male,True
CUST_12509,55+,Non-binary,True
CUST_12510,45-54,Male,True
CUST_12511,25-34,"Prefer not to say",True
CUST_12512,35-44,Non-binary,True
CUST_12513,35-44,Male,True
CUST_12514,55+,Male,True
CUST_12515,18-24,"Prefer not to say",True
CUST_12516,35-44,Male,True
CUST_12517,35-44,Female,False
CUST_12518,35-44,Female,True
CUST_12519,25-34,Male,True
CUST_12520,18-24,Female,True
CUST_12521,35-44,Female,True
CUST_12522,35-44,Female,True
CUST_12523,55+,Male,True
CUST_12524,18-24,Female,True
CUST_12525,35-44,Female,True
CUST_12526,25-34,Non-binary,True
CUST_12527,25-34,Male,True
CUST_12528,35-44,Female,True
CUST_12529,25-34,Male,True
CUST_12530,35-44,Female,True
CUST_12531,35-44,Female,True
CUST_12532,25-34,Female,True
CUST_12533,35-44,Male,True
CUST_12534,35-44,Female,True
CUST_12535,25-34,Female,True
CUST_12536,35-44,Male,True
CUST_12537,25-34,Male,True
CUST_12538,25-34,"Prefer not to say",True
CUST_12539,35-44,Male,True
CUST_12540,35-44,Male,True
CUST_12541,35-44,Female,True
CUST_12542,35-44,Male,True
CUST_12543,18-24,Female,False
CUST_12544,25-34,Non-binary,True
CUST_12545,45-54,Male,True
CUST_12546,45-54,Female,True
CUST_12547,35-44,Male,True
CUST_12548,55+,Male,True
CUST_12549,18-24,Male,True
CUST_12550,45-54,Female,True
CUST_12551,25-34,Male,True
CUST_12552,25-34,Female,True
CUST_12553,25-34,Female,True
CUST_12554,18-24,Female,True
CUST_12555,35-44,Male,True
CUST_12556,25-34,Male,True
CUST_12557,25-34,Male,True
CUST_12558,18-24,Female,True
CUST_12559,25-34,Male,True
CUST_12560,45-54,Female,True
CUST_12561,18-24,Female,True
CUST_12562,45-54,Female,True
CUST_12563,25-34,Male,True
CUST_12564,18-24,Non-binary,True
CUST_12565,35-44,Female,True
CUST_12566,25-34,Male,True
CUST_12567,45-54,Female,True
CUST_12568,25-34,Male,True
CUST_12569,55+,Non-binary,True
CUST_12570,18-24,Female,True
CUST_12571,18-24,Male,True
CUST_12572,25-34,Male,True
CUST_12573,55+,Male,True
CUST_12574,25-34,Female,True
CUST_12575,25-34,"Prefer not to say",True
CUST_12576,55+,Female,True
CUST_12577,25-34,Male,True
CUST_12578,18-24,Female,True
CUST_12579,25-34,Female,True
CUST_12580,45-54,Male,True
CUST_12581,35-44,Male,True
CUST_12582,45-54,Female,True
CUST_12583,18-24,Male,True
CUST_12584,55+,"Prefer not to say",True
CUST_12585,25-34,Female,True
CUST_12586,45-54,"Prefer not to say",True
CUST_12587,18-24,Female,True
CUST_12588,45-54,Male,True
CUST_12589,35-44,Non-binary,True
CUST_12590,18-24,Male,True
CUST_12591,35-44,"Prefer not to say",True
CUST_12592,18-24,Female,True
CUST_12593,45-54,Female,True
CUST_12594,55+,"Prefer not to say",True
CUST_12595,18-24,Male,True
CUST_12596,25-34,Male,True
CUST_12597,35-44,"Prefer not to say",True
CUST_12598,18-24,Non-binary,True
CUST_12599,18-24,Female,True
CUST_12600,25-34,Female,True
CUST_12601,45-54,"Prefer not to say",True
CUST_12602,45-54,Female,True
CUST_12603,35-44,Male,True
CUST_12604,18-24,Male,True
CUST_12605,25-34,Male,True
CUST_12606,18-24,Male,False
CUST_12607,35-44,Male,True
CUST_12608,25-34,Male,True
CUST_12609,35-44,Male,True
CUST_12610,45-54,"Prefer not to say",True
CUST_12611,25-34,Male,True
CUST_12612,18-24,Male,True
CUST_12613,18-24,Male,True
CUST_12614,18-24,Female,True
CUST_12615,45-54,Female,True
CUST_12616,45-54,Male,True
CUST_12617,35-44,Male,True
CUST_12618,45-54,Male,True
CUST_12619,25-34,Female,True
CUST_12620,25-34,Female,True
CUST_12621,25-34,"Prefer not to say",True
CUST_12622,25-34,Female,True
CUST_12623,35-44,Male,True
CUST_12624,35-44,Male,True
CUST_12625,55+,Female,True
CUST_12626,35-44,Male,True
CUST_12627,18-24,Male,False
CUST_12628,18-24,Female,True
CUST_12629,35-44,Male,True
CUST_12630,25-34,Male,True
CUST_12631,35-44,Male,True
CUST_12632,35-44,Female,True
CUST_12633,18-24,Male,True
CUST_12634,45-54,Female,True
CUST_12635,35-44,Female,True
CUST_12636,18-24,Female,True
CUST_12637,18-24,Female,True
CUST_12638,25-34,Male,True
CUST_12639,45-54,Non-binary,True
CUST_12640,18-24,Male,True
CUST_12641,45-54,Male,True
CUST_12642,35-44,Male,True
CUST_12643,45-54,Female,True
CUST_12644,35-44,Male,True
CUST_12645,18-24,Female,True
CUST_12646,35-44,Female,True
CUST_12647,45-54,Female,True
CUST_12648,35-44,Male,True
CUST_12649,35-44,Male,True
CUST_12650,45-54,Female,True
CUST_12651,55+,Female,True
CUST_12652,25-34,Female,True
CUST_12653,35-44,Female,True
CUST_12654,35-44,Male,True
CUST_12655,18-24,"Prefer not to say",True
CUST_12656,35-44,Non-binary,True
CUST_12657,25-34,Male,True
CUST_12658,25-34,Male,True
CUST_12659,45-54,Female,True
CUST_12660,55+,Male,True
CUST_12661,25-34,Male,True
CUST_12662,18-24,Female,True
CUST_12663,18-24,Female,True
CUST_12664,35-44,Non-binary,True
CUST_12665,35-44,Female,True
CUST_12666,18-24,Female,True
CUST_12667,35-44,Male,False
CUST_12668,25-34,Male,False
CUST_12669,18-24,Female,True
CUST_12670,45-54,Male,True
CUST_12671,25-34,Male,True
CUST_12672,25-34,Female,True
CUST_12673,25-34,Female,True
CUST_12674,35-44,Female,True
CUST_12675,25-34,Female,True
CUST_12676,18-24,Female,True
CUST_12677,35-44,"Prefer not to say",True
CUST_12678,35-44,Male,True
CUST_12679,25-34,Female,True
CUST_12680,25-34,Male,True
CUST_12681,25-34,Female,True
CUST_12682,25-34,Female,True
CUST_12683,25-34,Female,True
CUST_12684,35-44,Non-binary,True
CUST_12685,25-34,Female,True
CUST_12686,25-34,Female,True
CUST_12687,55+,Female,True
CUST_12688,45-54,Male,True
CUST_12689,25-34,"Prefer not to say",True
CUST_12690,25-34,Male,True
CUST_12691,55+,Female,True
CUST_12692,18-24,Male,True
CUST_12693,18-24,Female,True
CUST_12694,18-24,Male,True
CUST_12695,55+,Female,True
CUST_12696,35-44,Female,True
CUST_12697,25-34,Female,True
CUST_12698,45-54,Female,True
CUST_12699,25-34,Male,True
CUST_12700,25-34,Female,True
CUST_12701,35-44,Female,True
CUST_12702,35-44,Female,False
CUST_12703,45-54,Female,True
CUST_12704,35-44,"Prefer not to say",True
CUST_12705,35-44,Male,False
CUST_12706,35-44,Female,True
CUST_12707,25-34,Female,True
CUST_12708,35-44,"Prefer not to say",False
CUST_12709,25-34,Male,True
CUST_12710,35-44,Female,True
CUST_12711,45-54,"Prefer not to say",True
CUST_12712,25-34,Male,True
CUST_12713,18-24,Female,True
CUST_12714,35-44,Male,True
CUST_12715,35-44,Female,True
CUST_12716,45-54,Male,True
CUST_12717,35-44,Female,True
CUST_12718,45-54,Female,True
CUST_12719,45-54,Female,True
CUST_12720,25-34,Female,True
CUST_12721,18-24,Female,True
CUST_12722,25-34,Female,True
CUST_12723,35-44,Female,True
CUST_12724,45-54,Male,True
CUST_12725,55+,Female,True
CUST_12726,55+,Female,True
CUST_12727,18-24,Male,True
CUST_12728,25-34,Male,True
CUST_12729,25-34,Female,True
CUST_12730,25-34,Female,True
CUST_12731,25-34,Non-binary,True
CUST_12732,25-34,Non-binary,True
CUST_12733,35-44,Female,True
CUST_12734,35-44,Male,True
CUST_12735,25-34,Female,True
CUST_12736,25-34,Male,True
CUST_12737,25-34,Male,True
CUST_12738,35-44,Male,True
CUST_12739,18-24,Male,True
CUST_12740,25-34,Non-binary,True
CUST_12741,25-34,Male,True
CUST_12742,45-54,Male,True
CUST_12743,35-44,Non-binary,True
CUST_12744,35-44,Female,True
CUST_12745,35-44,Female,True
CUST_12746,25-34,"Prefer not to say",True
CUST_12747,18-24,Female,True
CUST_12748,55+,Male,True
CUST_12749,45-54,Non-binary,True
CUST_12750,25-34,Male,True
CUST_12751,18-24,Female,True
CUST_12752,18-24,Female,True
CUST_12753,25-34,Male,True
CUST_12754,25-34,Female,True
CUST_12755,25-34,Male,True
CUST_12756,45-54,Female,True
CUST_12757,25-34,Female,True
CUST_12758,35-44,Male,True
CUST_12759,35-44,Male,True
CUST_12760,35-44,Non-binary,True
CUST_12761,18-24,"Prefer not to say",True
CUST_12762,25-34,Female,True
CUST_12763,18-24,Female,True
CUST_12764,25-34,Male,True
CUST_12765,18-24,Female,True
CUST_12766,25-34,Female,True
CUST_12767,35-44,Male,True
CUST_12768,25-34,Male,True
CUST_12769,25-34,Female,True
CUST_12770,35-44,Male,True
CUST_12771,35-44,Male,True
CUST_12772,25-34,Female,True
CUST_12773,35-44,Female,True
CUST_12774,25-34,Female,True
CUST_12775,18-24,Male,True
CUST_12776,35-44,Female,True
CUST_12777,18-24,Male,True
CUST_12778,25-34,Non-binary,True
CUST_12779,35-44,Male,True
CUST_12780,45-54,Female,False
CUST_12781,25-34,Male,True
CUST_12782,45-54,Female,True
CUST_12783,25-34,Female,True
CUST_12784,18-24,Male,True
CUST_12785,25-34,Male,True
CUST_12786,18-24,Male,True
CUST_12787,18-24,Male,True
CUST_12788,35-44,Male,True
CUST_12789,45-54,Non-binary,True
CUST_12790,45-54,Male,True
CUST_12791,35-44,Female,True
CUST_12792,18-24,Male,True
CUST_12793,25-34,Non-binary,True
CUST_12794,45-54,Male,True
CUST_12796,35-44,Female,True
CUST_12797,45-54,Male,True
CUST_12798,25-34,Female,True
CUST_12799,35-44,Female,True
CUST_12800,25-34,Male,True
CUST_12801,55+,Female,True
CUST_12802,55+,"Prefer not to say",True
CUST_12803,35-44,Female,True
CUST_12804,35-44,Female,True
CUST_12805,35-44,Female,True
CUST_12806,35-44,Female,True
CUST_12807,45-54,Female,True
CUST_12808,18-24,Male,True
CUST_12809,18-24,Male,True
CUST_12810,55+,Male,True
CUST_12811,25-34,Female,True
CUST_12812,25-34,Male,True
CUST_12813,25-34,Female,True
CUST_12814,45-54,Female,True
CUST_12815,45-54,Male,True
CUST_12816,45-54,Female,True
CUST_12817,35-44,Male,True
CUST_12818,35-44,Female,True
CUST_12819,25-34,Male,True
CUST_12820,35-44,Female,True
CUST_12821,25-34,Female,True
CUST_12822,35-44,Male,True
CUST_12823,25-34,Male,True
CUST_12824,55+,Female,True
CUST_12825,18-24,Female,True
CUST_12826,45-54,Female,True
CUST_12827,35-44,Female,True
CUST_12828,25-34,Male,True
CUST_12829,25-34,Male,True
CUST_12830,25-34,Female,True
CUST_12831,25-34,Male,True
CUST_12832,25-34,Female,True
CUST_12833,35-44,Female,True
CUST_12834,35-44,Male,True
CUST_12835,55+,Male,True
CUST_12836,25-34,Female,True
CUST_12837,25-34,Male,False
CUST_12838,35-44,"Prefer not to say",True
CUST_12839,35-44,Female,False
CUST_12840,25-34,Female,True
CUST_12841,45-54,Female,True
CUST_12842,55+,Female,True
CUST_12843,25-34,Male,True
CUST_12844,25-34,Female,True
CUST_12845,25-34,"Prefer not to say",True
CUST_12846,35-44,Male,True
CUST_12847,55+,Female,True
CUST_12848,25-34,Female,True
CUST_12849,45-54,Female,True
CUST_12850,25-34,Female,True
CUST_12851,45-54,Female,True
CUST_12852,35-44,Female,True
CUST_12853,18-24,Non-binary,True
CUST_12854,25-34,Female,True
CUST_12855,25-34,Male,True
CUST_12856,25-34,Female,True
CUST_12857,35-44,Female,True
CUST_12858,18-24,Female,True
CUST_12859,45-54,Male,True
CUST_12860,25-34,Female,True
CUST_12861,18-24,Female,True
CUST_12862,35-44,"Prefer not to say",True
CUST_12863,25-34,Male,True
CUST_12864,45-54,Female,True
CUST_12865,45-54,Female,True
CUST_12866,25-34,Female,True
CUST_12867,45-54,Male,True
CUST_12868,35-44,Female,True
CUST_12869,25-34,Male,True
CUST_12870,45-54,Female,True
CUST_12871,55+,Female,True
CUST_12872,18-24,Male,True
CUST_12873,18-24,Male,True
CUST_12874,35-44,Female,True
CUST_12875,35-44,Male,True
CUST_12876,25-34,Female,True
CUST_12877,25-34,Female,True
CUST_12878,55+,Male,True
CUST_12879,35-44,Male,True
CUST_12880,55+,Female,True
CUST_12881,25-34,Female,True
CUST_12882,45-54,Male,True
CUST_12883,25-34,Female,True
CUST_12884,35-44,Female,True
CUST_12885,55+,Female,True
CUST_12886,25-34,Non-binary,True
CUST_12887,25-34,Female,True
CUST_12888,18-24,Female,True
CUST_12889,18-24,Female,True
CUST_12890,18-24,Male,True
CUST_12891,25-34,Female,True
CUST_12892,35-44,Male,True
CUST_12893,18-24,Female,True
CUST_12894,55+,Female,True
CUST_12895,45-54,Male,True
CUST_12896,18-24,Female,True
CUST_12897,35-44,Male,True
CUST_12898,35-44,Male,True
CUST_12899,18-24,Non-binary,True
CUST_12900,18-24,Female,True
CUST_12901,25-34,Female,True
CUST_12902,25-34,Female,True
CUST_12903,45-54,Female,True
CUST_12904,25-34,Female,True
CUST_12905,25-34,Male,True
CUST_12906,25-34,"Prefer not to say",True
CUST_12907,25-34,Female,True
CUST_12908,25-34,Female,True
CUST_12909,25-34,Female,False
CUST_12910,25-34,Male,True
CUST_12911,35-44,Male,True
CUST_12912,18-24,Male,True
CUST_12913,45-54,Female,True
CUST_12914,45-54,Female,True
CUST_12915,18-24,Male,True
CUST_12916,35-44,Non-binary,True
CUST_12917,25-34,Female,True
CUST_12918,25-34,Female,True
CUST_12919,25-34,Female,True
CUST_12920,55+,Male,True
CUST_12921,35-44,Female,True
CUST_12922,25-34,Female,True
CUST_12923,45-54,"Prefer not to say",True
CUST_12924,25-34,"Prefer not to say",True
CUST_12925,18-24,Female,True
CUST_12926,55+,Female,True
CUST_12927,35-44,Non-binary,True
CUST_12928,35-44,Male,True
CUST_12929,25-34,Female,True
CUST_12930,45-54,Female,True
CUST_12931,18-24,Female,True
CUST_12932,35-44,"Prefer not to say",True
CUST_12933,25-34,Non-binary,True
CUST_12934,35-44,Male,True
CUST_12935,35-44,Female,True
CUST_12936,55+,Female,True
CUST_12937,45-54,Male,True
CUST_12938,35-44,Female,True
CUST_12939,25-34,Non-binary,True
CUST_12940,18-24,Female,True
CUST_12941,35-44,"Prefer not to say",True
CUST_12942,45-54,Male,True
CUST_12943,25-34,Female,True
CUST_12944,25-34,Male,True
CUST_12945,25-34,Non-binary,True
CUST_12946,35-44,Female,True
CUST_12947,35-44,Female,True
CUST_12948,18-24,Male,True
CUST_12949,35-44,Male,True
CUST_12950,55+,Female,True
CUST_12951,25-34,Male,True
CUST_12952,35-44,Male,True
CUST_12953,25-34,Male,False
CUST_12954,25-34,Female,True
CUST_12955,25-34,Non-binary,True
CUST_12956,18-24,Male,True
CUST_12957,45-54,Female,False
CUST_12958,45-54,Non-binary,True
CUST_12959,25-34,Male,True
CUST_12960,55+,Male,False
CUST_12961,55+,Female,True
CUST_12962,18-24,Male,True
CUST_12963,45-54,Female,True
CUST_12964,18-24,Female,True
CUST_12965,25-34,"Prefer not to say",True
CUST_12966,25-34,Male,True
CUST_12967,18-24,Female,True
CUST_12968,25-34,Female,True
CUST_12969,18-24,Male,True
CUST_12970,18-24,Male,True
CUST_12971,18-24,Female,True
CUST_12972,25-34,Male,True
CUST_12973,25-34,Male,True
CUST_12974,18-24,Male,True
CUST_12975,18-24,Male,True
CUST_12976,25-34,Male,False
CUST_12977,35-44,Female,True
CUST_12978,25-34,Male,True
CUST_12979,55+,Male,True
CUST_12980,35-44,"Prefer not to say",True
CUST_12981,35-44,Female,True
CUST_12982,18-24,Female,True
CUST_12983,45-54,Male,True
CUST_12984,35-44,Male,True
CUST_12985,25-34,Female,True
CUST_12986,35-44,Male,True
CUST_12987,25-34,"Prefer not to say",True
CUST_12988,25-34,Male,True
CUST_12989,35-44,Female,True
CUST_12990,25-34,Male,True
CUST_12991,25-34,Female,True
CUST_12992,45-54,Male,True
CUST_12993,25-34,Female,True
CUST_12994,18-24,Female,True
CUST_12995,35-44,Female,True
CUST_12996,25-34,Male,True
CUST_12997,25-34,Female,True
CUST_12998,18-24,Male,True
CUST_12999,35-44,Female,True
CUST_13000,25-34,Female,True
CUST_13001,25-34,Non-binary,True
CUST_13002,45-54,Female,True
CUST_13003,55+,Female,True
CUST_13004,45-54,Female,True
CUST_13005,25-34,Male,True
CUST_13006,45-54,"Prefer not to say",True
CUST_13007,35-44,Female,True
CUST_13008,35-44,Male,True
CUST_13009,18-24,Female,True
CUST_13010,35-44,Male,True
CUST_13011,25-34,Female,True
CUST_13012,35-44,Female,True
CUST_13013,18-24,Male,True
CUST_13014,18-24,Male,True
CUST_13015,25-34,Female,True
CUST_13016,35-44,Male,True
CUST_13017,18-24,Female,True
CUST_13018,55+,Male,True
CUST_13019,18-24,Male,True
CUST_13020,25-34,Female,True
CUST_13021,45-54,Female,True
CUST_13022,35-44,Male,True
CUST_13023,25-34,Male,True
CUST_13024,45-54,Non-binary,True
CUST_13025,25-34,Female,True
CUST_13026,25-34,Male,True
CUST_13027,35-44,Male,True
CUST_13028,35-44,Female,True
CUST_13029,18-24,Male,True
CUST_13030,25-34,Female,True
CUST_13031,25-34,Male,True
CUST_13032,25-34,Non-binary,True
CUST_13033,25-34,Male,True
CUST_13034,35-44,Male,True
CUST_13035,18-24,Male,True
CUST_13036,18-24,Male,True
CUST_13037,45-54,Male,True
CUST_13038,55+,Male,True
CUST_13039,18-24,Male,True
CUST_13040,35-44,Female,True
CUST_13041,35-44,Female,True
CUST_13042,18-24,Male,False
CUST_13043,45-54,Female,True
CUST_13044,25-34,Female,True
CUST_13045,25-34,Female,True
CUST_13046,35-44,Male,True
CUST_13047,25-34,Female,True
CUST_13048,55+,Female,True
CUST_13049,25-34,Male,True
CUST_13050,55+,Female,True
CUST_13051,18-24,Male,True
CUST_13052,25-34,Female,True
CUST_13053,25-34,Female,True
CUST_13054,35-44,Male,True
CUST_13055,25-34,Male,True
CUST_13056,25-34,Female,True
CUST_13057,25-34,Female,True
CUST_13058,25-34,Female,True
CUST_13059,25-34,Male,True
CUST_13060,25-34,Male,True
CUST_13061,25-34,"Prefer not to say",True
CUST_13062,45-54,Non-binary,True
CUST_13063,45-54,Female,True
CUST_13064,35-44,Female,True
CUST_13065,45-54,Female,True
CUST_13066,25-34,Male,True
CUST_13067,25-34,Male,True
CUST_13068,35-44,Male,True
CUST_13069,45-54,Female,True
CUST_13070,25-34,Female,True
CUST_13071,25-34,"Prefer not to say",True
CUST_13072,55+,Male,True
CUST_13073,45-54,Male,True
CUST_13074,25-34,Female,True
CUST_13075,18-24,Male,True
CUST_13076,45-54,Male,True
CUST_13077,45-54,Female,True
CUST_13078,35-44,"Prefer not to say",True
CUST_13079,25-34,Female,True
CUST_13080,45-54,Male,True
CUST_13081,18-24,Female,True
CUST_13082,45-54,Female,True
CUST_13083,25-34,Female,True
CUST_13084,45-54,Female,True
CUST_13085,25-34,Male,True
CUST_13086,18-24,Female,True
CUST_13087,55+,Female,True
CUST_13088,25-34,Male,True
CUST_13089,25-34,Female,True
CUST_13090,25-34,Female,True
CUST_13091,35-44,Female,True
CUST_13092,18-24,Male,True
CUST_13093,35-44,Male,True
CUST_13094,25-34,Non-binary,True
CUST_13095,35-44,Female,True
CUST_13096,35-44,Female,True
CUST_13097,25-34,Female,True
CUST_13098,35-44,Male,True
CUST_13099,25-34,Female,True
CUST_13100,25-34,Female,True
CUST_13101,35-44,Non-binary,False
CUST_13102,55+,Female,True
CUST_13103,25-34,Male,True
CUST_13104,18-24,Male,True
CUST_13105,35-44,Male,True
CUST_13106,45-54,Male,True
CUST_13107,25-34,Female,True
CUST_13108,35-44,Female,True
CUST_13109,45-54,Male,True
CUST_13110,35-44,Female,True
CUST_13111,18-24,Male,True
CUST_13112,25-34,Male,True
CUST_13113,35-44,Female,True
CUST_13114,25-34,Female,True
CUST_13115,18-24,Non-binary,True
CUST_13116,45-54,"Prefer not to say",True
CUST_13117,18-24,Female,True
CUST_13118,25-34,Male,True
CUST_13119,45-54,Male,True
CUST_13120,55+,Female,True
CUST_13121,18-24,Male,True
CUST_13122,25-34,Female,True
CUST_13123,45-54,Male,False
CUST_13124,18-24,Female,False
CUST_13125,55+,Male,True
CUST_13126,25-34,Female,True
CUST_13127,45-54,Female,True
CUST_13128,45-54,"Prefer not to say",True
CUST_13129,25-34,"Prefer not to say",True
CUST_13130,25-34,Male,True
CUST_13131,55+,Male,True
CUST_13132,25-34,Male,True
CUST_13133,25-34,Female,True
CUST_13134,25-34,Female,True
CUST_13135,35-44,Male,True
CUST_13136,35-44,Male,True
CUST_13137,35-44,Male,True
CUST_13138,45-54,Female,False
CUST_13139,25-34,Female,True
CUST_13140,45-54,Male,True
CUST_13141,35-44,Female,True
CUST_13142,25-34,Male,True
CUST_13143,55+,Female,True
CUST_13144,45-54,Female,True
CUST_13145,18-24,Male,True
CUST_13146,25-34,Male,True
CUST_13147,18-24,Female,True
CUST_13148,25-34,"Prefer not to say",True
CUST_13149,25-34,"Prefer not to say",True
CUST_13150,55+,Male,True
CUST_13151,45-54,Female,True
CUST_13152,45-54,"Prefer not to say",True
CUST_13153,35-44,Female,True
CUST_13154,25-34,Male,True
CUST_13155,35-44,Male,True
CUST_13156,35-44,"Prefer not to say",True
CUST_13157,18-24,Male,True
CUST_13158,18-24,Female,True
CUST_13159,55+,Male,True
CUST_13160,55+,Non-binary,True
CUST_13161,35-44,"Prefer not to say",True
CUST_13162,55+,"Prefer not to say",True
CUST_13163,45-54,Female,True
CUST_13164,35-44,Female,True
CUST_13165,35-44,Female,True
CUST_13166,55+,Female,True
CUST_13167,25-34,Female,True
CUST_13168,18-24,Female,True
CUST_13169,45-54,Female,True
CUST_13170,45-54,Male,True
CUST_13171,45-54,Female,True
CUST_13172,35-44,Male,True
CUST_13173,25-34,Male,True
CUST_13174,25-34,Female,True
CUST_13175,35-44,Female,True
CUST_13176,25-34,Male,True
CUST_13177,18-24,Male,True
CUST_13178,35-44,Male,True
CUST_13179,35-44,Male,True
CUST_13180,18-24,Female,True
CUST_13181,35-44,Female,True
CUST_13182,18-24,Female,True
CUST_13183,25-34,Male,True
CUST_13184,55+,Male,True
CUST_13185,25-34,Female,True
CUST_13186,18-24,Female,True
CUST_13187,18-24,Female,True
CUST_13188,25-34,Male,True
CUST_13189,45-54,Male,True
CUST_13190,35-44,Female,True
CUST_13191,25-34,Male,True
CUST_13192,35-44,Male,True
CUST_13193,25-34,Female,True
CUST_13194,25-34,Female,True
CUST_13195,18-24,Female,True
CUST_13196,45-54,Male,True
CUST_13197,35-44,Non-binary,True
CUST_13198,18-24,Male,True
CUST_13199,55+,Female,True
CUST_13200,25-34,Non-binary,True
CUST_13201,35-44,Male,True
CUST_13202,35-44,Female,True
CUST_13203,25-34,Female,True
CUST_13204,45-54,Male,True
CUST_13205,55+,Male,True
CUST_13206,18-24,Female,True
CUST_13207,25-34,Female,True
CUST_13208,25-34,Female,True
CUST_13209,35-44,Female,True
CUST_13210,18-24,Male,True
CUST_13211,18-24,Male,True
CUST_13212,35-44,Female,True
CUST_13213,25-34,Male,True
CUST_13214,35-44,Male,True
CUST_13215,35-44,Male,True
CUST_13216,45-54,Male,True
CUST_13217,35-44,Male,True
CUST_13218,25-34,Female,True
CUST_13219,55+,Male,True
CUST_13220,18-24,Male,True
CUST_13221,35-44,Male,True
CUST_13222,25-34,Male,True
CUST_13223,18-24,Non-binary,True
CUST_13224,25-34,"Prefer not to say",True
CUST_13225,35-44,Male,True
CUST_13226,25-34,Male,True
CUST_13227,25-34,Male,True
CUST_13228,35-44,Male,True
CUST_13229,25-34,Male,True
CUST_13230,18-24,Female,True
CUST_13231,25-34,Non-binary,True
CUST_13232,25-34,Female,True
CUST_13233,55+,"Prefer not to say",True
CUST_13234,55+,Male,True
CUST_13235,45-54,Female,True
CUST_13236,35-44,Male,False
CUST_13237,18-24,Female,True
CUST_13238,35-44,Female,True
CUST_13239,35-44,Male,True
CUST_13240,35-44,"Prefer not to say",True
CUST_13241,55+,Non-binary,False
CUST_13242,35-44,Male,True
CUST_13243,55+,Male,True
CUST_13244,45-54,Female,True
CUST_13245,45-54,Male,True
CUST_13246,18-24,Male,True
CUST_13247,35-44,Male,True
CUST_13248,25-34,Female,True
CUST_13249,35-44,Male,True
CUST_13250,55+,Male,True
CUST_13251,25-34,Male,True
CUST_13252,25-34,Female,True
CUST_13253,25-34,Female,True
CUST_13254,45-54,Female,True
CUST_13255,45-54,Female,True
CUST_13256,35-44,Female,True
CUST_13257,25-34,Non-binary,True
CUST_13258,35-44,Female,True
CUST_13259,18-24,Female,True
CUST_13260,45-54,"Prefer not to say",True
CUST_13261,35-44,Female,True
CUST_13262,35-44,Male,True
CUST_13263,18-24,Female,True
CUST_13264,25-34,Female,True
CUST_13265,18-24,Female,False
CUST_13266,25-34,Female,True
CUST_13267,55+,Female,True
CUST_13268,18-24,Male,True
CUST_13269,18-24,Male,True
CUST_13270,25-34,Female,True
CUST_13271,18-24,Female,True
CUST_13272,35-44,Male,True
CUST_13273,45-54,"Prefer not to say",True
CUST_13274,55+,Female,True
CUST_13275,18-24,Male,True
CUST_13276,55+,Male,True
CUST_13277,25-34,Female,True
CUST_13278,25-34,Non-binary,True
CUST_13279,25-34,"Prefer not to say",True
CUST_13280,25-34,Female,False
CUST_13281,45-54,Female,False
CUST_13282,35-44,Female,True
CUST_13283,18-24,Female,False
CUST_13284,25-34,"Prefer not to say",True
CUST_13285,35-44,"Prefer not to say",True
CUST_13286,25-34,Female,True
CUST_13287,18-24,Female,True
CUST_13288,35-44,Female,True
CUST_13289,55+,Female,True
CUST_13290,25-34,Male,True
CUST_13291,25-34,Female,True
CUST_13292,45-54,Female,True
CUST_13293,18-24,Male,True
CUST_13294,45-54,Male,True
CUST_13295,18-24,Male,True
CUST_13296,55+,Female,True
CUST_13297,25-34,Female,True
CUST_13298,25-34,Male,True
CUST_13299,35-44,Male,True
CUST_13300,35-44,Female,True
CUST_13301,35-44,Female,True
CUST_13302,25-34,Female,True
CUST_13303,25-34,Female,True
CUST_13304,35-44,Male,True
CUST_13305,25-34,Female,True
CUST_13306,45-54,Female,True
CUST_13307,25-34,Female,True
CUST_13308,18-24,Non-binary,True
CUST_13309,18-24,Male,True
CUST_13310,25-34,Female,True
CUST_13311,18-24,Female,True
CUST_13312,18-24,Male,True
CUST_13313,55+,Female,True
CUST_13314,25-34,Female,True
CUST_13315,35-44,Male,True
CUST_13316,25-34,Female,True
CUST_13317,35-44,Male,True
CUST_13318,45-54,Female,True
CUST_13319,35-44,Female,True
CUST_13320,45-54,Female,True
CUST_13321,18-24,Female,True
CUST_13322,35-44,Male,True
CUST_13323,18-24,Female,True
CUST_13324,45-54,Male,True
CUST_13325,25-34,Male,True
CUST_13326,25-34,Male,True
CUST_13327,25-34,Female,True
CUST_13328,35-44,Male,True
CUST_13329,55+,Male,True
CUST_13330,18-24,Male,True
CUST_13331,25-34,Female,True
CUST_13332,25-34,Female,True
CUST_13333,35-44,Male,True
CUST_13334,45-54,Male,True
CUST_13335,25-34,Male,True
CUST_13336,25-34,Male,True
CUST_13337,18-24,Male,True
CUST_13338,18-24,Male,True
CUST_13339,18-24,Female,True
CUST_13340,25-34,Male,True
CUST_13341,35-44,Female,True
CUST_13342,45-54,"Prefer not to say",True
CUST_13343,25-34,"Prefer not to say",True
CUST_13344,18-24,Male,True
CUST_13345,45-54,Female,True
CUST_13346,35-44,Non-binary,False
CUST_13347,25-34,Male,True
CUST_13348,35-44,Male,True
CUST_13349,45-54,Female,True
CUST_13350,18-24,Male,True
CUST_13351,45-54,Male,True
CUST_13352,25-34,Female,True
CUST_13353,35-44,Female,True
CUST_13354,45-54,Female,True
CUST_13355,45-54,Non-binary,False
CUST_13356,25-34,Female,True
CUST_13357,35-44,Male,False
CUST_13358,55+,Non-binary,True
CUST_13359,55+,Female,True
CUST_13360,45-54,Male,True
CUST_13361,35-44,Female,True
CUST_13362,25-34,Female,True
CUST_13363,18-24,Non-binary,True
CUST_13364,25-34,Male,True
CUST_13365,55+,Female,True
CUST_13366,18-24,Male,True
CUST_13367,25-34,Female,True
CUST_13368,25-34,Female,True
CUST_13369,18-24,Female,True
CUST_13370,35-44,Female,True
CUST_13371,35-44,Female,True
CUST_13372,35-44,Male,True
CUST_13373,18-24,Female,True
CUST_13374,18-24,Male,True
CUST_13375,18-24,Male,False
CUST_13376,18-24,Male,True
CUST_13377,35-44,Male,True
CUST_13378,45-54,Female,True
CUST_13379,25-34,Male,True
CUST_13380,45-54,Male,True
CUST_13381,35-44,Female,True
CUST_13382,25-34,Non-binary,True
CUST_13383,35-44,Female,True
CUST_13384,35-44,Male,True
CUST_13385,18-24,Male,True
CUST_13386,45-54,Female,True
CUST_13387,45-54,Female,True
CUST_13388,35-44,Female,True
CUST_13389,35-44,Female,True
CUST_13390,18-24,Female,True
CUST_13391,18-24,Female,True
CUST_13392,45-54,Female,True
CUST_13393,25-34,Male,True
CUST_13394,35-44,Male,True
CUST_13395,35-44,Female,True
CUST_13396,35-44,Male,True
CUST_13397,45-54,Male,True
CUST_13398,25-34,Female,True
CUST_13399,55+,Female,True
CUST_13400,35-44,Male,True
CUST_13401,55+,Female,True
CUST_13402,35-44,Male,True
CUST_13403,25-34,Female,True
CUST_13404,18-24,Non-binary,True
CUST_13405,35-44,Male,False
CUST_13406,18-24,Female,True
CUST_13407,35-44,Female,True
CUST_13408,55+,Male,True
CUST_13409,18-24,Male,True
CUST_13410,25-34,Male,True
CUST_13411,18-24,Female,True
CUST_13412,35-44,Female,True
CUST_13413,18-24,Female,True
CUST_13414,18-24,Male,True
CUST_13415,25-34,Female,True
CUST_13416,45-54,Female,True
CUST_13417,55+,Male,True
CUST_13418,35-44,Male,True
CUST_13419,25-34,Female,True
CUST_13420,25-34,Female,True
CUST_13421,25-34,Female,True
CUST_13422,35-44,Non-binary,True
CUST_13423,25-34,Female,True
CUST_13424,25-34,Male,True
CUST_13425,45-54,Male,True
CUST_13426,25-34,Male,True
CUST_13427,25-34,Male,True
CUST_13428,18-24,Female,True
CUST_13429,45-54,Female,True
CUST_13430,25-34,Male,True
CUST_13431,55+,Male,True
CUST_13432,18-24,Female,False
CUST_13433,25-34,Female,True
CUST_13434,18-24,Female,True
CUST_13435,18-24,Female,True
CUST_13436,55+,Male,True
CUST_13437,45-54,Male,True
CUST_13438,45-54,Female,True
CUST_13439,25-34,Male,True
CUST_13440,35-44,Male,True
CUST_13441,25-34,Female,True
CUST_13442,18-24,Female,True
CUST_13443,45-54,Male,False
CUST_13444,25-34,Female,True
CUST_13445,18-24,Female,True
CUST_13446,18-24,Female,True
CUST_13447,18-24,Male,True
CUST_13448,45-54,Male,True
CUST_13449,18-24,Male,True
CUST_13450,25-34,Female,True
CUST_13451,18-24,"Prefer not to say",True
CUST_13452,35-44,Female,True
CUST_13453,35-44,Female,True
CUST_13454,25-34,Female,True
CUST_13455,25-34,Female,True
CUST_13456,35-44,Female,True
CUST_13457,25-34,Male,True
CUST_13458,25-34,Male,True
CUST_13459,45-54,Male,True
CUST_13460,35-44,Female,True
CUST_13461,18-24,Male,True
CUST_13462,18-24,Male,True
CUST_13463,18-24,Male,True
CUST_13464,55+,"Prefer not to say",True
CUST_13465,25-34,"Prefer not to say",True
CUST_13466,25-34,Male,True
CUST_13467,35-44,"Prefer not to say",True
CUST_13468,25-34,"Prefer not to say",True
CUST_13469,25-34,Male,True
CUST_13470,35-44,Female,True
CUST_13471,18-24,Male,True
CUST_13472,35-44,Male,True
CUST_13473,18-24,Male,True
CUST_13474,45-54,Female,True
CUST_13475,18-24,Male,True
CUST_13476,25-34,Male,True
CUST_13477,45-54,Male,True
CUST_13478,25-34,Female,True
CUST_13479,25-34,Female,True
CUST_13480,55+,Male,True
CUST_13481,18-24,Male,True
CUST_13482,35-44,Male,True
CUST_13483,25-34,Non-binary,True
CUST_13484,45-54,Male,True
CUST_13485,45-54,Female,True
CUST_13486,18-24,Male,True
CUST_13487,25-34,Male,True
CUST_13488,35-44,Male,True
CUST_13489,18-24,Female,True
CUST_13490,25-34,Female,True
CUST_13491,45-54,Female,True
CUST_13492,35-44,Female,True
CUST_13493,25-34,Male,True
CUST_13494,18-24,Male,True
CUST_13495,25-34,Male,True
CUST_13496,35-44,Female,True
CUST_13497,45-54,Male,True
CUST_13498,18-24,Male,True
CUST_13499,45-54,Male,True
CUST_13500,35-44,Male,True
CUST_13501,35-44,Male,True
CUST_13502,35-44,Male,True
CUST_13503,25-34,Female,True
CUST_13504,25-34,Male,True
CUST_13505,55+,Female,True
CUST_13506,45-54,Non-binary,True
CUST_13507,18-24,Male,True
CUST_13508,35-44,Female,True
CUST_13509,45-54,Non-binary,True
CUST_13510,45-54,Female,True
CUST_13511,25-34,Female,True
CUST_13512,18-24,Male,True
CUST_13513,25-34,Non-binary,True
CUST_13514,45-54,Female,True
CUST_13515,35-44,Female,True
CUST_13516,45-54,Female,True
CUST_13517,45-54,Female,True
CUST_13518,35-44,Female,True
CUST_13519,25-34,Female,True
CUST_13520,35-44,Female,True
CUST_13521,35-44,Male,True
CUST_13522,35-44,Female,True
CUST_13523,25-34,"Prefer not to say",True
CUST_13524,25-34,Male,True
CUST_13525,18-24,Female,True
CUST_13526,35-44,Male,True
CUST_13527,45-54,Female,True
CUST_13528,35-44,Male,True
CUST_13529,55+,Male,True
CUST_13530,18-24,Female,True
CUST_13531,18-24,Female,True
CUST_13532,25-34,Female,True
CUST_13533,18-24,Male,True
CUST_13534,18-24,Male,True
CUST_13535,18-24,Female,True
CUST_13536,45-54,Female,True
CUST_13537,55+,Female,True
CUST_13538,25-34,Female,True
CUST_13539,25-34,Male,True
CUST_13540,18-24,Male,True
CUST_13541,45-54,Male,True
CUST_13542,55+,Male,True
CUST_13543,25-34,Non-binary,True
CUST_13544,18-24,Male,True
CUST_13545,55+,Female,False
CUST_13546,45-54,Female,True
CUST_13547,25-34,Male,True
CUST_13548,45-54,Non-binary,True
CUST_13549,25-34,Female,False
CUST_13550,35-44,Non-binary,True
CUST_13551,35-44,Male,True
CUST_13552,55+,Male,True
CUST_13553,18-24,Male,True
CUST_13554,35-44,"Prefer not to say",True
CUST_13555,25-34,Male,True
CUST_13556,35-44,"Prefer not to say",True
CUST_13557,18-24,Female,True
CUST_13558,18-24,Male,True
CUST_13559,45-54,Female,True
CUST_13560,25-34,Male,True
CUST_13561,35-44,Male,True
CUST_13562,25-34,Non-binary,True
CUST_13563,25-34,Female,True
CUST_13564,18-24,Male,True
CUST_13565,35-44,Male,True
CUST_13566,25-34,Male,True
CUST_13567,18-24,Male,True
CUST_13568,25-34,Male,True
CUST_13569,25-34,Male,True
CUST_13570,25-34,"Prefer not to say",True
CUST_13571,25-34,Female,True
CUST_13572,45-54,Male,True
CUST_13573,35-44,Female,True
CUST_13574,35-44,Male,True
CUST_13575,25-34,Male,True
CUST_13576,18-24,Female,True
CUST_13577,25-34,Male,True
CUST_13578,55+,Non-binary,True
CUST_13579,25-34,Female,True
CUST_13580,45-54,Male,True
CUST_13581,55+,Female,True
CUST_13582,25-34,Female,True
CUST_13583,35-44,Male,True
CUST_13584,18-24,Male,True
CUST_13585,55+,Male,True
CUST_13586,35-44,Male,False
CUST_13587,45-54,Male,True
CUST_13588,35-44,Female,True
CUST_13589,45-54,"Prefer not to say",True
CUST_13590,25-34,Male,True
CUST_13591,55+,Male,True
CUST_13592,25-34,Non-binary,True
CUST_13593,45-54,Male,True
CUST_13594,35-44,Male,True
CUST_13595,25-34,Male,True
CUST_13596,35-44,Male,True
CUST_13597,35-44,Male,True
CUST_13598,35-44,Male,True
CUST_13599,55+,Male,True
CUST_13600,55+,Female,True
CUST_13601,35-44,Female,True
CUST_13602,35-44,Male,True
CUST_13603,55+,Female,True
CUST_13604,45-54,Male,True
CUST_13605,35-44,Female,True
CUST_13606,18-24,Female,True
CUST_13607,55+,Male,True
CUST_13608,25-34,Male,True
CUST_13609,35-44,Female,True
CUST_13610,45-54,Male,True
CUST_13611,55+,Male,True
CUST_13612,35-44,Male,True
CUST_13613,25-34,Non-binary,False
CUST_13614,25-34,Female,True
CUST_13615,35-44,Non-binary,True
CUST_13616,18-24,Female,True
CUST_13617,35-44,Male,False
CUST_13618,35-44,Female,True
CUST_13619,55+,Male,True
CUST_13620,35-44,Female,True
CUST_13621,35-44,Male,True
CUST_13622,25-34,Male,True
CUST_13623,35-44,"Prefer not to say",True
CUST_13624,55+,Male,True
CUST_13625,25-34,Male,True
CUST_13626,45-54,Non-binary,False
CUST_13627,25-34,Non-binary,True
CUST_13628,25-34,Male,True
CUST_13629,35-44,Male,True
CUST_13630,45-54,Female,True
CUST_13631,25-34,Male,True
CUST_13632,45-54,Male,True
CUST_13633,18-24,Male,True
CUST_13634,35-44,Female,True
CUST_13635,35-44,Non-binary,True
CUST_13636,25-34,Male,True
CUST_13637,25-34,Male,True
CUST_13638,35-44,Female,True
CUST_13639,25-34,Male,True
CUST_13640,25-34,"Prefer not to say",True
CUST_13641,35-44,Male,True
CUST_13642,18-24,Female,True
CUST_13643,35-44,Male,True
CUST_13644,35-44,Female,True
CUST_13645,45-54,Male,True
CUST_13646,35-44,Male,True
CUST_13647,55+,Female,True
CUST_13648,18-24,Male,True
CUST_13649,35-44,Female,True
CUST_13650,18-24,Male,True
CUST_13651,55+,Male,True
CUST_13652,18-24,Male,True
CUST_13653,18-24,"Prefer not to say",True
CUST_13654,45-54,Female,True
CUST_13655,35-44,Male,True
CUST_13656,25-34,Male,True
CUST_13657,18-24,Female,True
CUST_13658,18-24,Male,True
CUST_13659,25-34,Female,True
CUST_13660,35-44,Female,True
CUST_13661,18-24,Male,True
CUST_13662,25-34,Male,True
CUST_13663,35-44,Female,True
CUST_13664,35-44,Male,False
CUST_13665,45-54,Female,True
CUST_13666,25-34,Female,True
CUST_13667,18-24,Female,True
CUST_13668,55+,Non-binary,True
CUST_13669,45-54,Female,True
CUST_13670,25-34,Male,True
CUST_13671,55+,Male,True
CUST_13672,25-34,Male,True
CUST_13673,18-24,Female,True
CUST_13674,55+,Female,True
CUST_13675,35-44,Female,True
CUST_13676,25-34,Non-binary,True
CUST_13677,25-34,Male,True
CUST_13678,25-34,Female,True
CUST_13679,18-24,Male,True
CUST_13680,55+,Female,True
CUST_13681,45-54,Male,True
CUST_13682,25-34,Male,True
CUST_13683,35-44,Male,True
CUST_13684,25-34,Female,True
CUST_13685,18-24,Female,True
CUST_13686,55+,Male,True
CUST_13687,18-24,Male,True
CUST_13688,25-34,Male,True
CUST_13689,35-44,Female,True
CUST_13690,25-34,Male,True
CUST_13691,55+,Female,True
CUST_13692,18-24,Female,True
CUST_13693,25-34,Male,True
CUST_13694,25-34,Male,True
CUST_13695,35-44,Male,True
CUST_13696,35-44,Male,True
CUST_13697,18-24,Male,False
CUST_13698,45-54,Female,True
CUST_13699,45-54,Female,True
CUST_13700,25-34,Female,True
CUST_13701,18-24,Male,True
CUST_13702,35-44,Female,True
CUST_13703,25-34,Female,True
CUST_13704,35-44,Female,True
CUST_13705,18-24,Male,True
CUST_13706,18-24,Female,True
CUST_13707,45-54,Male,True
CUST_13708,35-44,Male,True
CUST_13709,55+,Female,False
CUST_13710,35-44,Male,True
CUST_13711,35-44,Female,True
CUST_13712,35-44,Female,True
CUST_13713,45-54,Male,True
CUST_13714,45-54,Male,True
CUST_13715,18-24,Male,True
CUST_13716,35-44,Female,True
CUST_13717,25-34,Female,True
CUST_13718,18-24,Male,True
CUST_13719,35-44,Female,True
CUST_13720,35-44,Female,True
CUST_13721,45-54,Non-binary,True
CUST_13722,35-44,Male,True
CUST_13723,25-34,Female,True
CUST_13724,35-44,Male,True
CUST_13725,25-34,Male,True
CUST_13726,18-24,Female,True
CUST_13727,25-34,Male,True
CUST_13728,25-34,Male,True
CUST_13729,25-34,Female,True
CUST_13730,55+,Male,True
CUST_13731,18-24,Male,True
CUST_13732,25-34,Male,True
CUST_13733,35-44,Male,True
CUST_13734,35-44,Male,True
CUST_13735,35-44,Female,True
CUST_13736,25-34,Female,False
CUST_13737,35-44,"Prefer not to say",True
CUST_13738,45-54,Male,True
CUST_13739,45-54,"Prefer not to say",True
CUST_13740,45-54,Male,True
CUST_13741,25-34,Female,True
CUST_13742,35-44,Male,True
CUST_13743,35-44,Male,True
CUST_13744,18-24,Male,True
CUST_13745,35-44,"Prefer not to say",True
CUST_13746,55+,Female,True
CUST_13747,25-34,Female,True
CUST_13748,18-24,Male,True
CUST_13749,55+,Female,True
CUST_13750,25-34,Male,True
CUST_13751,25-34,Female,True
CUST_13752,35-44,Male,True
CUST_13753,25-34,Female,True
CUST_13754,35-44,Male,True
CUST_13755,55+,Male,True
CUST_13756,55+,Female,False
CUST_13757,35-44,Male,True
CUST_13758,25-34,Female,True
CUST_13759,18-24,Female,True
CUST_13760,55+,Female,True
CUST_13761,18-24,Male,True
CUST_13762,45-54,Female,True
CUST_13763,35-44,Male,True
CUST_13764,18-24,Male,True
CUST_13765,35-44,"Prefer not to say",True
CUST_13766,45-54,Male,True
CUST_13767,25-34,Male,True
CUST_13768,25-34,Male,True
CUST_13769,35-44,Female,True
CUST_13770,35-44,Male,True
CUST_13771,25-34,Female,True
CUST_13772,18-24,Female,True
CUST_13773,18-24,Female,True
CUST_13774,25-34,Female,True
CUST_13775,35-44,Male,True
CUST_13776,18-24,Female,True
CUST_13777,25-34,Male,True
CUST_13778,35-44,Male,True
CUST_13779,55+,Female,True
CUST_13780,18-24,Male,True
CUST_13781,25-34,Female,True
CUST_13782,25-34,Male,True
CUST_13783,25-34,Male,True
CUST_13784,35-44,Male,True
CUST_13785,25-34,"Prefer not to say",True
CUST_13786,18-24,Male,True
CUST_13787,18-24,Female,True
CUST_13788,35-44,Male,True
CUST_13789,55+,Female,True
CUST_13790,35-44,Female,True
CUST_13791,35-44,Male,True
CUST_13792,25-34,Female,True
CUST_13793,35-44,"Prefer not to say",True
CUST_13794,45-54,Male,True
CUST_13795,55+,Male,True
CUST_13796,35-44,Female,True
CUST_13797,35-44,Male,True
CUST_13798,25-34,Female,True
CUST_13799,25-34,Male,True
CUST_13800,35-44,Female,True
CUST_13801,25-34,Male,True
CUST_13802,45-54,Male,True
CUST_13803,25-34,Male,True
CUST_13804,55+,Male,True
CUST_13805,25-34,Male,True
CUST_13806,25-34,Male,True
CUST_13807,35-44,Male,True
CUST_13808,35-44,Female,True
CUST_13809,18-24,Female,True
CUST_13810,18-24,Male,True
CUST_13811,18-24,Non-binary,True
CUST_13812,45-54,Male,True
CUST_13813,18-24,Male,True
CUST_13814,18-24,Male,True
CUST_13815,25-34,Male,True
CUST_13816,35-44,Female,True
CUST_13817,35-44,"Prefer not to say",True
CUST_13818,25-34,Female,True
CUST_13819,45-54,Male,True
CUST_13820,45-54,Female,True
CUST_13821,25-34,Female,True
CUST_13822,35-44,Male,True
CUST_13823,45-54,Female,True
CUST_13824,18-24,Female,True
CUST_13825,35-44,"Prefer not to say",True
CUST_13826,35-44,Female,True
CUST_13827,25-34,Non-binary,True
CUST_13828,35-44,"Prefer not to say",True
CUST_13829,45-54,Male,True
CUST_13830,55+,Male,True
CUST_13831,25-34,Female,True
CUST_13832,18-24,Male,True
CUST_13833,45-54,Male,True
CUST_13834,55+,Female,True
CUST_13835,45-54,Male,True
CUST_13836,35-44,Female,True
CUST_13837,25-34,Female,True
CUST_13838,35-44,Male,True
CUST_13839,18-24,Male,True
CUST_13840,25-34,Female,True
CUST_13841,18-24,Male,True
CUST_13842,25-34,"Prefer not to say",True
CUST_13843,45-54,Female,False
CUST_13844,45-54,Male,True
CUST_13845,45-54,Female,True
CUST_13846,45-54,Male,False
CUST_13847,45-54,Female,True
CUST_13848,25-34,Non-binary,True
CUST_13849,18-24,"Prefer not to say",True
CUST_13850,25-34,"Prefer not to say",True
CUST_13851,25-34,Female,True
CUST_13852,25-34,Female,True
CUST_13853,35-44,Male,True
CUST_13854,25-34,Female,False
CUST_13855,35-44,Male,True
CUST_13856,25-34,Female,True
CUST_13857,55+,Male,True
CUST_13858,35-44,Female,True
CUST_13859,55+,Female,True
CUST_13860,25-34,Female,True
CUST_13861,45-54,Female,True
CUST_13862,55+,Male,False
CUST_13863,25-34,Female,True
CUST_13864,35-44,Male,True
CUST_13866,55+,Female,True
CUST_13867,55+,Female,True
CUST_13868,55+,Male,True
CUST_13869,45-54,Female,False
CUST_13870,35-44,"Prefer not to say",True
CUST_13871,18-24,Female,True
CUST_13872,25-34,Female,True
CUST_13873,35-44,Male,True
CUST_13874,18-24,Female,True
CUST_13875,25-34,Male,True
CUST_13876,35-44,Male,True
CUST_13877,35-44,Female,False
CUST_13878,35-44,Female,True
CUST_13879,25-34,Female,True
CUST_13880,55+,Male,True
CUST_13881,55+,Female,True
CUST_13882,35-44,Female,True
CUST_13883,35-44,Female,True
CUST_13884,25-34,Female,True
CUST_13885,45-54,Male,True
CUST_13886,18-24,Non-binary,True
CUST_13887,25-34,Male,True
CUST_13888,18-24,Female,True
CUST_13889,45-54,Male,True
CUST_13890,35-44,Female,True
CUST_13891,45-54,Female,True
CUST_13892,45-54,Male,True
CUST_13893,25-34,Female,True
CUST_13894,55+,Female,True
CUST_13895,35-44,Female,True
CUST_13896,18-24,Female,True
CUST_13897,25-34,Male,True
CUST_13898,35-44,Male,True
CUST_13899,25-34,Female,True
CUST_13900,45-54,Male,True
CUST_13901,18-24,Male,True
CUST_13902,35-44,Female,True
CUST_13903,55+,Female,True
CUST_13904,55+,Female,True
CUST_13905,25-34,Male,True
CUST_13906,25-34,Non-binary,True
CUST_13907,35-44,Female,True
CUST_13908,25-34,Male,True
CUST_13909,55+,Female,True
CUST_13910,35-44,Female,True
CUST_13911,35-44,Male,True
CUST_13912,35-44,Non-binary,True
CUST_13913,25-34,Male,True
CUST_13914,45-54,Female,True
CUST_13915,55+,Male,True
CUST_13916,25-34,Non-binary,True
CUST_13917,35-44,Male,True
CUST_13918,35-44,Non-binary,True
CUST_13919,25-34,Female,True
CUST_13920,25-34,Female,True
CUST_13921,35-44,Female,False
CUST_13922,18-24,Female,True
CUST_13923,35-44,Female,True
CUST_13924,25-34,Female,True
CUST_13925,25-34,Female,True
CUST_13926,25-34,Female,True
CUST_13927,25-34,Female,True
CUST_13928,45-54,Male,True
CUST_13929,25-34,Male,True
CUST_13930,45-54,"Prefer not to say",True
CUST_13931,35-44,Female,True
CUST_13932,55+,Male,False
CUST_13933,55+,Female,True
CUST_13934,18-24,Female,True
CUST_13935,25-34,"Prefer not to say",True
CUST_13936,18-24,Non-binary,True
CUST_13937,35-44,Male,True
CUST_13938,35-44,Female,True
CUST_13939,18-24,Female,True
CUST_13940,25-34,Female,True
CUST_13941,18-24,Male,True
CUST_13942,35-44,Male,True
CUST_13943,18-24,Non-binary,True
CUST_13944,25-34,Female,True
CUST_13945,25-34,"Prefer not to say",True
CUST_13946,25-34,Female,True
CUST_13947,35-44,Male,True
CUST_13948,45-54,"Prefer not to say",True
CUST_13949,55+,Female,True
CUST_13950,25-34,Male,True
CUST_13951,25-34,Male,True
CUST_13952,35-44,Male,True
CUST_13953,18-24,Female,True
CUST_13954,18-24,Female,True
CUST_13955,18-24,Male,True
CUST_13956,18-24,Male,True
CUST_13957,25-34,Male,True
CUST_13958,45-54,Male,True
CUST_13959,18-24,Male,False
CUST_13960,25-34,Male,True
CUST_13961,35-44,"Prefer not to say",True
CUST_13962,18-24,"Prefer not to say",True
CUST_13963,18-24,Male,True
CUST_13964,25-34,Male,True
CUST_13965,25-34,Male,True
CUST_13966,55+,Female,True
CUST_13967,35-44,Female,True
CUST_13968,45-54,Male,True
CUST_13969,18-24,Female,True
CUST_13970,25-34,Female,True
CUST_13971,18-24,Female,True
CUST_13972,25-34,Female,True
CUST_13973,45-54,Female,True
CUST_13974,25-34,Male,False
CUST_13975,25-34,Non-binary,True
CUST_13976,18-24,Male,True
CUST_13977,55+,Female,False
CUST_13978,35-44,Female,True
CUST_13979,25-34,Male,True
CUST_13980,25-34,Female,True
CUST_13981,25-34,Male,True
CUST_13982,25-34,Male,True
CUST_13983,45-54,Male,True
CUST_13984,25-34,Male,True
CUST_13985,25-34,Female,True
CUST_13986,25-34,Female,True
CUST_13987,25-34,Female,True
CUST_13988,45-54,Male,True
CUST_13989,45-54,Male,True
CUST_13990,18-24,Male,True
CUST_13991,55+,Female,True
CUST_13992,35-44,Male,True
CUST_13993,45-54,Male,True
CUST_13994,35-44,Female,True
CUST_13995,45-54,Male,True
CUST_13996,25-34,Female,True
CUST_13997,45-54,Male,True
CUST_13998,55+,Female,True
CUST_13999,35-44,Male,True
CUST_14000,35-44,Male,True
CUST_14001,35-44,Male,True
CUST_14002,25-34,Male,True
CUST_14003,18-24,Female,False
CUST_14004,18-24,Female,True
CUST_14005,55+,Male,True
CUST_14006,35-44,"Prefer not to say",True
CUST_14007,35-44,Male,True
CUST_14008,18-24,Female,True
CUST_14009,25-34,Male,True
CUST_14010,18-24,Male,True
CUST_14011,25-34,Male,True
CUST_14012,18-24,Male,True
CUST_14013,18-24,Female,True
CUST_14014,35-44,Female,True
CUST_14015,45-54,Female,True
CUST_14016,35-44,Female,True
CUST_14017,35-44,Male,True
CUST_14018,55+,Female,True
CUST_14019,35-44,Male,True
CUST_14020,45-54,Male,True
CUST_14021,25-34,Male,True
CUST_14022,55+,Male,True
CUST_14023,18-24,Female,True
CUST_14024,45-54,Female,True
CUST_14025,35-44,Male,False
CUST_14026,25-34,Female,True
CUST_14027,18-24,Male,True
CUST_14028,35-44,Female,True
CUST_14029,35-44,Female,True
CUST_14030,45-54,Female,True
CUST_14031,55+,Male,True
CUST_14032,18-24,Male,True
CUST_14033,35-44,Female,True
CUST_14034,35-44,Male,True
CUST_14035,18-24,"Prefer not to say",True
CUST_14036,25-34,Female,True
CUST_14037,18-24,Male,True
CUST_14038,25-34,Male,True
CUST_14039,35-44,Male,True
CUST_14040,35-44,Male,True
CUST_14041,25-34,Female,True
CUST_14042,25-34,Female,True
CUST_14043,18-24,Male,True
CUST_14044,45-54,Male,True
CUST_14045,18-24,Female,True
CUST_14046,55+,"Prefer not to say",True
CUST_14047,18-24,Female,True
CUST_14048,25-34,Female,True
CUST_14049,25-34,Female,True
CUST_14050,55+,Male,True
CUST_14051,25-34,Female,True
CUST_14052,35-44,Male,True
CUST_14053,25-34,Female,True
CUST_14054,45-54,Male,True
CUST_14055,25-34,Male,True
CUST_14056,35-44,Female,True
CUST_14057,25-34,Non-binary,True
CUST_14058,35-44,Male,True
CUST_14059,35-44,Female,True
CUST_14060,18-24,Female,True
CUST_14061,18-24,Male,True
CUST_14062,35-44,Female,True
CUST_14063,45-54,Male,True
CUST_14064,25-34,Male,True
CUST_14065,18-24,Female,False
CUST_14066,35-44,Non-binary,True
CUST_14067,18-24,Male,True
CUST_14068,35-44,Female,True
CUST_14069,18-24,Male,True
CUST_14070,35-44,"Prefer not to say",True
CUST_14071,25-34,Male,True
CUST_14072,25-34,Female,True
CUST_14073,45-54,Female,True
CUST_14074,18-24,Female,True
CUST_14075,18-24,Male,True
CUST_14076,18-24,Female,False
CUST_14077,25-34,Female,True
CUST_14078,25-34,"Prefer not to say",True
CUST_14079,35-44,Male,True
CUST_14080,45-54,Female,True
CUST_14081,18-24,Female,True
CUST_14082,55+,Female,True
CUST_14083,25-34,Male,True
CUST_14084,25-34,Non-binary,True
CUST_14085,18-24,Male,True
CUST_14086,35-44,Female,True
CUST_14087,25-34,Female,True
CUST_14088,18-24,Male,True
CUST_14089,25-34,Female,True
CUST_14090,35-44,Male,True
CUST_14091,45-54,Male,True
CUST_14092,25-34,Male,True
CUST_14093,35-44,Male,True
CUST_14094,25-34,Male,True
CUST_14095,35-44,Female,True
CUST_14096,25-34,Male,True
CUST_14097,18-24,"Prefer not to say",True
CUST_14098,18-24,Non-binary,True
CUST_14099,35-44,Male,True
CUST_14100,35-44,Male,True
CUST_14101,18-24,Female,True
CUST_14102,25-34,Female,True
CUST_14103,18-24,Male,True
CUST_14104,25-34,Male,False
CUST_14105,25-34,Female,True
CUST_14106,55+,Male,False
CUST_14107,35-44,Male,True
CUST_14108,18-24,"Prefer not to say",True
CUST_14109,18-24,Non-binary,True
CUST_14110,25-34,Non-binary,True
CUST_14111,45-54,Female,True
CUST_14112,35-44,Female,True
CUST_14113,35-44,Female,True
CUST_14114,25-34,Male,True
CUST_14115,35-44,Male,True
CUST_14116,45-54,"Prefer not to say",True
CUST_14117,35-44,Male,True
CUST_14118,45-54,Male,True
CUST_14119,25-34,Female,True
CUST_14120,35-44,Female,True
CUST_14121,35-44,Male,True
CUST_14122,25-34,Male,True
CUST_14123,18-24,Female,True
CUST_14124,25-34,Male,True
CUST_14125,55+,Female,False
CUST_14126,45-54,Male,True
CUST_14127,45-54,Male,True
CUST_14128,25-34,Female,True
CUST_14129,35-44,Male,True
CUST_14130,25-34,Male,True
CUST_14131,45-54,Female,True
CUST_14132,45-54,Female,True
CUST_14133,25-34,Female,True
CUST_14134,35-44,Non-binary,True
CUST_14135,45-54,Male,True
CUST_14136,35-44,Male,True
CUST_14137,45-54,Female,True
CUST_14138,25-34,Female,True
CUST_14139,18-24,Male,True
CUST_14140,25-34,Female,True
CUST_14141,35-44,Male,True
CUST_14142,25-34,Female,True
CUST_14143,35-44,Male,True
CUST_14144,45-54,Male,True
CUST_14145,25-34,Male,True
CUST_14146,18-24,Male,True
CUST_14147,25-34,Male,True
CUST_14148,35-44,Female,True
CUST_14149,25-34,Male,True
CUST_14150,25-34,Male,True
CUST_14151,18-24,Male,True
CUST_14152,35-44,Male,True
CUST_14153,18-24,Female,True
CUST_14154,18-24,Female,True
CUST_14155,25-34,Female,True
CUST_14156,18-24,Female,True
CUST_14157,25-34,Male,True
CUST_14158,35-44,Female,True
CUST_14159,55+,Male,True
CUST_14160,25-34,Male,True
CUST_14161,25-34,Female,True
CUST_14162,25-34,Female,True
CUST_14163,25-34,Female,True
CUST_14164,25-34,Female,True
CUST_14165,35-44,Female,True
CUST_14166,45-54,Male,True
CUST_14167,45-54,Female,True
CUST_14168,18-24,Female,True
CUST_14169,25-34,Male,True
CUST_14170,55+,Female,True
CUST_14171,55+,Male,True
CUST_14172,45-54,Male,True
CUST_14173,45-54,Female,True
CUST_14174,35-44,Female,True
CUST_14175,25-34,Female,True
CUST_14176,45-54,Female,True
CUST_14177,18-24,Male,True
CUST_14178,45-54,Male,True
CUST_14179,55+,Male,True
CUST_14180,35-44,Male,True
CUST_14181,25-34,Male,True
CUST_14182,18-24,Male,False
CUST_14183,25-34,Male,True
CUST_14184,35-44,Non-binary,True
CUST_14185,35-44,"Prefer not to say",True
CUST_14186,45-54,Male,True
CUST_14187,25-34,Female,True
CUST_14188,25-34,Female,True
CUST_14189,45-54,Male,True
CUST_14190,18-24,Female,True
CUST_14191,18-24,Male,True
CUST_14192,55+,Male,True
CUST_14193,55+,Female,True
CUST_14194,35-44,Female,True
CUST_14195,35-44,Female,False
CUST_14196,25-34,Male,True
CUST_14197,25-34,Male,True
CUST_14198,25-34,Male,True
CUST_14199,18-24,Male,True
CUST_14200,18-24,Female,True
CUST_14201,55+,Female,True
CUST_14202,35-44,Female,True
CUST_14203,25-34,"Prefer not to say",True
CUST_14204,55+,Female,True
CUST_14205,55+,Male,True
CUST_14206,35-44,Male,True
CUST_14207,55+,"Prefer not to say",False
CUST_14208,35-44,Male,True
CUST_14209,45-54,Female,True
CUST_14210,18-24,Male,True
CUST_14211,25-34,"Prefer not to say",True
CUST_14212,25-34,Male,True
CUST_14213,35-44,Male,True
CUST_14214,45-54,Male,False
CUST_14215,18-24,Female,True
CUST_14216,55+,Male,True
CUST_14217,45-54,Male,True
CUST_14218,18-24,Non-binary,True
CUST_14219,45-54,Male,True
CUST_14220,55+,Female,True
CUST_14221,35-44,Male,True
CUST_14222,25-34,Male,True
CUST_14223,25-34,Male,True
CUST_14224,25-34,Male,True
CUST_14225,18-24,Female,True
CUST_14226,25-34,Male,True
CUST_14227,25-34,Male,True
CUST_14228,35-44,Female,True
CUST_14229,55+,Female,True
CUST_14230,55+,Male,True
CUST_14231,25-34,Female,True
CUST_14232,25-34,Female,True
CUST_14233,45-54,Male,True
CUST_14234,45-54,Female,True
CUST_14235,18-24,Female,True
CUST_14236,25-34,Female,True
CUST_14237,25-34,Female,True
CUST_14238,35-44,Female,True
CUST_14239,45-54,Male,False
CUST_14240,25-34,Male,True
CUST_14241,35-44,Male,True
CUST_14242,35-44,Female,True
CUST_14243,35-44,Male,True
CUST_14244,25-34,Male,True
CUST_14245,45-54,Male,True
CUST_14246,55+,Male,True
CUST_14247,45-54,Female,True
CUST_14248,18-24,Male,True
CUST_14249,55+,Non-binary,True
CUST_14250,35-44,Female,True
CUST_14251,25-34,Male,True
CUST_14252,55+,Female,True
CUST_14253,35-44,Male,True
CUST_14254,55+,Female,True
CUST_14255,45-54,Male,True
CUST_14256,35-44,Male,True
CUST_14257,35-44,Female,True
CUST_14258,25-34,Female,True
CUST_14259,25-34,Male,True
CUST_14260,18-24,Male,True
CUST_14261,35-44,Female,True
CUST_14262,35-44,Female,True
CUST_14263,25-34,Female,True
CUST_14264,45-54,Male,True
CUST_14265,35-44,Non-binary,True
CUST_14266,25-34,Male,True
CUST_14267,25-34,Male,True
CUST_14268,25-34,Female,True
CUST_14269,55+,Female,True
CUST_14270,35-44,Male,True
CUST_14271,55+,Female,True
CUST_14272,45-54,Male,True
CUST_14273,18-24,Female,True
CUST_14274,25-34,Male,True
CUST_14275,25-34,Male,True
CUST_14276,55+,Female,True
CUST_14277,35-44,Female,True
CUST_14278,25-34,Male,False
CUST_14279,35-44,Male,True
CUST_14280,35-44,Male,True
CUST_14281,25-34,Female,True
CUST_14282,25-34,Female,True
CUST_14283,45-54,"Prefer not to say",True
CUST_14284,35-44,Female,True
CUST_14285,25-34,Male,True
CUST_14286,18-24,Female,True
CUST_14287,45-54,Female,True
CUST_14288,25-34,Female,True
CUST_14289,45-54,Male,True
CUST_14290,25-34,Male,True
CUST_14291,25-34,Female,True
CUST_14292,25-34,Non-binary,True
CUST_14293,45-54,Male,True
CUST_14294,35-44,Female,True
CUST_14295,18-24,Male,True
CUST_14296,55+,Male,True
CUST_14297,55+,Male,True
CUST_14298,18-24,Male,False
CUST_14299,45-54,"Prefer not to say",True
CUST_14300,25-34,Male,True
CUST_14301,55+,Female,True
CUST_14302,35-44,Female,True
CUST_14303,25-34,Female,True
CUST_14304,25-34,Non-binary,True
CUST_14305,25-34,Male,True
CUST_14306,18-24,Male,True
CUST_14307,55+,Female,True
CUST_14308,55+,Male,True
CUST_14309,35-44,Female,True
CUST_14310,45-54,Male,True
CUST_14311,35-44,Male,True
CUST_14312,25-34,Female,True
CUST_14313,45-54,Male,True
CUST_14314,18-24,"Prefer not to say",True
CUST_14315,25-34,Female,True
CUST_14316,45-54,Female,True
CUST_14317,25-34,Female,True
CUST_14318,25-34,Female,True
CUST_14319,35-44,Male,True
CUST_14320,35-44,Male,True
CUST_14321,35-44,Male,True
CUST_14322,25-34,Female,True
CUST_14323,18-24,Female,True
CUST_14324,25-34,Male,True
CUST_14325,35-44,Male,True
CUST_14326,25-34,Female,True
CUST_14327,35-44,Male,True
CUST_14328,18-24,Male,True
CUST_14329,25-34,Male,True
CUST_14330,35-44,Male,True
CUST_14331,18-24,Male,True
CUST_14332,35-44,Male,True
CUST_14333,55+,Female,True
CUST_14334,18-24,Male,True
CUST_14335,35-44,Female,True
CUST_14336,18-24,Female,True
CUST_14337,18-24,Male,True
CUST_14338,25-34,Female,True
CUST_14339,18-24,Female,True
CUST_14340,35-44,"Prefer not to say",True
CUST_14341,18-24,Female,True
CUST_14342,55+,Male,True
CUST_14343,25-34,Female,False
CUST_14344,45-54,Male,True
CUST_14345,25-34,Male,False
CUST_14346,35-44,Male,True
CUST_14347,18-24,Female,True
CUST_14348,18-24,Male,True
CUST_14349,25-34,Female,True
CUST_14350,35-44,Male,True
CUST_14351,35-44,Female,True
CUST_14352,45-54,Male,True
CUST_14353,25-34,Female,True
CUST_14354,35-44,Male,True
CUST_14355,25-34,Female,True
CUST_14356,25-34,Female,True
CUST_14357,35-44,Male,True
CUST_14358,35-44,Female,True
CUST_14359,25-34,Male,True
CUST_14360,25-34,Female,True
CUST_14361,45-54,Female,True
CUST_14362,35-44,Female,True
CUST_14363,55+,Female,True
CUST_14364,18-24,Female,True
CUST_14365,45-54,Male,True
CUST_14366,55+,Non-binary,True
CUST_14367,45-54,Female,True
CUST_14368,35-44,Female,True
CUST_14369,45-54,Male,True
CUST_14370,35-44,Male,True
CUST_14371,18-24,Female,True
CUST_14372,18-24,Male,True
CUST_14373,55+,Female,True
CUST_14374,35-44,Male,True
CUST_14375,18-24,Male,True
CUST_14376,45-54,Female,True
CUST_14377,25-34,Male,True
CUST_14378,35-44,Male,True
CUST_14379,25-34,Female,True
CUST_14380,45-54,Male,True
CUST_14381,55+,Male,False
CUST_14382,35-44,Female,True
CUST_14383,25-34,Female,True
CUST_14384,18-24,Male,True
CUST_14385,55+,Female,True
CUST_14386,25-34,Female,True
CUST_14387,18-24,Male,True
CUST_14388,45-54,Male,True
CUST_14389,35-44,Female,True
CUST_14390,18-24,Male,True
CUST_14391,18-24,Female,True
CUST_14392,45-54,Non-binary,True
CUST_14393,25-34,Female,True
CUST_14394,18-24,Female,True
CUST_14395,25-34,Female,True
CUST_14396,35-44,Male,True
CUST_14397,45-54,Female,True
CUST_14398,25-34,Male,True
CUST_14399,55+,Male,True
CUST_14400,18-24,Male,True
CUST_14401,18-24,Female,True
CUST_14402,35-44,"Prefer not to say",True
CUST_14403,45-54,Male,True
CUST_14404,25-34,"Prefer not to say",True
CUST_14405,55+,Male,True
CUST_14406,35-44,Male,True
CUST_14407,18-24,Male,True
CUST_14408,45-54,Female,True
CUST_14409,35-44,Female,True
CUST_14410,25-34,Male,True
CUST_14411,18-24,Male,True
CUST_14412,45-54,Male,True
CUST_14413,18-24,Male,True
CUST_14414,18-24,Male,True
CUST_14415,35-44,Male,True
CUST_14416,18-24,Male,True
CUST_14417,18-24,Female,True
CUST_14418,25-34,Male,True
CUST_14419,35-44,"Prefer not to say",True
CUST_14420,18-24,Female,True
CUST_14421,35-44,Male,True
CUST_14422,25-34,Male,True
CUST_14423,45-54,Male,False
CUST_14424,18-24,Female,True
CUST_14425,35-44,Female,True
CUST_14426,18-24,Male,True
CUST_14427,35-44,Male,True
CUST_14428,25-34,Female,True
CUST_14429,45-54,Male,True
CUST_14430,25-34,Male,True
CUST_14431,45-54,Female,True
CUST_14432,35-44,Female,True
CUST_14433,55+,"Prefer not to say",True
CUST_14434,35-44,Female,True
CUST_14435,18-24,Female,True
CUST_14436,18-24,Female,True
CUST_14437,35-44,Non-binary,True
CUST_14438,18-24,Male,False
CUST_14439,35-44,Female,True
CUST_14440,25-34,Male,True
CUST_14441,45-54,Male,True
CUST_14442,35-44,Female,True
CUST_14443,18-24,Female,True
CUST_14444,25-34,"Prefer not to say",True
CUST_14445,25-34,Male,False
CUST_14446,18-24,Female,True
CUST_14447,25-34,Female,True
CUST_14448,45-54,Male,True
CUST_14449,45-54,Female,True
CUST_14450,25-34,Female,True
CUST_14451,25-34,Female,True
CUST_14452,25-34,Male,True
CUST_14453,45-54,Female,True
CUST_14454,25-34,Male,True
CUST_14455,45-54,Female,False
CUST_14456,55+,Female,True
CUST_14457,18-24,Female,True
CUST_14458,45-54,Female,True
CUST_14459,45-54,Male,True
CUST_14460,45-54,Female,True
CUST_14461,55+,"Prefer not to say",True
CUST_14462,55+,Female,True
CUST_14463,35-44,Male,True
CUST_14464,45-54,Male,True
CUST_14465,25-34,Female,True
CUST_14466,18-24,Female,True
CUST_14467,25-34,Non-binary,True
CUST_14468,45-54,"Prefer not to say",False
CUST_14469,25-34,Female,True
CUST_14470,45-54,Male,False
CUST_14471,45-54,Male,True
CUST_14472,25-34,Male,False
CUST_14473,18-24,Female,True
CUST_14474,35-44,Male,True
CUST_14475,18-24,Female,True
CUST_14476,55+,Male,True
CUST_14477,18-24,Male,True
CUST_14478,25-34,Male,True
CUST_14479,25-34,Male,True
CUST_14480,45-54,Male,True
CUST_14481,35-44,Female,True
CUST_14482,25-34,Female,True
CUST_14483,35-44,Female,True
CUST_14484,35-44,Female,True
CUST_14485,25-34,Male,True
CUST_14486,35-44,Female,True
CUST_14487,25-34,Male,True
CUST_14488,45-54,Male,True
CUST_14489,35-44,Female,True
CUST_14490,35-44,Female,True
CUST_14491,25-34,Male,True
CUST_14492,25-34,Female,True
CUST_14493,25-34,Female,True
CUST_14494,45-54,"Prefer not to say",True
CUST_14495,45-54,"Prefer not to say",True
CUST_14496,55+,Female,True
CUST_14497,18-24,Female,True
CUST_14498,25-34,Female,True
CUST_14499,55+,Female,True
CUST_14500,25-34,Male,True
CUST_14501,35-44,Female,True
CUST_14502,18-24,Male,True
CUST_14503,18-24,Male,True
CUST_14504,25-34,Male,True
CUST_14505,25-34,Male,True
CUST_14506,25-34,Female,True
CUST_14507,35-44,Female,True
CUST_14508,55+,Male,True
CUST_14509,25-34,Female,True
CUST_14510,18-24,Male,True
CUST_14511,25-34,Female,True
CUST_14512,25-34,Male,True
CUST_14513,25-34,Male,True
CUST_14514,18-24,Male,True
CUST_14515,25-34,Female,True
CUST_14516,18-24,Female,True
CUST_14517,25-34,Male,True
CUST_14518,25-34,Female,True
CUST_14519,35-44,Female,True
CUST_14520,35-44,Female,True
CUST_14521,18-24,Female,True
CUST_14522,18-24,Male,True
CUST_14523,55+,Female,False
CUST_14524,45-54,Male,True
CUST_14525,35-44,Male,True
CUST_14526,35-44,Male,True
CUST_14527,25-34,Male,True
CUST_14528,35-44,Male,True
CUST_14529,25-34,Male,True
CUST_14530,35-44,Female,True
CUST_14531,25-34,Female,True
CUST_14532,25-34,Female,True
CUST_14533,45-54,Female,True
CUST_14534,25-34,Female,True
CUST_14535,55+,Female,True
CUST_14536,18-24,Female,True
CUST_14537,35-44,Female,True
CUST_14538,25-34,"Prefer not to say",True
CUST_14539,45-54,Male,True
CUST_14540,25-34,Male,True
CUST_14541,18-24,"Prefer not to say",True
CUST_14542,45-54,Male,True
CUST_14543,55+,Female,True
CUST_14544,18-24,Female,True
CUST_14545,18-24,Male,True
CUST_14546,35-44,Female,True
CUST_14547,25-34,Male,True
CUST_14548,18-24,Male,False
CUST_14549,45-54,"Prefer not to say",True
CUST_14550,25-34,Female,True
CUST_14551,25-34,Female,True
CUST_14552,25-34,Male,True
CUST_14553,45-54,Male,True
CUST_14554,35-44,Female,True
CUST_14555,35-44,Male,True
CUST_14556,45-54,Male,True
CUST_14557,18-24,Female,True
CUST_14558,35-44,Male,True
CUST_14559,55+,Male,True
CUST_14560,35-44,Male,True
CUST_14561,25-34,Female,True
CUST_14562,25-34,Female,True
CUST_14563,45-54,Male,True
CUST_14564,25-34,Female,True
CUST_14565,25-34,Male,True
CUST_14566,45-54,"Prefer not to say",True
CUST_14567,45-54,Male,True
CUST_14568,35-44,Male,False
CUST_14569,25-34,Female,True
CUST_14570,35-44,Female,True
CUST_14571,45-54,Male,True
CUST_14572,45-54,Female,True
CUST_14573,25-34,Male,True
CUST_14574,35-44,Male,True
CUST_14575,25-34,Male,True
CUST_14576,18-24,Female,True
CUST_14577,35-44,Female,True
CUST_14578,35-44,Male,True
CUST_14579,25-34,Female,True
CUST_14580,18-24,Male,True
CUST_14581,18-24,Male,True
CUST_14582,55+,Female,True
CUST_14583,45-54,Female,True
CUST_14584,18-24,"Prefer not to say",True
CUST_14585,25-34,Male,True
CUST_14586,35-44,Female,True
CUST_14587,35-44,Male,True
CUST_14588,18-24,Male,True
CUST_14589,18-24,Male,True
CUST_14590,25-34,Male,True
CUST_14591,18-24,Male,True
CUST_14592,35-44,Female,True
CUST_14593,35-44,Female,True
CUST_14594,35-44,Male,True
CUST_14595,18-24,Male,True
CUST_14596,35-44,Non-binary,True
CUST_14597,18-24,Female,True
CUST_14598,25-34,Female,True
CUST_14599,25-34,"Prefer not to say",True
CUST_14600,35-44,Male,True
CUST_14601,45-54,Female,True
CUST_14602,45-54,Non-binary,True
CUST_14603,25-34,Male,True
CUST_14604,35-44,Female,False
CUST_14605,18-24,Female,True
CUST_14606,35-44,Female,True
CUST_14607,25-34,Female,True
CUST_14608,45-54,Female,True
CUST_14609,45-54,Female,True
CUST_14610,25-34,Male,True
CUST_14611,18-24,Female,True
CUST_14612,25-34,Male,True
CUST_14613,25-34,Female,True
CUST_14614,55+,Male,True
CUST_14615,25-34,Non-binary,True
CUST_14616,25-34,Male,True
CUST_14617,25-34,Female,True
CUST_14618,35-44,Male,True
CUST_14619,18-24,Female,True
CUST_14620,18-24,Female,True
CUST_14621,55+,Female,True
CUST_14622,45-54,"Prefer not to say",True
CUST_14623,55+,Female,True
CUST_14624,35-44,Female,True
CUST_14625,18-24,Female,True
CUST_14626,18-24,Female,True
CUST_14627,18-24,"Prefer not to say",True
CUST_14628,18-24,Male,True
CUST_14629,25-34,Male,False
CUST_14630,35-44,Male,True
CUST_14631,18-24,Female,False
CUST_14632,35-44,Male,True
CUST_14633,35-44,Male,True
CUST_14634,25-34,Female,True
CUST_14635,25-34,Non-binary,True
CUST_14636,25-34,Female,True
CUST_14637,45-54,Female,True
CUST_14638,35-44,Female,True
CUST_14639,25-34,Female,True
CUST_14640,25-34,"Prefer not to say",True
CUST_14641,35-44,"Prefer not to say",True
CUST_14642,35-44,Female,True
CUST_14643,35-44,Female,True
CUST_14644,18-24,Female,True
CUST_14645,45-54,Female,True
CUST_14646,25-34,Male,False
CUST_14647,55+,Male,True
CUST_14648,45-54,Female,True
CUST_14649,35-44,Male,True
CUST_14650,55+,Female,True
CUST_14651,25-34,Female,True
CUST_14652,35-44,Female,True
CUST_14653,35-44,Male,True
CUST_14654,18-24,Female,True
CUST_14655,25-34,Female,True
CUST_14656,25-34,"Prefer not to say",True
CUST_14657,45-54,Female,True
CUST_14658,25-34,Male,True
CUST_14659,25-34,Female,True
CUST_14660,35-44,Male,True
CUST_14661,18-24,Female,True
CUST_14662,45-54,Male,True
CUST_14663,55+,Female,False
CUST_14664,45-54,Female,True
CUST_14665,45-54,Male,True
CUST_14666,18-24,Male,True
CUST_14667,35-44,Male,True
CUST_14668,35-44,Female,True
CUST_14669,25-34,Female,True
CUST_14670,45-54,Female,True
CUST_14671,55+,Male,True
CUST_14672,18-24,Female,True
CUST_14673,45-54,Female,True
CUST_14674,35-44,Female,True
CUST_14675,35-44,Male,True
CUST_14676,25-34,Male,True
CUST_14677,35-44,Male,True
CUST_14678,35-44,Female,True
CUST_14679,45-54,Non-binary,True
CUST_14680,18-24,Male,True
CUST_14681,18-24,Female,True
CUST_14682,25-34,Female,True
CUST_14683,45-54,Male,True
CUST_14684,25-34,Male,True
CUST_14685,25-34,Female,True
CUST_14686,18-24,Female,True
CUST_14687,18-24,Male,True
CUST_14688,55+,Male,True
CUST_14689,25-34,Male,True
CUST_14690,45-54,Female,True
CUST_14691,18-24,Male,True
CUST_14692,18-24,Male,True
CUST_14693,18-24,"Prefer not to say",True
CUST_14694,25-34,"Prefer not to say",True
CUST_14695,25-34,Male,True
CUST_14696,45-54,Male,True
CUST_14697,55+,Male,True
CUST_14698,18-24,Non-binary,True
CUST_14699,55+,Male,True
CUST_14700,18-24,Non-binary,False
CUST_14701,45-54,"Prefer not to say",True
CUST_14702,25-34,Female,True
CUST_14703,25-34,Female,True
CUST_14704,35-44,Male,True
CUST_14705,18-24,Female,True
CUST_14706,18-24,Male,True
CUST_14707,25-34,Female,True
CUST_14708,25-34,Male,True
CUST_14709,35-44,Male,True
CUST_14710,45-54,Female,True
CUST_14711,55+,Male,False
CUST_14712,45-54,Female,True
CUST_14713,45-54,Male,False
CUST_14714,55+,Male,True
CUST_14715,55+,Male,True
CUST_14716,25-34,Male,True
CUST_14717,55+,Male,True
CUST_14718,35-44,Male,True
CUST_14719,25-34,Female,True
CUST_14720,45-54,Male,False
CUST_14721,18-24,Female,True
CUST_14722,45-54,Male,False
CUST_14723,35-44,Male,True
CUST_14724,45-54,Male,True
CUST_14725,18-24,Female,True
CUST_14726,35-44,Female,True
CUST_14727,35-44,Female,True
CUST_14728,18-24,Female,True
CUST_14729,35-44,Male,True
CUST_14730,25-34,Non-binary,True
CUST_14731,18-24,Female,True
CUST_14732,18-24,Male,True
CUST_14733,25-34,Female,True
CUST_14734,35-44,Female,True
CUST_14735,35-44,Female,True
CUST_14736,25-34,Male,True
CUST_14737,25-34,Female,True
CUST_14738,18-24,Male,True
CUST_14739,25-34,Female,True
CUST_14740,55+,Male,True
CUST_14741,25-34,Male,True
CUST_14742,35-44,Female,True
CUST_14743,35-44,Female,True
CUST_14744,35-44,Male,True
CUST_14745,55+,Female,True
CUST_14746,25-34,Male,True
CUST_14747,55+,Female,True
CUST_14748,25-34,Female,True
CUST_14749,25-34,Male,False
CUST_14750,45-54,Male,True
CUST_14751,25-34,Female,True
CUST_14752,35-44,Male,True
CUST_14753,35-44,Male,True
CUST_14754,25-34,Male,True
CUST_14755,35-44,Female,True
CUST_14756,25-34,Female,True
CUST_14757,55+,Female,True
CUST_14758,35-44,Male,True
CUST_14759,25-34,Female,True
CUST_14760,18-24,"Prefer not to say",True
CUST_14761,25-34,Female,True
CUST_14762,18-24,Female,True
CUST_14763,35-44,Female,True
CUST_14764,55+,Female,True
CUST_14765,35-44,Male,True
CUST_14766,25-34,Female,True
CUST_14767,18-24,Male,True
CUST_14768,35-44,Male,True
CUST_14769,35-44,Female,True
CUST_14770,55+,Female,True
CUST_14771,45-54,Female,True
CUST_14772,35-44,Male,True
CUST_14773,18-24,Male,True
CUST_14774,45-54,Female,True
CUST_14775,35-44,Female,True
CUST_14776,45-54,Male,True
CUST_14777,25-34,"Prefer not to say",True
CUST_14778,25-34,Female,True
CUST_14779,45-54,Female,True
CUST_14780,35-44,Female,True
CUST_14781,25-34,Female,True
CUST_14782,25-34,Female,True
CUST_14783,45-54,Male,True
CUST_14784,35-44,Male,True
CUST_14785,18-24,Female,True
CUST_14786,18-24,Male,True
CUST_14787,25-34,Female,True
CUST_14788,25-34,Female,True
CUST_14789,25-34,Female,False
CUST_14790,55+,Male,True
CUST_14791,35-44,Female,True
CUST_14792,55+,Male,True
CUST_14793,25-34,Female,True
CUST_14794,25-34,Female,True
CUST_14795,25-34,Male,True
CUST_14796,35-44,Male,True
CUST_14797,18-24,Male,True
CUST_14798,25-34,Male,True
CUST_14799,18-24,Female,True
CUST_14800,18-24,Male,True
CUST_14801,45-54,Female,True
CUST_14802,25-34,Female,True
CUST_14803,25-34,Female,True
CUST_14804,18-24,Female,True
CUST_14805,35-44,Female,True
CUST_14806,35-44,Female,True
CUST_14807,18-24,Female,True
CUST_14808,25-34,Female,True
CUST_14809,25-34,Male,True
CUST_14810,55+,Male,True
CUST_14811,25-34,Female,True
CUST_14812,35-44,Male,True
CUST_14813,18-24,Female,True
CUST_14814,25-34,Female,True
CUST_14815,35-44,Female,True
CUST_14816,25-34,Female,True
CUST_14817,18-24,Male,True
CUST_14818,55+,Male,False
CUST_14819,45-54,Female,True
CUST_14820,35-44,Male,True
CUST_14821,25-34,Male,True
CUST_14822,25-34,Non-binary,True
CUST_14823,18-24,"Prefer not to say",True
CUST_14824,45-54,Female,True
CUST_14825,35-44,Male,True
CUST_14826,18-24,Male,True
CUST_14827,25-34,Non-binary,True
CUST_14828,45-54,Female,True
CUST_14829,25-34,Non-binary,True
CUST_14830,18-24,Male,True
CUST_14831,45-54,Female,False
CUST_14832,35-44,Male,True
CUST_14833,55+,Female,True
CUST_14834,25-34,Female,True
CUST_14835,25-34,"Prefer not to say",True
CUST_14836,25-34,Male,True
CUST_14837,35-44,Male,True
CUST_14838,45-54,Female,True
CUST_14839,35-44,Male,True
CUST_14840,55+,Male,True
CUST_14841,25-34,Male,True
CUST_14842,55+,Male,True
CUST_14843,18-24,Female,True
CUST_14844,45-54,Female,True
CUST_14845,25-34,Female,True
CUST_14846,55+,Female,True
CUST_14847,25-34,Male,True
CUST_14848,25-34,Male,True
CUST_14849,18-24,Female,True
CUST_14850,35-44,Female,True
CUST_14851,35-44,Male,True
CUST_14852,35-44,Male,True
CUST_14853,25-34,Female,False
CUST_14854,35-44,Female,True
CUST_14855,35-44,Male,True
CUST_14856,45-54,"Prefer not to say",True
CUST_14857,18-24,Non-binary,True
CUST_14858,25-34,Female,True
CUST_14859,25-34,Female,True
CUST_14860,35-44,Male,True
CUST_14861,18-24,Female,True
CUST_14862,35-44,Male,True
CUST_14863,45-54,Female,True
CUST_14864,18-24,Female,True
CUST_14865,18-24,Male,True
CUST_14866,25-34,Female,True
CUST_14867,25-34,Male,True
CUST_14868,25-34,Female,True
CUST_14869,25-34,Male,True
CUST_14870,25-34,Female,True
CUST_14871,35-44,Female,True
CUST_14872,35-44,Female,True
CUST_14873,25-34,Male,True
CUST_14874,18-24,Male,True
CUST_14875,55+,Male,True
CUST_14876,35-44,Female,True
CUST_14877,35-44,"Prefer not to say",True
CUST_14878,35-44,Male,True
CUST_14879,35-44,Non-binary,True
CUST_14880,18-24,Female,True
CUST_14881,35-44,Male,True
CUST_14882,45-54,Male,True
CUST_14883,35-44,Male,True
CUST_14884,25-34,Male,True
CUST_14885,35-44,Female,True
CUST_14886,35-44,Male,True
CUST_14887,45-54,Female,True
CUST_14888,25-34,Male,True
CUST_14889,45-54,Male,True
CUST_14890,25-34,Female,True
CUST_14891,18-24,Female,True
CUST_14892,18-24,Female,True
CUST_14893,18-24,Male,True
CUST_14894,25-34,Male,True
CUST_14895,25-34,"Prefer not to say",True
CUST_14896,18-24,Male,True
CUST_14897,18-24,Female,True
CUST_14898,35-44,Male,True
CUST_14899,25-34,Female,True
CUST_14900,35-44,Male,False
CUST_14901,25-34,Female,True
CUST_14902,25-34,Female,True
CUST_14903,25-34,Female,True
CUST_14904,35-44,Female,True
CUST_14905,35-44,Female,True
CUST_14906,35-44,Female,True
CUST_14907,18-24,Male,True
CUST_14908,35-44,Male,True
CUST_14909,18-24,Male,True
CUST_14910,25-34,Non-binary,True
CUST_14911,35-44,Male,True
CUST_14912,18-24,Female,True
CUST_14913,55+,Female,True
CUST_14914,35-44,Female,True
CUST_14915,55+,Male,True
CUST_14916,25-34,Non-binary,True
CUST_14917,18-24,Male,True
CUST_14918,18-24,Female,True
CUST_14919,25-34,Male,True
CUST_14920,45-54,Male,True
CUST_14921,25-34,"Prefer not to say",True
CUST_14922,18-24,Female,True
CUST_14923,45-54,Female,True
CUST_14924,18-24,Male,True
CUST_14925,55+,Male,True
CUST_14926,45-54,Male,True
CUST_14927,55+,Female,True
CUST_14928,35-44,Male,True
CUST_14929,18-24,Male,True
CUST_14930,35-44,Male,True
CUST_14931,18-24,Female,True
CUST_14932,45-54,"Prefer not to say",True
CUST_14933,55+,Female,True
CUST_14934,35-44,Female,True
CUST_14935,35-44,Non-binary,True
CUST_14936,55+,Female,True
CUST_14937,45-54,Non-binary,True
CUST_14938,25-34,Female,True
CUST_14939,18-24,Male,True
CUST_14940,35-44,Male,True
CUST_14941,35-44,Female,True
CUST_14942,45-54,Female,True
CUST_14943,18-24,Female,True
CUST_14944,35-44,Male,False
CUST_14945,35-44,Female,True
CUST_14946,55+,Male,True
CUST_14947,18-24,Male,True
CUST_14948,45-54,Female,True
CUST_14949,25-34,Female,True
CUST_14950,18-24,Male,True
CUST_14951,18-24,Male,True
CUST_14952,25-34,Female,True
CUST_14953,35-44,Female,True
CUST_14954,35-44,Female,True
CUST_14955,55+,Female,True
CUST_14956,45-54,Female,True
CUST_14957,35-44,Female,True
CUST_14958,35-44,Male,True
CUST_14959,35-44,"Prefer not to say",True
CUST_14960,25-34,Male,True
CUST_14961,18-24,Male,False
CUST_14962,18-24,Male,True
CUST_14963,25-34,Female,True
CUST_14964,25-34,Male,True
CUST_14965,18-24,Female,True
CUST_14966,35-44,Male,True
CUST_14967,25-34,Female,True
CUST_14968,25-34,Male,True
CUST_14969,35-44,Male,True
CUST_14970,35-44,Non-binary,True
CUST_14971,25-34,Female,True
CUST_14972,35-44,Male,True
CUST_14973,25-34,Male,True
CUST_14974,25-34,Female,True
CUST_14975,18-24,Male,True
CUST_14976,35-44,Female,True
CUST_14977,35-44,Female,True
CUST_14978,55+,Male,True
CUST_14979,45-54,Female,True
CUST_14980,25-34,Male,True
CUST_14981,25-34,Female,True
CUST_14982,35-44,Female,True
CUST_14983,55+,Male,False
CUST_14984,35-44,Female,True
CUST_14985,18-24,"Prefer not to say",True
CUST_14986,18-24,Male,True
CUST_14987,35-44,Male,True
CUST_14988,35-44,Female,True
CUST_14989,45-54,Female,True
CUST_14990,55+,Male,True
CUST_14991,45-54,Female,True
CUST_14992,35-44,Male,True
CUST_14993,25-34,Male,True
CUST_14994,18-24,Female,True
CUST_14995,25-34,Male,True
CUST_14996,25-34,Female,True
CUST_14997,25-34,Male,True
CUST_14998,55+,Male,True
CUST_14999,25-34,Male,True
CUST_15000,35-44,Female,True
